key,method,problem,status,enc_time,total_solve_time,vars,cls,lits
1,SavileRow (GT),./experiments/mbssp-control/lps/1/001.lp,Sat,5.7275944,0.10697017,45394,2797667,8371058
1,SavileRow (GT),./experiments/mbkp-control/lps/1/1_00.lp,Unknown,133.7608,,554139,108858456,326369662
2,SavileRow (SWC),./experiments/mbkp-control/lps/1/1_00.lp,Unknown,13.73797,,1808010,18196020,50251060
2,SavileRow (SWC),./experiments/mbssp-control/lps/1/001.lp,Sat,3.2098475,54.75313,575407,1123872,2780398
3,SavileRow (BDD),./experiments/mbssp-control/lps/1/001.lp,Unknown,2.355957,,147089,283210,702540
3,SavileRow (BDD),./experiments/mbkp-control/lps/1/1_00.lp,Unknown,8.179087,,570086,5584844,15300074
4,SavileRow (GPW),./experiments/mbkp-control/lps/1/1_00.lp,Unsat,3.0545409,11.735484,83216,288603,727336
4,SavileRow (GPW),./experiments/mbssp-control/lps/1/001.lp,Sat,1.6398065,4.9885845,18336,84236,234352
6,SavileRow (GMTO),./experiments/mbkp-control/lps/1/1_00.lp,Unsat,4.08605,1.6003247,49635,179137,483994
6,SavileRow (GMTO),./experiments/mbssp-control/lps/1/001.lp,Sat,1.6855149,7.7022886,17518,38256,111304
7,Fun-sCOP (),./experiments/mbssp-control/lps/1/001.lp,Unknown,4.288991,,150657,426713,1255069
7,Fun-sCOP (),./experiments/mbkp-control/lps/1/1_00.lp,Unsat,12.345813,15.934329,1172227,3297688,9566893
10,Picat-SAT,./experiments/mbkp-control/lps/1/1_00.lp,Unsat,1.1562222,20.743628,26703,208925,943531
10,Picat-SAT,./experiments/mbssp-control/lps/1/001.lp,Sat,1.0021813,11.174255,4737,28117,106420
11,SavileRow (GT),./experiments/mbkp-control/lps/1/2_00.lp,Unknown,104.445984,,552419,107604417,322607819
11,SavileRow (GT),./experiments/mbssp-control/lps/1/002.lp,Sat,5.930014,0.16174923,47887,3477437,10410118
12,SavileRow (SWC),./experiments/mbssp-control/lps/1/002.lp,Unknown,2.8785682,,599626,1171068,2897126
12,SavileRow (SWC),./experiments/mbkp-control/lps/1/2_00.lp,Unknown,15.284819,,1796940,18084150,49932000
13,SavileRow (BDD),./experiments/mbkp-control/lps/1/2_00.lp,Unknown,7.901841,,554198,5392288,14731164
13,SavileRow (BDD),./experiments/mbssp-control/lps/1/002.lp,Unknown,2.5028648,,154991,298376,740140
14,SavileRow (GPW),./experiments/mbssp-control/lps/1/002.lp,Sat,1.7025182,37.924446,19180,90136,251208
14,SavileRow (GPW),./experiments/mbkp-control/lps/1/2_00.lp,Unsat,3.2777855,12.44804,83452,289613,730174
16,SavileRow (GMTO),./experiments/mbkp-control/lps/1/2_00.lp,Unsat,3.9972713,4.9371014,49559,179119,484424
16,SavileRow (GMTO),./experiments/mbssp-control/lps/1/002.lp,Sat,1.7738214,43.76493,17388,38754,113619
17,Fun-sCOP (),./experiments/mbssp-control/lps/1/002.lp,Unknown,4.092442,,158093,448027,1318005
17,Fun-sCOP (),./experiments/mbkp-control/lps/1/2_00.lp,Unsat,12.709859,20.576433,1163675,3270350,9484418
20,Picat-SAT,./experiments/mbkp-control/lps/1/2_00.lp,Unsat,1.3203752,14.345243,26680,208540,939739
20,Picat-SAT,./experiments/mbssp-control/lps/1/002.lp,Sat,0.98364145,11.25788,4831,29085,111110
21,SavileRow (GT),./experiments/mbkp-control/lps/1/3_00.lp,Unknown,151.94797,,556124,109310451,327724583
21,SavileRow (GT),./experiments/mbssp-control/lps/1/003.lp,Sat,5.707233,0.14281954,48174,3323634,9948110
22,SavileRow (SWC),./experiments/mbkp-control/lps/1/3_00.lp,Unknown,15.100141,,1814220,18257125,50412300
22,SavileRow (SWC),./experiments/mbssp-control/lps/1/003.lp,Sat,3.2429614,50.39467,607387,1186200,2934568
23,SavileRow (BDD),./experiments/mbssp-control/lps/1/003.lp,Unknown,2.0767338,,149431,287180,712103
23,SavileRow (BDD),./experiments/mbkp-control/lps/1/3_00.lp,Unknown,8.895271,,555066,5398464,14748967
24,SavileRow (GPW),./experiments/mbssp-control/lps/1/003.lp,Sat,1.661141,32.407265,19183,89799,250194
24,SavileRow (GPW),./experiments/mbkp-control/lps/1/3_00.lp,Unsat,3.0450552,12.106644,82919,287356,724073
26,SavileRow (GMTO),./experiments/mbkp-control/lps/1/3_00.lp,Unsat,3.5430062,3.4378607,49632,178906,483317
26,SavileRow (GMTO),./experiments/mbssp-control/lps/1/003.lp,Sat,2.0767798,35.751465,17482,38550,112510
27,Fun-sCOP (),./experiments/mbssp-control/lps/1/003.lp,Unknown,4.6175613,,152314,430760,1266280
27,Fun-sCOP (),./experiments/mbkp-control/lps/1/3_00.lp,Unsat,11.965853,27.22473,1147224,3224021,9350298
30,Picat-SAT,./experiments/mbssp-control/lps/1/003.lp,Sat,0.89904505,12.666855,4858,29169,111251
30,Picat-SAT,./experiments/mbkp-control/lps/1/3_00.lp,Unsat,1.358741,35.414005,26761,207895,935766
31,SavileRow (GT),./experiments/mbssp-control/lps/1/004.lp,Sat,5.799515,0.18163289,47373,3342595,10005417
31,SavileRow (GT),./experiments/mbkp-control/lps/1/4_00.lp,Unknown,103.542404,,559244,108815946,326237059
32,SavileRow (SWC),./experiments/mbssp-control/lps/1/004.lp,Unknown,2.6804411,,589759,1151830,2849530
32,SavileRow (SWC),./experiments/mbkp-control/lps/1/4_00.lp,Unknown,12.536371,,1820160,18311685,50564430
33,SavileRow (BDD),./experiments/mbkp-control/lps/1/4_00.lp,Unknown,8.203421,,570044,5565056,15236934
33,SavileRow (BDD),./experiments/mbssp-control/lps/1/004.lp,Sat,2.3082588,30.24873,154927,298235,739770
34,SavileRow (GPW),./experiments/mbkp-control/lps/1/4_00.lp,Unsat,3.1331758,19.053892,82925,287471,724498
34,SavileRow (GPW),./experiments/mbssp-control/lps/1/004.lp,Sat,1.6542147,8.960059,18685,86511,240828
36,SavileRow (GMTO),./experiments/mbkp-control/lps/1/4_00.lp,Unsat,3.741665,4.587186,49630,178686,483254
36,SavileRow (GMTO),./experiments/mbssp-control/lps/1/004.lp,Sat,1.7923365,14.095004,17666,38383,111329
37,Fun-sCOP (),./experiments/mbkp-control/lps/1/4_00.lp,Unsat,12.062313,18.79755,1148229,3228186,9363402
37,Fun-sCOP (),./experiments/mbssp-control/lps/1/004.lp,Unknown,4.5115595,,157747,447287,1316075
40,Picat-SAT,./experiments/mbssp-control/lps/1/004.lp,Sat,0.9457831,31.775879,4766,28718,109176
40,Picat-SAT,./experiments/mbkp-control/lps/1/4_00.lp,Unsat,1.9249617,12.3803625,26816,212644,966357
41,SavileRow (GT),./experiments/mbkp-control/lps/1/1_01.lp,Unknown,143.50441,,560765,111878586,335430035
41,SavileRow (GT),./experiments/mbssp-control/lps/1/005.lp,Sat,5.765457,0.18947776,47203,3408490,10203295
42,SavileRow (SWC),./experiments/mbssp-control/lps/1/005.lp,Sat,2.9375904,47.602245,583831,1140298,2821020
42,SavileRow (SWC),./experiments/mbkp-control/lps/1/1_01.lp,Unknown,14.731245,,1841760,18526020,51211060
43,SavileRow (BDD),./experiments/mbkp-control/lps/1/1_01.lp,Unknown,8.19918,,574327,5617225,15406010
43,SavileRow (BDD),./experiments/mbssp-control/lps/1/005.lp,Sat,2.2468557,26.849918,154157,296853,736392
44,SavileRow (GPW),./experiments/mbssp-control/lps/1/005.lp,Sat,1.9585052,3.8925264,18537,85459,237820
44,SavileRow (GPW),./experiments/mbkp-control/lps/1/1_01.lp,Unsat,3.0629551,19.08246,83213,288622,727396
46,SavileRow (GMTO),./experiments/mbssp-control/lps/1/005.lp,Sat,2.0221775,2.8538198,17593,37478,107945
46,SavileRow (GMTO),./experiments/mbkp-control/lps/1/1_01.lp,Unsat,3.405652,1.8866907,49719,179112,483739
47,Fun-sCOP (),./experiments/mbssp-control/lps/1/005.lp,Sat,4.2072825,36.64791,157037,445435,1310801
47,Fun-sCOP (),./experiments/mbkp-control/lps/1/1_01.lp,Unsat,12.4832535,23.71258,1181989,3324498,9647455
50,Picat-SAT,./experiments/mbssp-control/lps/1/005.lp,Sat,0.9146627,2.185861,4762,28503,108551
50,Picat-SAT,./experiments/mbkp-control/lps/1/1_01.lp,Unsat,1.2332069,24.287497,26766,209212,944227
51,SavileRow (GT),./experiments/mbkp-control/lps/1/2_01.lp,Unknown,151.66734,,559346,110771060,332107734
51,SavileRow (GT),./experiments/mbssp-control/lps/1/006.lp,Sat,5.7962203,0.1743029,46429,2828685,8463460
52,SavileRow (SWC),./experiments/mbkp-control/lps/1/2_01.lp,Unknown,15.169578,,1831680,18423830,50920160
52,SavileRow (SWC),./experiments/mbssp-control/lps/1/006.lp,Unknown,2.389589,,599470,1170760,2896364
53,SavileRow (BDD),./experiments/mbkp-control/lps/1/2_01.lp,Unknown,8.152126,,558345,5423511,14833695
53,SavileRow (BDD),./experiments/mbssp-control/lps/1/006.lp,Sat,2.1344643,20.71261,146476,281856,699081
54,SavileRow (GPW),./experiments/mbkp-control/lps/1/2_01.lp,Unsat,2.8535526,18.317661,83417,289297,729261
54,SavileRow (GPW),./experiments/mbssp-control/lps/1/006.lp,Sat,1.7775617,4.3439536,19660,93304,260232
56,SavileRow (GMTO),./experiments/mbssp-control/lps/1/006.lp,Sat,1.8478949,10.840532,17685,39116,114158
56,SavileRow (GMTO),./experiments/mbkp-control/lps/1/2_01.lp,Unsat,3.4828734,4.151276,49601,179099,484331
57,Fun-sCOP (),./experiments/mbkp-control/lps/1/2_01.lp,Unsat,12.089777,29.564457,1173514,3297371,9565559
57,Fun-sCOP (),./experiments/mbssp-control/lps/1/006.lp,Sat,4.3851933,34.420734,150177,424789,1248801
60,Picat-SAT,./experiments/mbssp-control/lps/1/006.lp,Sat,0.9196111,7.017691,4817,29095,110245
60,Picat-SAT,./experiments/mbkp-control/lps/1/2_01.lp,Unsat,1.1572249,26.287123,26713,208730,940492
61,SavileRow (GT),./experiments/mbkp-control/lps/1/3_01.lp,Unknown,153.55505,,562845,112449664,337142206
61,SavileRow (GT),./experiments/mbssp-control/lps/1/007.lp,Sat,7.1443267,0.18448262,48016,3393613,10158047
62,SavileRow (SWC),./experiments/mbssp-control/lps/1/007.lp,Unknown,2.7148066,,594361,1160814,2871764
62,SavileRow (SWC),./experiments/mbkp-control/lps/1/3_01.lp,Unknown,14.680462,,1848150,18588885,51377420
63,SavileRow (BDD),./experiments/mbssp-control/lps/1/007.lp,Unknown,2.4421484,,157882,303739,753347
63,SavileRow (BDD),./experiments/mbkp-control/lps/1/3_01.lp,Unknown,8.123855,,559137,5428971,14848063
64,SavileRow (GPW),./experiments/mbssp-control/lps/1/007.lp,Sat,1.814754,13.032379,19212,90090,251038
64,SavileRow (GPW),./experiments/mbkp-control/lps/1/3_01.lp,Unsat,3.096331,16.849066,82905,287218,723673
66,SavileRow (GMTO),./experiments/mbkp-control/lps/1/3_01.lp,Unsat,3.8252215,5.09372,49650,178888,483229
66,SavileRow (GMTO),./experiments/mbssp-control/lps/1/007.lp,Sat,1.7712886,34.462543,17657,38590,112271
67,Fun-sCOP (),./experiments/mbkp-control/lps/1/3_01.lp,Unsat,12.073185,41.5957,1156543,3249620,9427185
67,Fun-sCOP (),./experiments/mbssp-control/lps/1/007.lp,Unknown,4.40643,,160186,454302,1336820
70,Picat-SAT,./experiments/mbssp-control/lps/1/007.lp,Sat,0.83253264,54.875645,4840,29489,112742
70,Picat-SAT,./experiments/mbkp-control/lps/1/3_01.lp,Unsat,1.2810194,34.75044,26777,207932,935910
71,SavileRow (GT),./experiments/mbkp-control/lps/1/4_01.lp,Unknown,141.2362,,566011,111798965,335186108
71,SavileRow (GT),./experiments/mbssp-control/lps/1/008.lp,Sat,6.4792404,0.1752567,48017,3288216,9841912
72,SavileRow (SWC),./experiments/mbkp-control/lps/1/4_01.lp,Unknown,13.544794,,1855350,18655765,51565390
72,SavileRow (SWC),./experiments/mbssp-control/lps/1/008.lp,Unknown,2.698357,,608908,1189158,2941890
73,SavileRow (BDD),./experiments/mbkp-control/lps/1/4_01.lp,Unknown,9.809538,,574338,5597826,15343722
73,SavileRow (BDD),./experiments/mbssp-control/lps/1/008.lp,Unknown,2.6790266,,158493,305655,758468
74,SavileRow (GPW),./experiments/mbssp-control/lps/1/008.lp,Sat,2.0120447,10.651612,19198,90158,251256
74,SavileRow (GPW),./experiments/mbkp-control/lps/1/4_01.lp,Unsat,3.7744522,22.80387,82850,286752,722416
76,SavileRow (GMTO),./experiments/mbssp-control/lps/1/008.lp,Sat,1.7617662,4.140366,17741,38583,111969
76,SavileRow (GMTO),./experiments/mbkp-control/lps/1/4_01.lp,Unsat,3.8955042,4.7790537,49700,178635,483031
77,Fun-sCOP (),./experiments/mbssp-control/lps/1/008.lp,Unknown,4.233887,,162892,461944,1359302
77,Fun-sCOP (),./experiments/mbkp-control/lps/1/4_01.lp,Unsat,12.318133,36.916046,1158068,3255217,9444569
80,Picat-SAT,./experiments/mbkp-control/lps/1/4_01.lp,Unsat,1.258682,33.209793,26866,212837,967212
80,Picat-SAT,./experiments/mbssp-control/lps/1/008.lp,Unknown,0.56357753,,4731,28685,109058
81,SavileRow (GT),./experiments/mbkp-control/lps/1/1_02.lp,Unknown,163.09724,,567688,114922606,344562074
81,SavileRow (GT),./experiments/mbssp-control/lps/1/009.lp,Sat,5.348471,0.1597319,44537,2186420,6536994
82,SavileRow (SWC),./experiments/mbssp-control/lps/1/009.lp,Unknown,2.5438337,,617644,1206170,2983948
82,SavileRow (SWC),./experiments/mbkp-control/lps/1/1_02.lp,Unknown,16.45673,,1878300,18883300,52250420
83,SavileRow (BDD),./experiments/mbkp-control/lps/1/1_02.lp,Unknown,8.878184,,578540,5648479,15509380
83,SavileRow (BDD),./experiments/mbssp-control/lps/1/009.lp,Sat,2.223492,20.875694,134869,258096,639418
84,SavileRow (GPW),./experiments/mbssp-control/lps/1/009.lp,Sat,1.6938269,3.682211,18620,85365,237455
84,SavileRow (GPW),./experiments/mbkp-control/lps/1/1_02.lp,Unsat,3.0050545,24.506916,83194,288392,726725
86,SavileRow (GMTO),./experiments/mbkp-control/lps/1/1_02.lp,Unsat,3.6514697,6.0350533,49771,179076,483612
86,SavileRow (GMTO),./experiments/mbssp-control/lps/1/009.lp,Sat,1.7688587,9.357765,17846,38203,110017
87,Fun-sCOP (),./experiments/mbkp-control/lps/1/1_02.lp,Unsat,14.05236,51.84308,1192132,3352467,9731406
87,Fun-sCOP (),./experiments/mbssp-control/lps/1/009.lp,Unknown,4.002814,,137990,387698,1136994
90,Picat-SAT,./experiments/mbkp-control/lps/1/1_02.lp,Unsat,1.3921041,31.092037,26811,209469,945205
90,Picat-SAT,./experiments/mbssp-control/lps/1/009.lp,Sat,0.98019063,14.384626,4724,28331,107136
91,SavileRow (GT),./experiments/mbkp-control/lps/1/2_02.lp,Unknown,104.69371,,566305,113884821,341448987
91,SavileRow (GT),./experiments/mbssp-control/lps/1/010.lp,Sat,5.4541626,0.14391708,46907,3019181,9034983
92,SavileRow (SWC),./experiments/mbkp-control/lps/1/2_02.lp,Unknown,17.351734,,1867590,18774950,51941600
92,SavileRow (SWC),./experiments/mbssp-control/lps/1/010.lp,Sat,2.9757977,57.285564,593230,1158616,2866326
93,SavileRow (BDD),./experiments/mbkp-control/lps/1/2_02.lp,Unknown,8.125701,,562292,5452100,14929286
93,SavileRow (BDD),./experiments/mbssp-control/lps/1/010.lp,Unknown,2.4986868,,147053,282287,699805
94,SavileRow (GPW),./experiments/mbkp-control/lps/1/2_02.lp,Unsat,3.004435,22.511389,83431,289431,729649
94,SavileRow (GPW),./experiments/mbssp-control/lps/1/010.lp,Sat,1.6609814,8.729963,18663,86187,239878
96,SavileRow (GMTO),./experiments/mbssp-control/lps/1/010.lp,Sat,1.8166621,2.5255413,17723,38060,109829
96,SavileRow (GMTO),./experiments/mbkp-control/lps/1/2_02.lp,Unsat,3.583507,4.8204927,49671,179049,484096
97,Fun-sCOP (),./experiments/mbssp-control/lps/1/010.lp,Unknown,4.092976,,149236,421966,1240320
97,Fun-sCOP (),./experiments/mbkp-control/lps/1/2_02.lp,Unsat,12.540536,55.384132,1183467,3324650,9647452
100,Picat-SAT,./experiments/mbkp-control/lps/1/2_02.lp,Unsat,1.1945021,34.250786,26772,208993,941372
100,Picat-SAT,./experiments/mbssp-control/lps/1/010.lp,Sat,0.8966194,24.657696,4733,28321,107631
101,SavileRow (GT),./experiments/mbkp-control/lps/1/3_02.lp,Unknown,148.74152,,569855,115661975,346779117
101,SavileRow (GT),./experiments/mbssp-control/lps/1/011.lp,Sat,5.6635146,0.17799693,45723,2621488,7841636
102,SavileRow (SWC),./experiments/mbkp-control/lps/1/3_02.lp,Unknown,13.494901,,1884510,18944405,52411660
102,SavileRow (SWC),./experiments/mbssp-control/lps/1/011.lp,Sat,2.497007,47.345997,585040,1142654,2826834
103,SavileRow (BDD),./experiments/mbkp-control/lps/1/3_02.lp,Unknown,8.973986,,563150,5458041,14944974
103,SavileRow (BDD),./experiments/mbssp-control/lps/1/011.lp,Unknown,2.4424903,,142446,273657,678529
104,SavileRow (GPW),./experiments/mbssp-control/lps/1/011.lp,Sat,1.8431772,2.9004533,19547,92811,258866
104,SavileRow (GPW),./experiments/mbkp-control/lps/1/3_02.lp,Unsat,3.6934814,23.894491,82866,286904,722770
106,SavileRow (GMTO),./experiments/mbkp-control/lps/1/3_02.lp,Unsat,3.4867513,6.021505,49680,178854,483217
106,SavileRow (GMTO),./experiments/mbssp-control/lps/1/011.lp,Sat,1.9392085,7.9751644,17683,39108,114076
107,Fun-sCOP (),./experiments/mbssp-control/lps/1/011.lp,Unknown,3.9722185,,145259,410625,1206899
107,Fun-sCOP (),./experiments/mbkp-control/lps/1/3_02.lp,Unknown,12.133647,,1166248,3276333,9507454
110,Picat-SAT,./experiments/mbssp-control/lps/1/011.lp,Sat,0.9284381,4.122055,4862,29362,111501
110,Picat-SAT,./experiments/mbkp-control/lps/1/3_02.lp,Unsat,1.2373774,50.749466,26798,207951,936302
111,SavileRow (GT),./experiments/mbssp-control/lps/1/012.lp,Sat,6.8850403,0.14050004,45467,2381881,7122627
111,SavileRow (GT),./experiments/mbkp-control/lps/1/4_02.lp,Unknown,149.3762,,572768,114683795,343840585
112,SavileRow (SWC),./experiments/mbkp-control/lps/1/4_02.lp,Unknown,14.487916,,1891800,19012165,52602190
112,SavileRow (SWC),./experiments/mbssp-control/lps/1/012.lp,Unknown,2.5768192,,595219,1162488,2875908
113,SavileRow (BDD),./experiments/mbkp-control/lps/1/4_02.lp,Unknown,8.6179285,,578480,5628536,15444893
113,SavileRow (BDD),./experiments/mbssp-control/lps/1/012.lp,Sat,2.2310333,8.735015,144713,278151,689744
114,SavileRow (GPW),./experiments/mbkp-control/lps/1/4_02.lp,Unsat,3.1260016,36.34847,82906,287282,723950
114,SavileRow (GPW),./experiments/mbssp-control/lps/1/012.lp,Sat,1.793865,15.384379,19124,90123,251225
116,SavileRow (GMTO),./experiments/mbssp-control/lps/1/012.lp,Sat,1.7037772,2.5621457,17541,38872,113545
116,SavileRow (GMTO),./experiments/mbkp-control/lps/1/4_02.lp,Unsat,7.1315427,6.768067,49754,178608,482884
117,Fun-sCOP (),./experiments/mbkp-control/lps/1/4_02.lp,Unknown,11.749452,,1167942,3282417,9526297
117,Fun-sCOP (),./experiments/mbssp-control/lps/1/012.lp,Unknown,4.3482256,,148151,418577,1230043
120,Picat-SAT,./experiments/mbkp-control/lps/1/4_02.lp,Unsat,1.2448916,30.765924,26915,213127,968183
120,Picat-SAT,./experiments/mbssp-control/lps/1/012.lp,Sat,0.8666488,4.851972,4736,28459,107894
121,SavileRow (GT),./experiments/mbssp-control/lps/1/013.lp,Sat,6.0666227,0.19625312,47907,3059294,9154563
121,SavileRow (GT),./experiments/mbkp-control/lps/1/1_03.lp,Unknown,156.3972,,574395,117717260,352946029
122,SavileRow (SWC),./experiments/mbssp-control/lps/1/013.lp,Unknown,3.021834,,612535,1196226,2959364
122,SavileRow (SWC),./experiments/mbkp-control/lps/1/1_03.lp,Unknown,17.601995,,1915740,19249380,53315380
123,SavileRow (BDD),./experiments/mbssp-control/lps/1/013.lp,Unknown,2.21086,,155504,299295,742373
123,SavileRow (BDD),./experiments/mbkp-control/lps/1/1_03.lp,Unknown,9.090007,,582466,5675965,15603078
124,SavileRow (GPW),./experiments/mbssp-control/lps/1/013.lp,Sat,1.7323484,10.064737,18467,84798,235907
124,SavileRow (GPW),./experiments/mbkp-control/lps/1/1_03.lp,Unsat,3.054089,36.409283,83248,288926,728273
126,SavileRow (GMTO),./experiments/mbssp-control/lps/1/013.lp,Unknown,1.7972512,,17840,38104,109840
126,SavileRow (GMTO),./experiments/mbkp-control/lps/1/1_03.lp,Unsat,3.9068801,3.4831324,49823,179046,483535
127,Fun-sCOP (),./experiments/mbssp-control/lps/1/013.lp,Unknown,4.1921425,,159025,450231,1324031
127,Fun-sCOP (),./experiments/mbkp-control/lps/1/1_03.lp,Unknown,12.912472,,1202174,3380123,9814466
130,Picat-SAT,./experiments/mbkp-control/lps/1/1_03.lp,Unsat,1.2620244,23.83365,26854,209660,945928
130,Picat-SAT,./experiments/mbssp-control/lps/1/013.lp,Unknown,0.8508499,,4845,29211,111516
131,SavileRow (GT),./experiments/mbssp-control/lps/1/014.lp,Sat,5.911224,0.18285425,48826,3584038,10729121
131,SavileRow (GT),./experiments/mbkp-control/lps/1/2_03.lp,Unknown,140.28229,,573013,116761550,350079168
132,SavileRow (SWC),./experiments/mbkp-control/lps/1/2_03.lp,Unknown,20.011541,,1903860,19129590,52973280
132,SavileRow (SWC),./experiments/mbssp-control/lps/1/014.lp,Unknown,2.827331,,606178,1183844,2928744
133,SavileRow (BDD),./experiments/mbssp-control/lps/1/014.lp,Unknown,2.2226565,,164416,316900,786288
133,SavileRow (BDD),./experiments/mbkp-control/lps/1/2_03.lp,Unknown,8.12818,,565959,5477444,15015645
134,SavileRow (GPW),./experiments/mbkp-control/lps/1/2_03.lp,Unsat,2.957623,26.659683,83382,288897,728096
134,SavileRow (GPW),./experiments/mbssp-control/lps/1/014.lp,Sat,1.9446464,29.848263,19055,89292,248801
136,SavileRow (GMTO),./experiments/mbssp-control/lps/1/014.lp,Sat,1.7966974,13.381823,17597,38076,110377
136,SavileRow (GMTO),./experiments/mbkp-control/lps/1/2_03.lp,Unsat,3.5439446,7.1186666,49713,179003,483987
137,Fun-sCOP (),./experiments/mbkp-control/lps/1/2_03.lp,Unknown,13.167058,,1193108,3351091,9726899
137,Fun-sCOP (),./experiments/mbssp-control/lps/1/014.lp,Unknown,4.5546727,,167356,475346,1399496
140,Picat-SAT,./experiments/mbssp-control/lps/1/014.lp,Sat,0.95829713,14.064502,4781,29003,110639
140,Picat-SAT,./experiments/mbkp-control/lps/1/2_03.lp,Unknown,1.2308054,,26805,209132,941969
141,SavileRow (GT),./experiments/mbkp-control/lps/1/3_03.lp,Unknown,146.2402,,576583,118642225,355719848
141,SavileRow (GT),./experiments/mbssp-control/lps/1/015.lp,Sat,5.4332085,0.16318499,45914,2426402,7256006
142,SavileRow (SWC),./experiments/mbkp-control/lps/1/3_03.lp,Unknown,16.979353,,1921140,19302565,53453580
142,SavileRow (SWC),./experiments/mbssp-control/lps/1/015.lp,Sat,2.6798878,50.68354,611053,1193350,2952262
143,SavileRow (BDD),./experiments/mbssp-control/lps/1/015.lp,Sat,2.096204,18.117529,142089,272795,676291
143,SavileRow (BDD),./experiments/mbkp-control/lps/1/3_03.lp,Unknown,8.087367,,566900,5483686,15031555
144,SavileRow (GPW),./experiments/mbssp-control/lps/1/015.lp,Sat,1.7230403,3.4471781,19089,89039,248008
144,SavileRow (GPW),./experiments/mbkp-control/lps/1/3_03.lp,Unsat,2.967087,31.4923,82861,286870,722673
146,SavileRow (GMTO),./experiments/mbssp-control/lps/1/015.lp,Sat,1.7942017,1.7370646,17807,38931,113193
146,SavileRow (GMTO),./experiments/mbkp-control/lps/1/3_03.lp,Unsat,3.6834168,7.148698,49716,178805,483102
147,Fun-sCOP (),./experiments/mbssp-control/lps/1/015.lp,Unknown,3.9783406,,145644,410692,1205992
147,Fun-sCOP (),./experiments/mbkp-control/lps/1/3_03.lp,Unknown,11.793865,,1175792,3302529,9586092
150,Picat-SAT,./experiments/mbkp-control/lps/1/3_03.lp,Unsat,1.3782246,17.234104,26826,208030,936734
150,Picat-SAT,./experiments/mbssp-control/lps/1/015.lp,Sat,1.032166,4.7238026,4901,29434,111319
151,SavileRow (GT),./experiments/mbkp-control/lps/1/4_03.lp,Unknown,151.37059,,579145,117261530,351573790
151,SavileRow (GT),./experiments/mbssp-control/lps/1/016.lp,Sat,6.134957,0.17094798,46621,2887445,8639622
152,SavileRow (SWC),./experiments/mbkp-control/lps/1/4_03.lp,Unknown,14.128164,,1927890,19365045,53628750
152,SavileRow (SWC),./experiments/mbssp-control/lps/1/016.lp,Unknown,2.5383096,,590773,1153816,2854448
153,SavileRow (BDD),./experiments/mbkp-control/lps/1/4_03.lp,Unknown,8.227393,,582169,5654491,15532777
153,SavileRow (BDD),./experiments/mbssp-control/lps/1/016.lp,Unknown,2.2683096,,150605,289710,718529
154,SavileRow (GPW),./experiments/mbssp-control/lps/1/016.lp,Sat,1.628365,9.501485,18921,88485,246514
154,SavileRow (GPW),./experiments/mbkp-control/lps/1/4_03.lp,Unsat,2.9634638,40.65098,82928,287465,724477
156,SavileRow (GMTO),./experiments/mbkp-control/lps/1/4_03.lp,Unsat,4.4742026,9.869584,49832,178640,482881
156,SavileRow (GMTO),./experiments/mbssp-control/lps/1/016.lp,Sat,1.7059757,31.36225,17541,38345,111660
157,Fun-sCOP (),./experiments/mbssp-control/lps/1/016.lp,Unknown,4.4196734,,153446,434558,1278064
157,Fun-sCOP (),./experiments/mbkp-control/lps/1/4_03.lp,Unknown,12.452468,,1177387,3308374,9604290
160,Picat-SAT,./experiments/mbssp-control/lps/1/016.lp,Sat,0.95726806,16.342207,4840,29068,110394
160,Picat-SAT,./experiments/mbkp-control/lps/1/4_03.lp,Unsat,1.2126049,19.515554,26962,213460,969435
161,SavileRow (GT),./experiments/mbkp-control/lps/1/1_04.lp,Memory,,,,,
161,SavileRow (GT),./experiments/mbssp-control/lps/1/017.lp,Sat,5.4772596,0.1758666,47194,3059042,9154390
162,SavileRow (SWC),./experiments/mbkp-control/lps/1/1_04.lp,Unknown,13.88095,,1950480,19589060,54303540
162,SavileRow (SWC),./experiments/mbssp-control/lps/1/017.lp,Unknown,2.9928672,,606217,1183904,2928866
163,SavileRow (BDD),./experiments/mbkp-control/lps/1/1_04.lp,Unknown,8.378903,,585753,5697657,15679188
163,SavileRow (BDD),./experiments/mbssp-control/lps/1/017.lp,Sat,2.1802008,19.4183,156157,299681,742883
164,SavileRow (GPW),./experiments/mbkp-control/lps/1/1_04.lp,Unsat,2.9247723,45.51529,83257,288996,728474
164,SavileRow (GPW),./experiments/mbssp-control/lps/1/017.lp,Sat,1.7331886,9.102912,19030,88610,246780
166,SavileRow (GMTO),./experiments/mbkp-control/lps/1/1_04.lp,Unsat,3.5648181,5.534495,49853,179051,483600
166,SavileRow (GMTO),./experiments/mbssp-control/lps/1/017.lp,Sat,1.7503214,3.7142406,17548,39518,116231
167,Fun-sCOP (),./experiments/mbssp-control/lps/1/017.lp,Unknown,4.4197598,,157393,445667,1310651
167,Fun-sCOP (),./experiments/mbkp-control/lps/1/1_04.lp,Unknown,11.92058,,1211186,3404827,9888810
170,Picat-SAT,./experiments/mbkp-control/lps/1/1_04.lp,Unsat,1.2411246,26.786398,26887,209919,946954
170,Picat-SAT,./experiments/mbssp-control/lps/1/017.lp,Sat,0.98602414,57.570423,4867,29478,112326
171,SavileRow (GT),./experiments/mbssp-control/lps/1/018.lp,Sat,5.9253693,0.19407856,47815,3366138,10075548
171,SavileRow (GT),./experiments/mbkp-control/lps/1/2_04.lp,Memory,,,,,
172,SavileRow (SWC),./experiments/mbssp-control/lps/1/018.lp,Unknown,2.4947016,,584728,1142024,2825278
172,SavileRow (SWC),./experiments/mbkp-control/lps/1/2_04.lp,Unknown,15.453275,,1939680,19479830,53992160
173,SavileRow (BDD),./experiments/mbkp-control/lps/1/2_04.lp,Unknown,8.355189,,569157,5498310,15089432
173,SavileRow (BDD),./experiments/mbssp-control/lps/1/018.lp,Unknown,2.2570858,,156103,300479,745336
174,SavileRow (GPW),./experiments/mbssp-control/lps/1/018.lp,Sat,1.7925117,28.2993,18801,87286,243037
174,SavileRow (GPW),./experiments/mbkp-control/lps/1/2_04.lp,Unsat,2.8139033,36.127396,83395,289014,728434
176,SavileRow (GMTO),./experiments/mbkp-control/lps/1/2_04.lp,Unsat,3.3912053,12.839021,49755,179007,484075
176,SavileRow (GMTO),./experiments/mbssp-control/lps/1/018.lp,Sat,2.019012,7.9269,17699,38438,111520
177,Fun-sCOP (),./experiments/mbssp-control/lps/1/018.lp,Unknown,4.1609817,,158722,450210,1324850
177,Fun-sCOP (),./experiments/mbkp-control/lps/1/2_04.lp,Unknown,12.35173,,1202349,3376336,9802882
180,Picat-SAT,./experiments/mbssp-control/lps/1/018.lp,Sat,0.56833214,22.083977,4792,28910,110173
180,Picat-SAT,./experiments/mbkp-control/lps/1/2_04.lp,Unknown,1.2823231,,26838,209321,942982
181,SavileRow (GT),./experiments/mbssp-control/lps/1/019.lp,Sat,6.370783,0.18281245,47092,3196989,9568359
181,SavileRow (GT),./experiments/mbkp-control/lps/1/3_04.lp,Memory,,,,,
182,SavileRow (SWC),./experiments/mbssp-control/lps/1/019.lp,Unknown,2.6718302,,579736,1132314,2801268
182,SavileRow (SWC),./experiments/mbkp-control/lps/1/3_04.lp,Unknown,16.026955,,1957320,19656325,54482700
183,SavileRow (BDD),./experiments/mbkp-control/lps/1/3_04.lp,Unknown,8.623647,,570130,5504524,15105184
183,SavileRow (BDD),./experiments/mbssp-control/lps/1/019.lp,Unknown,2.4200242,,153914,296052,734233
184,SavileRow (GPW),./experiments/mbssp-control/lps/1/019.lp,Sat,1.6715817,9.631794,19179,90397,251992
184,SavileRow (GPW),./experiments/mbkp-control/lps/1/3_04.lp,Unsat,3.260081,39.33233,82915,287394,724191
186,SavileRow (GMTO),./experiments/mbkp-control/lps/1/3_04.lp,Unsat,3.7328873,11.874253,49782,178835,483096
186,SavileRow (GMTO),./experiments/mbssp-control/lps/1/019.lp,Sat,1.7542558,8.184613,17486,38530,112302
187,Fun-sCOP (),./experiments/mbssp-control/lps/1/019.lp,Sat,4.3754373,43.40231,156243,442885,1302967
187,Fun-sCOP (),./experiments/mbkp-control/lps/1/3_04.lp,Unknown,12.992948,,1184876,3327311,9660658
190,Picat-SAT,./experiments/mbkp-control/lps/1/3_04.lp,Unsat,1.6908967,57.497932,26865,208267,937518
190,Picat-SAT,./experiments/mbssp-control/lps/1/019.lp,Unknown,0.9650748,,4801,29116,110790
191,SavileRow (GT),./experiments/mbkp-control/lps/1/4_04.lp,Memory,,,,,
191,SavileRow (GT),./experiments/mbssp-control/lps/1/020.lp,Sat,8.152692,0.16266222,47253,2946879,8817829
192,SavileRow (SWC),./experiments/mbkp-control/lps/1/4_04.lp,Unknown,16.794373,,1964520,19723205,54670670
192,SavileRow (SWC),./experiments/mbssp-control/lps/1/020.lp,Unknown,2.3610384,,610741,1192738,2950744
193,SavileRow (BDD),./experiments/mbkp-control/lps/1/4_04.lp,Unknown,8.503342,,585556,5677412,15612121
193,SavileRow (BDD),./experiments/mbssp-control/lps/1/020.lp,Sat,2.2793398,59.87176,154597,297657,738375
194,SavileRow (GPW),./experiments/mbkp-control/lps/1/4_04.lp,Unknown,3.956561,,82854,286797,722547
194,SavileRow (GPW),./experiments/mbssp-control/lps/1/020.lp,Sat,1.7524259,14.215071,19367,91225,254288
196,SavileRow (GMTO),./experiments/mbkp-control/lps/1/4_04.lp,Unsat,3.6429863,10.953323,49868,178601,482825
196,SavileRow (GMTO),./experiments/mbssp-control/lps/1/020.lp,Sat,1.7662289,34.617214,17753,39478,115565
197,Fun-sCOP (),./experiments/mbkp-control/lps/1/4_04.lp,Unknown,15.880824,,1186641,3333774,9680602
197,Fun-sCOP (),./experiments/mbssp-control/lps/1/020.lp,Sat,4.0437765,55.87845,158478,448598,1319134
200,Picat-SAT,./experiments/mbssp-control/lps/1/020.lp,Sat,0.5383222,17.668726,4850,29162,110316
200,Picat-SAT,./experiments/mbkp-control/lps/1/4_04.lp,Unsat,1.1924043,36.972557,26993,213548,969957
201,SavileRow (GT),./experiments/mbssp-control/lps/1/021.lp,Sat,5.8334513,0.18712792,48583,3587421,10739783
201,SavileRow (GT),./experiments/mbkp-control/lps/1/1_05.lp,Memory,,,,,
202,SavileRow (SWC),./experiments/mbssp-control/lps/1/021.lp,Sat,3.3856196,57.93662,607309,1186054,2934204
202,SavileRow (SWC),./experiments/mbkp-control/lps/1/1_05.lp,Unknown,16.970997,,1987740,19953380,55363380
203,SavileRow (BDD),./experiments/mbkp-control/lps/1/1_05.lp,Unknown,8.169269,,588856,5716316,15747607
203,SavileRow (BDD),./experiments/mbssp-control/lps/1/021.lp,Unknown,2.4841099,,148831,285730,708360
204,SavileRow (GPW),./experiments/mbkp-control/lps/1/1_05.lp,Unknown,2.9370136,,83211,288542,727158
204,SavileRow (GPW),./experiments/mbssp-control/lps/1/021.lp,Sat,1.7208753,26.283655,18444,84484,234988
206,SavileRow (GMTO),./experiments/mbssp-control/lps/1/021.lp,Sat,1.8541603,26.442532,17682,38515,112006
206,SavileRow (GMTO),./experiments/mbkp-control/lps/1/1_05.lp,Unsat,4.8863277,7.111421,49889,178989,483435
207,Fun-sCOP (),./experiments/mbssp-control/lps/1/021.lp,Unknown,4.3687983,,151154,427342,1256056
207,Fun-sCOP (),./experiments/mbkp-control/lps/1/1_05.lp,Unknown,12.274687,,1220445,3430128,9964943
210,Picat-SAT,./experiments/mbssp-control/lps/1/021.lp,Sat,0.8619253,38.521736,4753,28101,106619
210,Picat-SAT,./experiments/mbkp-control/lps/1/1_05.lp,Unknown,1.2594559,,26912,209932,947105
211,SavileRow (GT),./experiments/mbkp-control/lps/1/2_05.lp,Memory,,,,,
211,SavileRow (GT),./experiments/mbssp-control/lps/1/022.lp,Sat,5.652442,0.18543616,47297,3054671,9140961
212,SavileRow (SWC),./experiments/mbkp-control/lps/1/2_05.lp,Unknown,14.936365,,1976670,19841510,55044320
212,SavileRow (SWC),./experiments/mbssp-control/lps/1/022.lp,Unknown,2.7015932,,591514,1155264,2858028
213,SavileRow (BDD),./experiments/mbkp-control/lps/1/2_05.lp,Unknown,8.483172,,572100,5515905,15153823
213,SavileRow (BDD),./experiments/mbssp-control/lps/1/022.lp,Sat,2.4212592,25.275698,153357,294826,731114
214,SavileRow (GPW),./experiments/mbkp-control/lps/1/2_05.lp,Unknown,2.8309684,,83396,289067,728592
214,SavileRow (GPW),./experiments/mbssp-control/lps/1/022.lp,Sat,1.7007082,2.705345,19359,91154,254083
216,SavileRow (GMTO),./experiments/mbkp-control/lps/1/2_05.lp,Unsat,3.512919,19.36531,49779,178979,483970
216,SavileRow (GMTO),./experiments/mbssp-control/lps/1/022.lp,Sat,1.7421501,7.8356786,17478,38376,111702
217,Fun-sCOP (),./experiments/mbssp-control/lps/1/022.lp,Sat,4.2649446,47.577152,155384,440392,1295576
217,Fun-sCOP (),./experiments/mbkp-control/lps/1/2_05.lp,Unknown,12.980451,,1211429,3401190,9877678
220,Picat-SAT,./experiments/mbkp-control/lps/1/2_05.lp,Unsat,1.3097548,58.263203,26856,209386,943260
220,Picat-SAT,./experiments/mbssp-control/lps/1/022.lp,Sat,0.5498838,19.706543,4797,28887,110420
221,SavileRow (GT),./experiments/mbssp-control/lps/1/023.lp,Sat,6.1004033,0.19477585,48073,3541489,10602192
221,SavileRow (GT),./experiments/mbkp-control/lps/1/3_05.lp,Memory,,,,,
222,SavileRow (SWC),./experiments/mbssp-control/lps/1/023.lp,Sat,3.042281,56.712055,600991,1173744,2903754
222,SavileRow (SWC),./experiments/mbkp-control/lps/1/3_05.lp,Unknown,12.766468,,1994760,20022405,55547660
223,SavileRow (BDD),./experiments/mbkp-control/lps/1/3_05.lp,Unknown,9.303036,,573179,5523032,15171819
223,SavileRow (BDD),./experiments/mbssp-control/lps/1/023.lp,Unknown,2.3704505,,158348,304913,756391
224,SavileRow (GPW),./experiments/mbssp-control/lps/1/023.lp,Sat,1.7681334,4.1933894,18614,85935,239171
224,SavileRow (GPW),./experiments/mbkp-control/lps/1/3_05.lp,Unknown,3.2058594,,82889,287051,723188
226,SavileRow (GMTO),./experiments/mbkp-control/lps/1/3_05.lp,Unsat,3.0997717,16.085058,49860,178815,482945
226,SavileRow (GMTO),./experiments/mbssp-control/lps/1/023.lp,Sat,1.9078348,2.0816133,17465,38609,112778
227,Fun-sCOP (),./experiments/mbkp-control/lps/1/3_05.lp,Unknown,13.616853,,1193812,3351805,9734434
227,Fun-sCOP (),./experiments/mbssp-control/lps/1/023.lp,Unknown,4.0646467,,161544,458070,1347820
230,Picat-SAT,./experiments/mbssp-control/lps/1/023.lp,Sat,0.9399244,2.2555351,4698,28293,107676
230,Picat-SAT,./experiments/mbkp-control/lps/1/3_05.lp,Unknown,1.431275,,26918,208521,938267
231,SavileRow (GT),./experiments/mbssp-control/lps/1/024.lp,Sat,5.8567963,0.19496125,47403,3217665,9630187
231,SavileRow (GT),./experiments/mbkp-control/lps/1/4_05.lp,Memory,,,,,
232,SavileRow (SWC),./experiments/mbkp-control/lps/1/4_05.lp,Unknown,14.637985,,2001420,20084005,55720270
232,SavileRow (SWC),./experiments/mbssp-control/lps/1/024.lp,Unknown,3.0028856,,585976,1144462,2831308
233,SavileRow (BDD),./experiments/mbssp-control/lps/1/024.lp,Unknown,2.355006,,158806,305826,758659
233,SavileRow (BDD),./experiments/mbkp-control/lps/1/4_05.lp,Unknown,8.382172,,588506,5695504,15677952
234,SavileRow (GPW),./experiments/mbkp-control/lps/1/4_05.lp,Unknown,3.0506878,,82840,286594,721952
234,SavileRow (GPW),./experiments/mbssp-control/lps/1/024.lp,Sat,1.6519994,14.062643,18814,87436,243474
236,SavileRow (GMTO),./experiments/mbkp-control/lps/1/4_05.lp,Unsat,3.4747982,14.487208,49898,178533,482651
236,SavileRow (GMTO),./experiments/mbssp-control/lps/1/024.lp,Sat,1.8110721,19.730759,17655,38097,110203
237,Fun-sCOP (),./experiments/mbkp-control/lps/1/4_05.lp,Unknown,12.112616,,1195633,3358444,9754860
237,Fun-sCOP (),./experiments/mbssp-control/lps/1/024.lp,Unknown,4.1562095,,161350,458024,1348224
240,Picat-SAT,./experiments/mbkp-control/lps/1/4_05.lp,Unsat,1.2065271,53.87296,27016,213588,970264
240,Picat-SAT,./experiments/mbssp-control/lps/1/024.lp,Sat,0.8794758,12.01117,4751,28493,107722
241,SavileRow (GT),./experiments/mbkp-control/lps/1/1_06.lp,Memory,,,,,
241,SavileRow (GT),./experiments/mbssp-control/lps/1/025.lp,Sat,5.3793883,0.17871274,44665,2338601,6992907
242,SavileRow (SWC),./experiments/mbkp-control/lps/1/1_06.lp,Unknown,20.073692,,2023830,20306260,56389940
242,SavileRow (SWC),./experiments/mbssp-control/lps/1/025.lp,Sat,2.9347858,47.909164,576382,1125772,2785076
243,SavileRow (BDD),./experiments/mbssp-control/lps/1/025.lp,Sat,2.4273763,16.918524,136633,261794,648743
243,SavileRow (BDD),./experiments/mbkp-control/lps/1/1_06.lp,Unknown,9.354706,,591511,5730826,15803727
244,SavileRow (GPW),./experiments/mbssp-control/lps/1/025.lp,Sat,1.8760134,3.0239422,18734,87517,243797
244,SavileRow (GPW),./experiments/mbkp-control/lps/1/1_06.lp,Unknown,3.3090749,,83229,288723,727683
246,SavileRow (GMTO),./experiments/mbssp-control/lps/1/025.lp,Sat,1.8761122,2.0403178,17347,37952,110158
246,SavileRow (GMTO),./experiments/mbkp-control/lps/1/1_06.lp,Unsat,3.4096503,5.5561748,49923,179013,483508
247,Fun-sCOP (),./experiments/mbkp-control/lps/1/1_06.lp,Unknown,13.350536,,1229103,3453822,10036281
247,Fun-sCOP (),./experiments/mbssp-control/lps/1/025.lp,Sat,4.3616867,44.306026,138752,391286,1149046
250,Picat-SAT,./experiments/mbkp-control/lps/1/1_06.lp,Unknown,0.8448153,,26931,210093,947744
250,Picat-SAT,./experiments/mbssp-control/lps/1/025.lp,Sat,0.88291025,4.3704467,4807,28899,109879
251,SavileRow (GT),./experiments/mbssp-control/lps/1/026.lp,Sat,6.425854,0.19497374,48519,3327601,9959571
251,SavileRow (GT),./experiments/mbkp-control/lps/1/2_06.lp,Memory,,,,,
252,SavileRow (SWC),./experiments/mbkp-control/lps/1/2_06.lp,Unknown,14.580252,,2011680,20183830,56040160
252,SavileRow (SWC),./experiments/mbssp-control/lps/1/026.lp,Sat,3.0745242,58.007347,603643,1178906,2916522
253,SavileRow (BDD),./experiments/mbkp-control/lps/1/2_06.lp,Unknown,9.089877,,574513,5529032,15205185
253,SavileRow (BDD),./experiments/mbssp-control/lps/1/026.lp,Unknown,2.4150026,,160530,309520,768028
254,SavileRow (GPW),./experiments/mbssp-control/lps/1/026.lp,Sat,1.6552496,18.620554,19400,91753,255839
254,SavileRow (GPW),./experiments/mbkp-control/lps/1/2_06.lp,Unknown,3.799419,,83437,289453,729709
256,SavileRow (GMTO),./experiments/mbssp-control/lps/1/026.lp,Sat,1.7412271,41.30258,17733,39945,117324
256,SavileRow (GMTO),./experiments/mbkp-control/lps/1/2_06.lp,Unsat,3.7108698,30.108416,49822,179013,484055
257,Fun-sCOP (),./experiments/mbssp-control/lps/1/026.lp,Unknown,4.5528507,,164166,465866,1371148
257,Fun-sCOP (),./experiments/mbkp-control/lps/1/2_06.lp,Unknown,12.618856,,1219760,3423843,9945841
260,Picat-SAT,./experiments/mbssp-control/lps/1/026.lp,Sat,0.86376715,27.234129,4866,29111,110257
260,Picat-SAT,./experiments/mbkp-control/lps/1/2_06.lp,Unknown,2.150448,,26890,209610,943972
261,SavileRow (GT),./experiments/mbssp-control/lps/1/027.lp,Sat,6.385188,0.17504139,46927,2886062,8635700
261,SavileRow (GT),./experiments/mbkp-control/lps/1/3_06.lp,Memory,,,,,
262,SavileRow (SWC),./experiments/mbkp-control/lps/1/3_06.lp,Unknown,14.719089,,2030040,20367365,56551180
262,SavileRow (SWC),./experiments/mbssp-control/lps/1/027.lp,Unknown,2.471259,,608713,1188782,2940964
263,SavileRow (BDD),./experiments/mbkp-control/lps/1/3_06.lp,Unknown,11.678604,,575613,5536380,15223335
263,SavileRow (BDD),./experiments/mbssp-control/lps/1/027.lp,Unknown,2.214282,,148125,284624,705744
264,SavileRow (GPW),./experiments/mbssp-control/lps/1/027.lp,Sat,1.6761627,9.117077,19103,89310,248807
264,SavileRow (GPW),./experiments/mbkp-control/lps/1/3_06.lp,Unknown,2.9996948,,82946,287613,724817
266,SavileRow (GMTO),./experiments/mbssp-control/lps/1/027.lp,Sat,1.8212078,10.363332,17728,39114,114236
266,SavileRow (GMTO),./experiments/mbkp-control/lps/1/3_06.lp,Unsat,3.8496418,25.7225,49908,178864,483063
267,Fun-sCOP (),./experiments/mbssp-control/lps/1/027.lp,Unknown,4.04126,,151151,427239,1255673
267,Fun-sCOP (),./experiments/mbkp-control/lps/1/3_06.lp,Unknown,13.2717495,,1202140,3374531,9802744
270,Picat-SAT,./experiments/mbssp-control/lps/1/027.lp,Sat,0.8733811,3.6323807,4819,29130,110772
270,Picat-SAT,./experiments/mbkp-control/lps/1/3_06.lp,Unknown,1.4032743,,26954,208788,939219
271,SavileRow (GT),./experiments/mbssp-control/lps/1/028.lp,Sat,6.1177187,0.16491538,46675,3046461,9116989
271,SavileRow (GT),./experiments/mbkp-control/lps/1/4_06.lp,Memory,,,,,
272,SavileRow (SWC),./experiments/mbkp-control/lps/1/4_06.lp,Unknown,17.351524,,2037600,20437765,56749390
272,SavileRow (SWC),./experiments/mbssp-control/lps/1/028.lp,Unknown,2.7001286,,588862,1150102,2845258
273,SavileRow (BDD),./experiments/mbkp-control/lps/1/4_06.lp,Unknown,8.525176,,591140,5710446,15734218
273,SavileRow (BDD),./experiments/mbssp-control/lps/1/028.lp,Sat,2.2489755,19.43754,150459,289158,717008
274,SavileRow (GPW),./experiments/mbssp-control/lps/1/028.lp,Sat,1.769453,3.3047101,18850,87669,244137
274,SavileRow (GPW),./experiments/mbkp-control/lps/1/4_06.lp,Unknown,2.7466302,,82924,287435,724391
276,SavileRow (GMTO),./experiments/mbkp-control/lps/1/4_06.lp,Unsat,3.2640488,21.184607,49934,178584,482810
276,SavileRow (GMTO),./experiments/mbssp-control/lps/1/028.lp,Sat,1.8888419,2.7209241,17712,38576,112055
277,Fun-sCOP (),./experiments/mbssp-control/lps/1/028.lp,Sat,4.037363,43.206085,152608,432162,1271000
277,Fun-sCOP (),./experiments/mbkp-control/lps/1/4_06.lp,Unknown,12.98255,,1204204,3381875,9825321
280,Picat-SAT,./experiments/mbkp-control/lps/1/4_06.lp,Unknown,1.4136759,,27037,213793,971028
280,Picat-SAT,./experiments/mbssp-control/lps/1/028.lp,Sat,0.79515356,2.4554782,4763,28685,109428
281,SavileRow (GT),./experiments/mbssp-control/lps/1/029.lp,Sat,5.926851,0.1401,46820,3223437,9648108
281,SavileRow (GT),./experiments/mbkp-control/lps/1/1_07.lp,Memory,,,,,
282,SavileRow (SWC),./experiments/mbssp-control/lps/1/029.lp,Sat,3.2437193,50.65404,584026,1140676,2821950
282,SavileRow (SWC),./experiments/mbkp-control/lps/1/1_07.lp,Unknown,17.107677,,2059650,20656500,57408820
283,SavileRow (BDD),./experiments/mbssp-control/lps/1/029.lp,Sat,2.4637642,20.084667,158298,304986,756666
283,SavileRow (BDD),./experiments/mbkp-control/lps/1/1_07.lp,Unknown,8.572801,,593812,5741214,15847768
284,SavileRow (GPW),./experiments/mbssp-control/lps/1/029.lp,Sat,1.7334292,20.205189,18212,83476,232196
284,SavileRow (GPW),./experiments/mbkp-control/lps/1/1_07.lp,Unknown,3.0042927,,83207,288507,727057
286,SavileRow (GMTO),./experiments/mbkp-control/lps/1/1_07.lp,Unsat,3.6912115,9.463987,49947,178948,483322
286,SavileRow (GMTO),./experiments/mbssp-control/lps/1/029.lp,Sat,1.9025049,8.714035,17495,37406,107932
287,Fun-sCOP (),./experiments/mbkp-control/lps/1/1_07.lp,Unknown,13.010245,,1237401,3476478,10104693
287,Fun-sCOP (),./experiments/mbssp-control/lps/1/029.lp,Unknown,3.9715004,,161154,457490,1346670
290,Picat-SAT,./experiments/mbssp-control/lps/1/029.lp,Sat,0.89489913,17.739075,4692,28232,107487
290,Picat-SAT,./experiments/mbkp-control/lps/1/1_07.lp,Unsat,1.7242582,41.05577,26951,210098,947855
291,SavileRow (GT),./experiments/mbssp-control/lps/1/030.lp,Sat,6.580723,0.19034126,47657,3473738,10399074
291,SavileRow (GT),./experiments/mbkp-control/lps/1/2_07.lp,Memory,,,,,
292,SavileRow (SWC),./experiments/mbssp-control/lps/1/030.lp,Unknown,2.625772,,592177,1156552,2861206
292,SavileRow (SWC),./experiments/mbkp-control/lps/1/2_07.lp,Unknown,16.899818,,2048130,20540230,57076960
293,SavileRow (BDD),./experiments/mbssp-control/lps/1/030.lp,Unknown,2.3341885,,149357,286702,710759
293,SavileRow (BDD),./experiments/mbkp-control/lps/1/2_07.lp,Unknown,10.02464,,576770,5539365,15248808
294,SavileRow (GPW),./experiments/mbssp-control/lps/1/030.lp,Sat,1.6005585,8.197449,18955,88780,247365
294,SavileRow (GPW),./experiments/mbkp-control/lps/1/2_07.lp,Sat,3.0327668,59.70049,83445,289524,729914
296,SavileRow (GMTO),./experiments/mbkp-control/lps/1/2_07.lp,Sat,3.5566564,7.5946293,49870,179033,484107
296,SavileRow (GMTO),./experiments/mbssp-control/lps/1/030.lp,Sat,1.8251407,1.7895627,17389,39037,114690
297,Fun-sCOP (),./experiments/mbssp-control/lps/1/030.lp,Sat,3.8476925,10.819226,151243,427839,1257797
297,Fun-sCOP (),./experiments/mbkp-control/lps/1/2_07.lp,Unknown,13.487789,,1228153,3446702,10014748
300,Picat-SAT,./experiments/mbssp-control/lps/1/030.lp,Sat,0.9177895,15.303842,4817,29134,111360
300,Picat-SAT,./experiments/mbkp-control/lps/1/2_07.lp,Unknown,2.3755255,,26925,209836,944850
301,SavileRow (GT),./experiments/mbssp-control/lps/1/031.lp,Sat,5.9058776,0.21782888,49422,3645384,10912969
301,SavileRow (GT),./experiments/mbkp-control/lps/1/3_07.lp,Memory,,,,,
302,SavileRow (SWC),./experiments/mbssp-control/lps/1/031.lp,Unknown,2.5914507,,610858,1192958,2951294
302,SavileRow (SWC),./experiments/mbkp-control/lps/1/3_07.lp,Unknown,15.523082,,2067120,20729925,57605900
303,SavileRow (BDD),./experiments/mbkp-control/lps/1/3_07.lp,Unknown,8.920417,,577878,5546668,15266646
303,SavileRow (BDD),./experiments/mbssp-control/lps/1/031.lp,Unknown,2.4799538,,160061,308765,766243
304,SavileRow (GPW),./experiments/mbkp-control/lps/1/3_07.lp,Unknown,4.132977,,82910,287261,723797
304,SavileRow (GPW),./experiments/mbssp-control/lps/1/031.lp,Unknown,1.6794553,,19212,90235,251473
306,SavileRow (GMTO),./experiments/mbkp-control/lps/1/3_07.lp,Unsat,3.8660574,48.94149,49914,178802,482985
306,SavileRow (GMTO),./experiments/mbssp-control/lps/1/031.lp,Unknown,1.9607819,,17900,38615,111816
307,Fun-sCOP (),./experiments/mbkp-control/lps/1/3_07.lp,Unknown,12.484561,,1210435,3397142,9870893
307,Fun-sCOP (),./experiments/mbssp-control/lps/1/031.lp,Unknown,4.2039366,,164415,466395,1372525
310,Picat-SAT,./experiments/mbssp-control/lps/1/031.lp,Unknown,1.0053493,,4804,29006,109940
310,Picat-SAT,./experiments/mbkp-control/lps/1/3_07.lp,Unknown,1.4470191,,26962,208714,939194
311,SavileRow (GT),./experiments/mbkp-control/lps/1/4_07.lp,Memory,,,,,
311,SavileRow (GT),./experiments/mbssp-control/lps/1/032.lp,Sat,6.264202,0.14790882,44330,2275044,6802741
312,SavileRow (SWC),./experiments/mbssp-control/lps/1/032.lp,Sat,2.6134987,16.03686,581062,1134898,2807644
312,SavileRow (SWC),./experiments/mbkp-control/lps/1/4_07.lp,Unknown,16.944225,,2073420,20788005,57768270
313,SavileRow (BDD),./experiments/mbkp-control/lps/1/4_07.lp,Unknown,9.069291,,593343,5721081,15778297
313,SavileRow (BDD),./experiments/mbssp-control/lps/1/032.lp,Sat,2.2022321,59.68287,135841,260077,644384
314,SavileRow (GPW),./experiments/mbkp-control/lps/1/4_07.lp,Unknown,3.1018317,,82872,286914,722880
314,SavileRow (GPW),./experiments/mbssp-control/lps/1/032.lp,Sat,1.7051842,4.18785,18843,88110,245467
316,SavileRow (GMTO),./experiments/mbkp-control/lps/1/4_07.lp,Unsat,4.525012,36.2172,49976,178550,482788
316,SavileRow (GMTO),./experiments/mbssp-control/lps/1/032.lp,Sat,1.7924509,13.647063,17553,38580,112453
317,Fun-sCOP (),./experiments/mbssp-control/lps/1/032.lp,Unknown,4.4714193,,137565,387813,1138729
317,Fun-sCOP (),./experiments/mbkp-control/lps/1/4_07.lp,Unknown,12.738445,,1212319,3404036,9892170
320,Picat-SAT,./experiments/mbkp-control/lps/1/4_07.lp,Unknown,2.2822366,,27068,213909,971685
320,Picat-SAT,./experiments/mbssp-control/lps/1/032.lp,Sat,0.56892204,17.9966,4707,28302,107466
321,SavileRow (GT),./experiments/mbssp-control/lps/1/033.lp,Sat,8.797685,0.20441958,48265,3365539,10073635
321,SavileRow (GT),./experiments/mbkp-control/lps/1/1_08.lp,Memory,,,,,
322,SavileRow (SWC),./experiments/mbkp-control/lps/1/1_08.lp,Unknown,20.135029,,2096640,21018180,58460980
322,SavileRow (SWC),./experiments/mbssp-control/lps/1/033.lp,Unknown,2.5673962,,605788,1183088,2926882
323,SavileRow (BDD),./experiments/mbkp-control/lps/1/1_08.lp,Unknown,10.497558,,595785,5748285,15882626
323,SavileRow (BDD),./experiments/mbssp-control/lps/1/033.lp,Unknown,2.376372,,159774,307883,763871
324,SavileRow (GPW),./experiments/mbssp-control/lps/1/033.lp,Sat,1.7276347,8.785012,19324,91132,254052
324,SavileRow (GPW),./experiments/mbkp-control/lps/1/1_08.lp,Unknown,2.9571724,,83258,289013,728524
326,SavileRow (GMTO),./experiments/mbkp-control/lps/1/1_08.lp,Unsat,3.619627,20.914598,50013,179032,483524
326,SavileRow (GMTO),./experiments/mbssp-control/lps/1/033.lp,Sat,1.8121755,12.621614,17808,39130,114138
327,Fun-sCOP (),./experiments/mbkp-control/lps/1/1_08.lp,Unknown,12.897076,,1245814,3499513,10174190
327,Fun-sCOP (),./experiments/mbssp-control/lps/1/033.lp,Unknown,4.1520157,,163320,463284,1363344
330,Picat-SAT,./experiments/mbssp-control/lps/1/033.lp,Sat,0.5328617,11.635889,4835,28893,109838
330,Picat-SAT,./experiments/mbkp-control/lps/1/1_08.lp,Unknown,1.5688236,,26989,210416,948965
331,SavileRow (GT),./experiments/mbssp-control/lps/1/034.lp,Sat,6.3259187,0.14953774,44638,2582550,7725478
331,SavileRow (GT),./experiments/mbkp-control/lps/1/2_08.lp,Memory,,,,,
332,SavileRow (SWC),./experiments/mbssp-control/lps/1/034.lp,Unknown,2.6460898,,559261,1092396,2702510
332,SavileRow (SWC),./experiments/mbkp-control/lps/1/2_08.lp,Unknown,18.093557,,2084220,20893110,58103520
333,SavileRow (BDD),./experiments/mbssp-control/lps/1/034.lp,Unknown,2.2830548,,140097,269085,667158
333,SavileRow (BDD),./experiments/mbkp-control/lps/1/2_08.lp,Unknown,8.399141,,578536,5545219,15279689
334,SavileRow (GPW),./experiments/mbssp-control/lps/1/034.lp,Sat,1.6979795,10.459107,18978,89365,249097
334,SavileRow (GPW),./experiments/mbkp-control/lps/1/2_08.lp,Sat,2.9302917,3.0280983,83428,289382,729505
336,SavileRow (GMTO),./experiments/mbkp-control/lps/1/2_08.lp,Sat,3.5620852,7.70105,49882,178997,484034
336,SavileRow (GMTO),./experiments/mbssp-control/lps/1/034.lp,Sat,1.7425202,22.088266,17385,39978,118566
337,Fun-sCOP (),./experiments/mbssp-control/lps/1/034.lp,Unknown,3.9187539,,142260,402432,1183124
337,Fun-sCOP (),./experiments/mbkp-control/lps/1/2_08.lp,Sat,12.9579935,1.7382958,1236071,3468376,10080130
340,Picat-SAT,./experiments/mbssp-control/lps/1/034.lp,Sat,0.8876001,6.2005076,4758,28859,110027
340,Picat-SAT,./experiments/mbkp-control/lps/1/2_08.lp,Unknown,1.4293065,,26933,209827,944987
341,SavileRow (GT),./experiments/mbkp-control/lps/1/3_08.lp,Memory,,,,,
341,SavileRow (GT),./experiments/mbssp-control/lps/1/035.lp,Sat,5.651755,0.13200425,46767,3259584,9756609
342,SavileRow (SWC),./experiments/mbssp-control/lps/1/035.lp,Unknown,2.6678834,,577084,1127126,2788412
342,SavileRow (SWC),./experiments/mbkp-control/lps/1/3_08.lp,Unknown,16.311129,,2103750,21088085,58647820
343,SavileRow (BDD),./experiments/mbkp-control/lps/1/3_08.lp,Unknown,7.8320694,,579670,5552761,15298156
343,SavileRow (BDD),./experiments/mbssp-control/lps/1/035.lp,Unknown,2.2271988,,154014,296244,734720
344,SavileRow (GPW),./experiments/mbssp-control/lps/1/035.lp,Sat,1.6983596,3.898619,18537,85752,238699
344,SavileRow (GPW),./experiments/mbkp-control/lps/1/3_08.lp,Unknown,2.937802,,82913,287300,723911
346,SavileRow (GMTO),./experiments/mbssp-control/lps/1/035.lp,Sat,1.8085943,3.4559631,17369,38363,112087
346,SavileRow (GMTO),./experiments/mbkp-control/lps/1/3_08.lp,Unknown,3.5255942,,49962,178850,483082
347,Fun-sCOP (),./experiments/mbkp-control/lps/1/3_08.lp,Unknown,13.634547,,1218363,3418754,9936067
347,Fun-sCOP (),./experiments/mbssp-control/lps/1/035.lp,Unknown,4.183556,,155914,442308,1301646
350,Picat-SAT,./experiments/mbssp-control/lps/1/035.lp,Sat,0.8935557,2.872951,4700,28246,107657
350,Picat-SAT,./experiments/mbkp-control/lps/1/3_08.lp,Unknown,0.83346283,,26993,208927,939869
351,SavileRow (GT),./experiments/mbssp-control/lps/1/036.lp,Sat,5.6736445,0.15105343,44618,2304842,6892182
351,SavileRow (GT),./experiments/mbkp-control/lps/1/4_08.lp,Memory,,,,,
352,SavileRow (SWC),./experiments/mbssp-control/lps/1/036.lp,Sat,2.4997106,42.490005,594790,1161638,2873794
352,SavileRow (SWC),./experiments/mbkp-control/lps/1/4_08.lp,Unknown,16.836052,,2110770,21153205,58830670
353,SavileRow (BDD),./experiments/mbkp-control/lps/1/4_08.lp,Unknown,8.28424,,595297,5728438,15813253
353,SavileRow (BDD),./experiments/mbssp-control/lps/1/036.lp,Sat,2.141778,12.586036,135922,260775,646404
354,SavileRow (GPW),./experiments/mbssp-control/lps/1/036.lp,Sat,1.8216496,2.5134385,18644,86288,240200
354,SavileRow (GPW),./experiments/mbkp-control/lps/1/4_08.lp,Unknown,2.993292,,82930,287557,724751
356,SavileRow (GMTO),./experiments/mbssp-control/lps/1/036.lp,Sat,1.8832481,1.5170423,17571,38634,112352
356,SavileRow (GMTO),./experiments/mbkp-control/lps/1/4_08.lp,Unknown,3.449055,,50000,178589,482958
357,Fun-sCOP (),./experiments/mbkp-control/lps/1/4_08.lp,Unknown,12.115345,,1220565,3426552,9960114
357,Fun-sCOP (),./experiments/mbssp-control/lps/1/036.lp,Sat,3.9818287,8.011325,139091,392161,1151541
360,Picat-SAT,./experiments/mbkp-control/lps/1/4_08.lp,Unknown,1.4893012,,27079,214093,972436
360,Picat-SAT,./experiments/mbssp-control/lps/1/036.lp,Sat,0.93561107,3.0551076,4737,28563,108484
361,SavileRow (GT),./experiments/mbssp-control/lps/1/037.lp,Sat,5.4116855,0.18274793,46280,2926025,8755976
361,SavileRow (GT),./experiments/mbkp-control/lps/1/1_09.lp,Memory,,,,,
362,SavileRow (SWC),./experiments/mbkp-control/lps/1/1_09.lp,Unknown,19.161701,,2132460,21368420,59479860
362,SavileRow (SWC),./experiments/mbssp-control/lps/1/037.lp,Unknown,2.9527197,,592879,1157922,2864596
363,SavileRow (BDD),./experiments/mbkp-control/lps/1/1_09.lp,Unknown,8.1285305,,597318,5751276,15905153
363,SavileRow (BDD),./experiments/mbssp-control/lps/1/037.lp,Unknown,2.081281,,147419,283135,701983
364,SavileRow (GPW),./experiments/mbkp-control/lps/1/1_09.lp,Unknown,3.0864396,,83194,288379,726686
364,SavileRow (GPW),./experiments/mbssp-control/lps/1/037.lp,Sat,1.7479715,40.592155,19128,89820,250312
366,SavileRow (GMTO),./experiments/mbssp-control/lps/1/037.lp,Sat,1.8965381,13.0405655,17608,38629,112396
366,SavileRow (GMTO),./experiments/mbkp-control/lps/1/1_09.lp,Unsat,4.029503,45.49312,50031,178962,483372
367,Fun-sCOP (),./experiments/mbssp-control/lps/1/037.lp,Unknown,4.373981,,149872,423846,1245930
367,Fun-sCOP (),./experiments/mbkp-control/lps/1/1_09.lp,Unknown,13.079189,,1253535,3520560,10237613
370,Picat-SAT,./experiments/mbkp-control/lps/1/1_09.lp,Unknown,1.3148096,,27009,210403,949148
370,Picat-SAT,./experiments/mbssp-control/lps/1/037.lp,Sat,0.90773845,17.589607,4722,28465,108555
371,SavileRow (GT),./experiments/mbssp-control/lps/1/038.lp,Sat,5.7203383,0.20244573,47771,3389120,10144539
371,SavileRow (GT),./experiments/mbkp-control/lps/1/2_09.lp,Memory,,,,,
372,SavileRow (SWC),./experiments/mbssp-control/lps/1/038.lp,Unknown,2.5021913,,579619,1132086,2800688
372,SavileRow (SWC),./experiments/mbkp-control/lps/1/2_09.lp,Sat,15.6734295,18.68186,2120400,21246870,59132640
373,SavileRow (BDD),./experiments/mbkp-control/lps/1/2_09.lp,Sat,8.628883,45.8798,580048,5548107,15301589
373,SavileRow (BDD),./experiments/mbssp-control/lps/1/038.lp,Unknown,2.443152,,160384,308754,765875
374,SavileRow (GPW),./experiments/mbkp-control/lps/1/2_09.lp,Sat,4.4587603,7.7026896,83361,288764,727718
374,SavileRow (GPW),./experiments/mbssp-control/lps/1/038.lp,Sat,1.7300045,29.963043,18968,88535,246617
376,SavileRow (GMTO),./experiments/mbssp-control/lps/1/038.lp,Sat,2.018497,6.4864163,17649,38265,111119
376,SavileRow (GMTO),./experiments/mbkp-control/lps/1/2_09.lp,Sat,3.7592278,6.437615,49920,178968,483995
377,Fun-sCOP (),./experiments/mbkp-control/lps/1/2_09.lp,Sat,12.392901,1.5106493,1243747,3489224,10143076
377,Fun-sCOP (),./experiments/mbssp-control/lps/1/038.lp,Unknown,4.1780653,,162243,460859,1356873
380,Picat-SAT,./experiments/mbssp-control/lps/1/038.lp,Sat,0.93261915,29.070017,4797,28815,109225
380,Picat-SAT,./experiments/mbkp-control/lps/1/2_09.lp,Unknown,0.8440697,,26953,209829,945179
381,SavileRow (GT),./experiments/mbkp-control/lps/1/3_09.lp,Memory,,,,,
381,SavileRow (GT),./experiments/mbssp-control/lps/1/039.lp,Sat,6.125564,0.19152194,49067,3700525,11079188
382,SavileRow (SWC),./experiments/mbkp-control/lps/1/3_09.lp,Unknown,13.50049,,2139840,21440965,59674380
382,SavileRow (SWC),./experiments/mbssp-control/lps/1/039.lp,Unknown,2.6974678,,623650,1217888,3012942
383,SavileRow (BDD),./experiments/mbkp-control/lps/1/3_09.lp,Unknown,8.499377,,581099,5555249,15318871
383,SavileRow (BDD),./experiments/mbssp-control/lps/1/039.lp,Unknown,2.3103023,,152334,292776,725987
384,SavileRow (GPW),./experiments/mbssp-control/lps/1/039.lp,Sat,1.6658859,9.222584,19321,90893,253338
384,SavileRow (GPW),./experiments/mbkp-control/lps/1/3_09.lp,Unknown,3.039159,,82863,286815,722506
386,SavileRow (GMTO),./experiments/mbssp-control/lps/1/039.lp,Sat,1.834661,29.86721,17775,41924,125294
386,SavileRow (GMTO),./experiments/mbkp-control/lps/1/3_09.lp,Unknown,3.5570376,,49962,178790,483058
387,Fun-sCOP (),./experiments/mbssp-control/lps/1/039.lp,Unknown,3.969395,,155171,438919,1290337
387,Fun-sCOP (),./experiments/mbkp-control/lps/1/3_09.lp,Unknown,13.774333,,1225827,3439068,9997329
390,Picat-SAT,./experiments/mbkp-control/lps/1/3_09.lp,Unknown,1.3595299,,26996,208836,939851
390,Picat-SAT,./experiments/mbssp-control/lps/1/039.lp,Unknown,0.9306634,,4804,28981,110669
391,SavileRow (GT),./experiments/mbkp-control/lps/1/4_09.lp,Memory,,,,,
391,SavileRow (GT),./experiments/mbssp-control/lps/1/040.lp,Sat,6.7777615,0.18357459,47888,3551665,10632473
392,SavileRow (SWC),./experiments/mbssp-control/lps/1/040.lp,Sat,2.5941324,45.146744,584143,1140908,2822520
392,SavileRow (SWC),./experiments/mbkp-control/lps/1/4_09.lp,Unknown,15.272712,,2147130,21508725,59864910
393,SavileRow (BDD),./experiments/mbkp-control/lps/1/4_09.lp,Unknown,9.468175,,596837,5731562,15835873
393,SavileRow (BDD),./experiments/mbssp-control/lps/1/040.lp,Sat,2.3670664,16.34725,155993,300268,744813
394,SavileRow (GPW),./experiments/mbssp-control/lps/1/040.lp,Sat,1.8738155,2.7579281,19167,89816,250261
394,SavileRow (GPW),./experiments/mbkp-control/lps/1/4_09.lp,Unknown,3.0832736,,82876,286954,722996
396,SavileRow (GMTO),./experiments/mbkp-control/lps/1/4_09.lp,Unknown,3.2761867,,50048,178517,482670
396,SavileRow (GMTO),./experiments/mbssp-control/lps/1/040.lp,Sat,1.8812258,1.2379493,17425,38388,111886
397,Fun-sCOP (),./experiments/mbkp-control/lps/1/4_09.lp,Unknown,14.518088,,1228080,3447123,10022313
397,Fun-sCOP (),./experiments/mbssp-control/lps/1/040.lp,Unknown,3.99896,,158413,449427,1322641
400,Picat-SAT,./experiments/mbkp-control/lps/1/4_09.lp,Unsat,1.4257115,46.148266,27109,214086,972571
400,Picat-SAT,./experiments/mbssp-control/lps/1/040.lp,Sat,0.54505247,35.46349,4856,28899,109395
401,SavileRow (GT),./experiments/mbkp-control/lps/1/1_10.lp,Memory,,,,,
401,SavileRow (GT),./experiments/mbssp-control/lps/1/041.lp,Sat,5.9916916,0.16616629,46942,3246559,9717475
402,SavileRow (SWC),./experiments/mbkp-control/lps/1/1_10.lp,Unknown,15.710642,,2169090,21726580,60521780
402,SavileRow (SWC),./experiments/mbssp-control/lps/1/041.lp,Unknown,2.520422,,583285,1139224,2818348
403,SavileRow (BDD),./experiments/mbkp-control/lps/1/1_10.lp,Unknown,8.644439,,598494,5750639,15917308
403,SavileRow (BDD),./experiments/mbssp-control/lps/1/041.lp,Unknown,2.032283,,152958,294296,729930
404,SavileRow (GPW),./experiments/mbssp-control/lps/1/041.lp,Sat,1.8009844,9.23066,18427,84861,236136
404,SavileRow (GPW),./experiments/mbkp-control/lps/1/1_10.lp,Unknown,2.8177958,,83212,288570,727241
406,SavileRow (GMTO),./experiments/mbkp-control/lps/1/1_10.lp,Unknown,3.5926526,,50074,178950,483398
406,SavileRow (GMTO),./experiments/mbssp-control/lps/1/041.lp,Sat,1.8639444,16.776735,17513,38369,111733
407,Fun-sCOP (),./experiments/mbkp-control/lps/1/1_10.lp,Unknown,13.263595,,1261171,3541314,10300267
407,Fun-sCOP (),./experiments/mbssp-control/lps/1/041.lp,Unknown,4.091817,,155373,440591,1296397
410,Picat-SAT,./experiments/mbkp-control/lps/1/1_10.lp,Unknown,1.352264,,27033,210489,949662
410,Picat-SAT,./experiments/mbssp-control/lps/1/041.lp,Sat,0.85405844,19.776484,4649,27934,106775
411,SavileRow (GT),./experiments/mbssp-control/lps/1/042.lp,Sat,6.0429053,0.1993189,47658,3506732,10497880
411,SavileRow (GT),./experiments/mbkp-control/lps/1/2_10.lp,Memory,,,,,
412,SavileRow (SWC),./experiments/mbkp-control/lps/1/2_10.lp,Sat,18.489737,28.824396,2156490,21599750,60159200
412,SavileRow (SWC),./experiments/mbssp-control/lps/1/042.lp,Sat,3.072274,49.89056,585508,1143546,2829044
413,SavileRow (BDD),./experiments/mbkp-control/lps/1/2_10.lp,Sat,8.907379,0.7797356,581152,5546950,15311945
413,SavileRow (BDD),./experiments/mbssp-control/lps/1/042.lp,Unknown,2.1426437,,161819,311756,773451
414,SavileRow (GPW),./experiments/mbkp-control/lps/1/2_10.lp,Sat,3.0209033,3.5319266,83379,288909,728135
414,SavileRow (GPW),./experiments/mbssp-control/lps/1/042.lp,Unknown,1.8229377,,19469,92260,257291
416,SavileRow (GMTO),./experiments/mbssp-control/lps/1/042.lp,Unknown,1.7953414,,17513,38424,111945
416,SavileRow (GMTO),./experiments/mbkp-control/lps/1/2_10.lp,Sat,3.4403346,3.7016392,49951,178956,483984
417,Fun-sCOP (),./experiments/mbkp-control/lps/1/2_10.lp,Sat,13.207153,1.6416883,1251125,3509320,10203724
417,Fun-sCOP (),./experiments/mbssp-control/lps/1/042.lp,Unknown,4.2947707,,164298,466748,1374266
420,Picat-SAT,./experiments/mbssp-control/lps/1/042.lp,Unknown,0.83732474,,4775,29146,111449
420,Picat-SAT,./experiments/mbkp-control/lps/1/2_10.lp,Sat,1.6181056,21.51581,26977,209959,945829
421,SavileRow (GT),./experiments/mbssp-control/lps/1/043.lp,Sat,6.650346,0.15075012,44203,2287991,6841585
421,SavileRow (GT),./experiments/mbkp-control/lps/1/3_10.lp,Memory,,,,,
422,SavileRow (SWC),./experiments/mbssp-control/lps/1/043.lp,Sat,2.5227554,57.9144,569635,1112616,2752518
422,SavileRow (SWC),./experiments/mbkp-control/lps/1/3_10.lp,Unknown,17.834888,,2176650,21800885,60721420
423,SavileRow (BDD),./experiments/mbssp-control/lps/1/043.lp,Unknown,2.5593538,,135998,260712,646146
423,SavileRow (BDD),./experiments/mbkp-control/lps/1/3_10.lp,Unknown,8.435906,,582201,5553835,15329064
424,SavileRow (GPW),./experiments/mbkp-control/lps/1/3_10.lp,Sat,3.0724843,49.217674,82884,286999,723037
424,SavileRow (GPW),./experiments/mbssp-control/lps/1/043.lp,Sat,1.7706869,21.803308,18865,88373,246234
426,SavileRow (GMTO),./experiments/mbssp-control/lps/1/043.lp,Sat,1.814455,8.330643,17512,38782,113353
426,SavileRow (GMTO),./experiments/mbkp-control/lps/1/3_10.lp,Sat,3.3570588,35.056854,50011,178792,483050
427,Fun-sCOP (),./experiments/mbssp-control/lps/1/043.lp,Unknown,3.9004915,,137967,389409,1143919
427,Fun-sCOP (),./experiments/mbkp-control/lps/1/3_10.lp,Unknown,14.611807,,1233197,3459128,10057993
430,Picat-SAT,./experiments/mbssp-control/lps/1/043.lp,Sat,0.5385167,16.55475,4727,28665,109807
430,Picat-SAT,./experiments/mbkp-control/lps/1/3_10.lp,Unknown,2.0391612,,27028,208995,940484
431,SavileRow (GT),./experiments/mbssp-control/lps/1/044.lp,Sat,6.174842,0.18135834,47843,3426419,10256698
431,SavileRow (GT),./experiments/mbkp-control/lps/1/4_10.lp,Memory,,,,,
432,SavileRow (SWC),./experiments/mbkp-control/lps/1/4_10.lp,Unknown,17.295282,,2184120,21870405,60917070
432,SavileRow (SWC),./experiments/mbssp-control/lps/1/044.lp,Sat,2.895461,55.186924,590695,1153668,2854108
433,SavileRow (BDD),./experiments/mbkp-control/lps/1/4_10.lp,Unknown,9.176415,,598072,5731494,15849198
433,SavileRow (BDD),./experiments/mbssp-control/lps/1/044.lp,Unknown,2.3549743,,157236,303646,753710
434,SavileRow (GPW),./experiments/mbkp-control/lps/1/4_10.lp,Unknown,3.2141626,,82875,286942,722961
434,SavileRow (GPW),./experiments/mbssp-control/lps/1/044.lp,Sat,1.735126,10.381153,18979,88794,247383
436,SavileRow (GMTO),./experiments/mbkp-control/lps/1/4_10.lp,Unknown,3.7472527,,50096,178550,482812
436,SavileRow (GMTO),./experiments/mbssp-control/lps/1/044.lp,Sat,1.7842776,1.9800158,17511,39721,117114
437,Fun-sCOP (),./experiments/mbssp-control/lps/1/044.lp,Unknown,4.3443956,,162119,460159,1354487
437,Fun-sCOP (),./experiments/mbkp-control/lps/1/4_10.lp,Unknown,13.407857,,1235601,3467514,10083852
440,Picat-SAT,./experiments/mbkp-control/lps/1/4_10.lp,Unknown,1.2521684,,27141,214260,973317
440,Picat-SAT,./experiments/mbssp-control/lps/1/044.lp,Sat,0.88184816,11.876955,4726,28196,106782
441,SavileRow (GT),./experiments/mbssp-control/lps/1/045.lp,Sat,5.9793735,0.1290262,47623,3215564,9624082
441,SavileRow (GT),./experiments/mbkp-control/lps/1/1_11.lp,Memory,,,,,
442,SavileRow (SWC),./experiments/mbssp-control/lps/1/045.lp,Unknown,2.7552161,,599782,1171370,2897862
442,SavileRow (SWC),./experiments/mbkp-control/lps/1/1_11.lp,Unknown,17.266048,,2205360,22081220,61553460
443,SavileRow (BDD),./experiments/mbssp-control/lps/1/045.lp,Unknown,2.166783,,154797,297288,737070
443,SavileRow (BDD),./experiments/mbkp-control/lps/1/1_11.lp,Unknown,8.737586,,599273,5746059,15918112
444,SavileRow (GPW),./experiments/mbkp-control/lps/1/1_11.lp,Unknown,2.9122744,,83219,288686,727582
444,SavileRow (GPW),./experiments/mbssp-control/lps/1/045.lp,Sat,1.6277874,9.411994,18990,88753,247249
446,SavileRow (GMTO),./experiments/mbssp-control/lps/1/045.lp,Sat,1.7736598,7.3761578,17699,38316,111024
446,SavileRow (GMTO),./experiments/mbkp-control/lps/1/1_11.lp,Unknown,5.3028045,,50086,178954,483442
447,Fun-sCOP (),./experiments/mbssp-control/lps/1/045.lp,Unknown,3.876987,,156412,443030,1303040
447,Fun-sCOP (),./experiments/mbkp-control/lps/1/1_11.lp,Unknown,13.774409,,1268373,3560864,10359393
450,Picat-SAT,./experiments/mbssp-control/lps/1/045.lp,Sat,0.841677,13.499774,4780,28410,107360
450,Picat-SAT,./experiments/mbkp-control/lps/1/1_11.lp,Unknown,1.4835032,,27041,210514,949867
451,SavileRow (GT),./experiments/mbssp-control/lps/1/046.lp,Sat,5.845412,0.19660074,47395,3379640,10116668
451,SavileRow (GT),./experiments/mbkp-control/lps/1/2_11.lp,Memory,,,,,
452,SavileRow (SWC),./experiments/mbssp-control/lps/1/046.lp,Unknown,3.0489874,,582466,1137644,2814454
452,SavileRow (SWC),./experiments/mbkp-control/lps/1/2_11.lp,Sat,19.75978,7.751148,2192760,21954390,61190880
453,SavileRow (BDD),./experiments/mbkp-control/lps/1/2_11.lp,Sat,8.950624,0.6554941,581919,5542101,15311961
453,SavileRow (BDD),./experiments/mbssp-control/lps/1/046.lp,Sat,2.2974367,20.901947,152280,292865,726312
454,SavileRow (GPW),./experiments/mbssp-control/lps/1/046.lp,Sat,1.9280238,5.9247856,18602,86021,239441
454,SavileRow (GPW),./experiments/mbkp-control/lps/1/2_11.lp,Sat,2.9364855,1.853776,83425,289367,729463
456,SavileRow (GMTO),./experiments/mbkp-control/lps/1/2_11.lp,Sat,3.672002,1.8114426,49976,178981,484017
456,SavileRow (GMTO),./experiments/mbssp-control/lps/1/046.lp,Sat,1.8636601,7.746995,17629,37754,108890
457,Fun-sCOP (),./experiments/mbssp-control/lps/1/046.lp,Unknown,4.3935223,,154482,437894,1288284
457,Fun-sCOP (),./experiments/mbkp-control/lps/1/2_11.lp,Sat,13.003109,1.8037391,1258250,3528641,10262135
460,Picat-SAT,./experiments/mbkp-control/lps/1/2_11.lp,Sat,1.407123,20.677893,26993,210082,946221
460,Picat-SAT,./experiments/mbssp-control/lps/1/046.lp,Sat,0.8599606,3.6972582,4710,28149,106658
461,SavileRow (GT),./experiments/mbkp-control/lps/1/3_11.lp,Memory,,,,,
461,SavileRow (GT),./experiments/mbssp-control/lps/1/047.lp,Sat,6.3706875,0.169496,48081,3449422,10325582
462,SavileRow (SWC),./experiments/mbkp-control/lps/1/3_11.lp,Unknown,16.991234,,2213280,22159045,61763340
462,SavileRow (SWC),./experiments/mbssp-control/lps/1/047.lp,Unknown,2.5286856,,596311,1164600,2881112
463,SavileRow (BDD),./experiments/mbkp-control/lps/1/3_11.lp,Unknown,8.628993,,582946,5549414,15329569
463,SavileRow (BDD),./experiments/mbssp-control/lps/1/047.lp,Sat,2.2925065,28.524616,157699,303462,752685
464,SavileRow (GPW),./experiments/mbkp-control/lps/1/3_11.lp,Unknown,2.8676634,,82894,287122,723396
464,SavileRow (GPW),./experiments/mbssp-control/lps/1/047.lp,Sat,1.7795756,9.218796,19717,93700,261363
466,SavileRow (GMTO),./experiments/mbssp-control/lps/1/047.lp,Sat,1.7671998,1.6684573,17635,39815,117023
466,SavileRow (GMTO),./experiments/mbkp-control/lps/1/3_11.lp,Sat,3.6656146,27.10209,50042,178818,483081
467,Fun-sCOP (),./experiments/mbkp-control/lps/1/3_11.lp,Unknown,12.371398,,1240210,3478115,10115356
467,Fun-sCOP (),./experiments/mbssp-control/lps/1/047.lp,Sat,4.3773265,29.184227,160171,454281,1336765
470,Picat-SAT,./experiments/mbssp-control/lps/1/047.lp,Sat,0.8946208,1.9067335,4827,29226,111669
470,Picat-SAT,./experiments/mbkp-control/lps/1/3_11.lp,Unknown,1.4120004,,27044,209106,940843
471,SavileRow (GT),./experiments/mbssp-control/lps/1/048.lp,Sat,5.7922087,0.14015114,48053,3426908,10258311
471,SavileRow (GT),./experiments/mbkp-control/lps/1/4_11.lp,Memory,,,,,
472,SavileRow (SWC),./experiments/mbssp-control/lps/1/048.lp,Unknown,2.5489867,,601654,1175022,2906902
472,SavileRow (SWC),./experiments/mbkp-control/lps/1/4_11.lp,Unknown,18.968193,,2220210,22223285,61943630
473,SavileRow (BDD),./experiments/mbkp-control/lps/1/4_11.lp,Unknown,10.220838,,598881,5727319,15850500
473,SavileRow (BDD),./experiments/mbssp-control/lps/1/048.lp,Sat,2.474128,28.836039,153248,294626,730637
474,SavileRow (GPW),./experiments/mbkp-control/lps/1/4_11.lp,Unknown,2.7296157,,82894,287140,723536
474,SavileRow (GPW),./experiments/mbssp-control/lps/1/048.lp,Sat,1.7131492,9.146773,19085,89121,248258
476,SavileRow (GMTO),./experiments/mbssp-control/lps/1/048.lp,Sat,1.9642694,2.4511945,17496,38484,112232
476,SavileRow (GMTO),./experiments/mbkp-control/lps/1/4_11.lp,Unknown,5.1549096,,50126,178547,482754
477,Fun-sCOP (),./experiments/mbssp-control/lps/1/048.lp,Unknown,4.0872264,,155595,440819,1296655
477,Fun-sCOP (),./experiments/mbkp-control/lps/1/4_11.lp,Unknown,13.405909,,1242633,3486576,10141458
480,Picat-SAT,./experiments/mbkp-control/lps/1/4_11.lp,Unknown,1.8690535,,27157,214334,973500
480,Picat-SAT,./experiments/mbssp-control/lps/1/048.lp,Unknown,0.79880446,,4738,28445,108152
481,SavileRow (GT),./experiments/mbkp-control/lps/1/1_12.lp,Memory,,,,,
481,SavileRow (GT),./experiments/mbssp-control/lps/1/049.lp,Sat,5.590623,0.16868949,46358,2823762,8448690
482,SavileRow (SWC),./experiments/mbkp-control/lps/1/1_12.lp,Unknown,18.365473,,2241540,22434980,62582580
482,SavileRow (SWC),./experiments/mbssp-control/lps/1/049.lp,Sat,2.5626442,43.86842,593074,1158278,2865484
483,SavileRow (BDD),./experiments/mbssp-control/lps/1/049.lp,Sat,2.207326,54.07732,149579,288053,714572
483,SavileRow (BDD),./experiments/mbkp-control/lps/1/1_12.lp,Unknown,8.228044,,599690,5737747,15907900
484,SavileRow (GPW),./experiments/mbkp-control/lps/1/1_12.lp,Unknown,3.0261326,,83218,288631,727418
484,SavileRow (GPW),./experiments/mbssp-control/lps/1/049.lp,Sat,1.6386085,3.7263837,18774,87143,242635
486,SavileRow (GMTO),./experiments/mbkp-control/lps/1/1_12.lp,Unknown,3.459945,,50136,178968,483439
486,SavileRow (GMTO),./experiments/mbssp-control/lps/1/049.lp,Sat,1.8492312,12.382696,17628,38302,111110
487,Fun-sCOP (),./experiments/mbkp-control/lps/1/1_12.lp,Unknown,13.567556,,1275190,3579331,10415434
487,Fun-sCOP (),./experiments/mbssp-control/lps/1/049.lp,Sat,4.326526,38.08915,153425,434415,1277575
490,Picat-SAT,./experiments/mbkp-control/lps/1/1_12.lp,Unknown,1.4265206,,27076,210688,950450
490,Picat-SAT,./experiments/mbssp-control/lps/1/049.lp,Sat,0.9770616,28.946524,4765,28960,109985
491,SavileRow (GT),./experiments/mbkp-control/lps/1/2_12.lp,Memory,,,,,
491,SavileRow (GT),./experiments/mbssp-control/lps/1/050.lp,Sat,5.627554,0.16325808,46176,2653161,7936516
492,SavileRow (SWC),./experiments/mbkp-control/lps/1/2_12.lp,Sat,18.526503,4.8927445,2228850,22307270,62217440
492,SavileRow (SWC),./experiments/mbssp-control/lps/1/050.lp,Sat,2.8071032,38.008354,589681,1151668,2849120
493,SavileRow (BDD),./experiments/mbkp-control/lps/1/2_12.lp,Sat,8.813014,0.6674118,582366,5533786,15301583
493,SavileRow (BDD),./experiments/mbssp-control/lps/1/050.lp,Unknown,2.615714,,142664,273531,677932
494,SavileRow (GPW),./experiments/mbkp-control/lps/1/2_12.lp,Sat,3.0581372,4.97372,83401,289093,728665
494,SavileRow (GPW),./experiments/mbssp-control/lps/1/050.lp,Sat,1.7515415,8.981629,18976,88888,247668
496,SavileRow (GMTO),./experiments/mbkp-control/lps/1/2_12.lp,Sat,3.494544,2.4381878,50012,178980,484060
496,SavileRow (GMTO),./experiments/mbssp-control/lps/1/050.lp,Sat,1.7828444,10.268818,17515,38987,114025
497,Fun-sCOP (),./experiments/mbssp-control/lps/1/050.lp,Sat,3.9628446,35.547264,144572,408294,1199624
497,Fun-sCOP (),./experiments/mbkp-control/lps/1/2_12.lp,Sat,15.102849,1.9025841,1265331,3547780,10319920
500,Picat-SAT,./experiments/mbkp-control/lps/1/2_12.lp,Sat,1.5287948,5.7717586,27022,210203,946749
500,Picat-SAT,./experiments/mbssp-control/lps/1/050.lp,Sat,0.9999464,15.24867,4821,29093,110519
501,SavileRow (GT),./experiments/mbkp-control/lps/1/3_12.lp,Memory,,,,,
501,SavileRow (GT),./experiments/mbssp-control/lps/1/051.lp,Sat,5.703934,0.14741024,46002,2588451,7742592
502,SavileRow (SWC),./experiments/mbkp-control/lps/1/3_12.lp,Sat,16.644123,29.299406,2249460,22512805,62792460
502,SavileRow (SWC),./experiments/mbssp-control/lps/1/051.lp,Unknown,2.9760854,,604384,1180352,2920094
503,SavileRow (BDD),./experiments/mbkp-control/lps/1/3_12.lp,Sat,8.567538,0.7690064,583332,5540572,15318098
503,SavileRow (BDD),./experiments/mbssp-control/lps/1/051.lp,Unknown,2.0811124,,145031,278226,689639
504,SavileRow (GPW),./experiments/mbssp-control/lps/1/051.lp,Sat,1.6109785,11.399231,18318,83882,233308
504,SavileRow (GPW),./experiments/mbkp-control/lps/1/3_12.lp,Sat,3.1892066,21.323822,82867,286858,722631
506,SavileRow (GMTO),./experiments/mbkp-control/lps/1/3_12.lp,Sat,3.4356346,7.5909243,50066,178816,483124
506,SavileRow (GMTO),./experiments/mbssp-control/lps/1/051.lp,Sat,1.730261,1.2438419,17730,38147,110173
507,Fun-sCOP (),./experiments/mbkp-control/lps/1/3_12.lp,Unknown,13.186394,,1246921,3496336,10170401
507,Fun-sCOP (),./experiments/mbssp-control/lps/1/051.lp,Sat,4.0535164,45.727383,147526,416494,1223540
510,Picat-SAT,./experiments/mbkp-control/lps/1/3_12.lp,Sat,2.2119608,47.576534,27056,209125,941101
510,Picat-SAT,./experiments/mbssp-control/lps/1/051.lp,Sat,0.8674305,11.624865,4798,28561,108383
511,SavileRow (GT),./experiments/mbkp-control/lps/1/4_12.lp,Memory,,,,,
511,SavileRow (GT),./experiments/mbssp-control/lps/1/052.lp,Sat,6.1867547,0.16504702,48599,3642562,10905047
512,SavileRow (SWC),./experiments/mbssp-control/lps/1/052.lp,Sat,3.0540512,50.851974,600172,1172128,2899744
512,SavileRow (SWC),./experiments/mbkp-control/lps/1/4_12.lp,Unknown,18.030895,,2256930,22582325,62988110
513,SavileRow (BDD),./experiments/mbkp-control/lps/1/4_12.lp,Unknown,9.440329,,599336,5719199,15840802
513,SavileRow (BDD),./experiments/mbssp-control/lps/1/052.lp,Sat,2.2284522,57.412273,155154,298448,740201
514,SavileRow (GPW),./experiments/mbkp-control/lps/1/4_12.lp,Unknown,3.0035734,,82899,287165,723606
514,SavileRow (GPW),./experiments/mbssp-control/lps/1/052.lp,Sat,1.6864958,21.787054,19216,89944,250596
516,SavileRow (GMTO),./experiments/mbkp-control/lps/1/4_12.lp,Unknown,3.810965,,50150,178568,482821
516,SavileRow (GMTO),./experiments/mbssp-control/lps/1/052.lp,Sat,1.6870041,12.015391,17540,39863,117656
517,Fun-sCOP (),./experiments/mbkp-control/lps/1/4_12.lp,Unknown,13.44221,,1249578,3505333,10198231
517,Fun-sCOP (),./experiments/mbssp-control/lps/1/052.lp,Unknown,4.1812973,,157808,447140,1315322
520,Picat-SAT,./experiments/mbkp-control/lps/1/4_12.lp,Unknown,1.351297,,27165,214386,973778
520,Picat-SAT,./experiments/mbssp-control/lps/1/052.lp,Sat,0.90690327,23.24871,4892,29722,113683
521,SavileRow (GT),./experiments/mbkp-control/lps/1/1_13.lp,Memory,,,,,
521,SavileRow (GT),./experiments/mbssp-control/lps/1/053.lp,Sat,5.917381,0.18469171,47897,3367425,10079759
522,SavileRow (SWC),./experiments/mbssp-control/lps/1/053.lp,Unknown,3.0797806,,600055,1171916,2899246
522,SavileRow (SWC),./experiments/mbkp-control/lps/1/1_13.lp,Unknown,14.797705,,2277900,22790500,63616820
523,SavileRow (BDD),./experiments/mbkp-control/lps/1/1_13.lp,Unknown,8.379289,,599783,5726124,15887843
523,SavileRow (BDD),./experiments/mbssp-control/lps/1/053.lp,Unknown,2.2509513,,155925,300531,745673
524,SavileRow (GPW),./experiments/mbkp-control/lps/1/1_13.lp,Sat,3.2450826,43.55664,83222,288694,727603
524,SavileRow (GPW),./experiments/mbssp-control/lps/1/053.lp,Sat,1.7406967,30.902756,18824,87502,243662
526,SavileRow (GMTO),./experiments/mbssp-control/lps/1/053.lp,Sat,1.7959478,34.426125,17501,37970,110144
526,SavileRow (GMTO),./experiments/mbkp-control/lps/1/1_13.lp,Sat,3.494377,37.006527,50154,178999,483565
527,Fun-sCOP (),./experiments/mbkp-control/lps/1/1_13.lp,Unknown,16.071287,,1281888,3597487,10470446
527,Fun-sCOP (),./experiments/mbssp-control/lps/1/053.lp,Unknown,4.381957,,159700,452856,1332518
530,Picat-SAT,./experiments/mbkp-control/lps/1/1_13.lp,Unknown,1.6743927,,27084,210711,950599
530,Picat-SAT,./experiments/mbssp-control/lps/1/053.lp,Unknown,0.8835829,,4741,28865,110313
531,SavileRow (GT),./experiments/mbkp-control/lps/1/2_13.lp,Memory,,,,,
531,SavileRow (GT),./experiments/mbssp-control/lps/1/054.lp,Sat,5.6785984,0.18587035,48310,3593940,10759631
532,SavileRow (SWC),./experiments/mbssp-control/lps/1/054.lp,Sat,2.556552,54.259377,609103,1189550,2942854
532,SavileRow (SWC),./experiments/mbkp-control/lps/1/2_13.lp,Sat,22.471361,19.706799,2263680,22647830,63208160
533,SavileRow (BDD),./experiments/mbssp-control/lps/1/054.lp,Sat,2.1099565,27.21048,154306,296987,736658
533,SavileRow (BDD),./experiments/mbkp-control/lps/1/2_13.lp,Sat,8.154348,0.59910524,582399,5522259,15281554
534,SavileRow (GPW),./experiments/mbssp-control/lps/1/054.lp,Sat,1.7023747,3.0874658,19389,91358,254665
534,SavileRow (GPW),./experiments/mbkp-control/lps/1/2_13.lp,Sat,3.0893633,1.972,83447,289513,729879
536,SavileRow (GMTO),./experiments/mbkp-control/lps/1/2_13.lp,Sat,3.7220073,4.026988,50038,179032,484195
536,SavileRow (GMTO),./experiments/mbssp-control/lps/1/054.lp,Sat,1.7217686,6.62016,17648,39442,115726
537,Fun-sCOP (),./experiments/mbssp-control/lps/1/054.lp,Sat,4.448151,50.044575,157442,445994,1311816
537,Fun-sCOP (),./experiments/mbkp-control/lps/1/2_13.lp,Sat,13.645066,1.7941518,1271746,3565245,10372689
540,Picat-SAT,./experiments/mbssp-control/lps/1/054.lp,Sat,1.0652593,13.501366,4739,28465,108103
540,Picat-SAT,./experiments/mbkp-control/lps/1/2_13.lp,Sat,1.0317645,10.744266,27038,210344,947221
541,SavileRow (GT),./experiments/mbkp-control/lps/1/3_13.lp,Memory,,,,,
541,SavileRow (GT),./experiments/mbssp-control/lps/1/055.lp,Sat,6.2032404,0.23347786,48610,3634817,10881907
542,SavileRow (SWC),./experiments/mbssp-control/lps/1/055.lp,Unknown,2.8178391,,603760,1179114,2917036
542,SavileRow (SWC),./experiments/mbkp-control/lps/1/3_13.lp,Sat,21.512754,8.287149,2285550,22865685,63819020
543,SavileRow (BDD),./experiments/mbkp-control/lps/1/3_13.lp,Sat,9.106739,0.8234338,583429,5529098,15298129
543,SavileRow (BDD),./experiments/mbssp-control/lps/1/055.lp,Unknown,2.3755229,,155970,300222,744701
544,SavileRow (GPW),./experiments/mbkp-control/lps/1/3_13.lp,Sat,2.8754535,6.2690244,82874,286910,722780
544,SavileRow (GPW),./experiments/mbssp-control/lps/1/055.lp,Sat,1.7824138,9.534143,18918,88135,245467
546,SavileRow (GMTO),./experiments/mbssp-control/lps/1/055.lp,Sat,1.7638052,12.585161,17706,38417,111456
546,SavileRow (GMTO),./experiments/mbkp-control/lps/1/3_13.lp,Sat,3.612738,6.0075784,50085,178782,483092
547,Fun-sCOP (),./experiments/mbssp-control/lps/1/055.lp,Unknown,4.55133,,159091,450823,1326189
547,Fun-sCOP (),./experiments/mbkp-control/lps/1/3_13.lp,Sat,13.108909,36.78771,1253437,3513896,10223559
550,Picat-SAT,./experiments/mbkp-control/lps/1/3_13.lp,Sat,1.4395657,21.781576,27068,209117,941197
550,Picat-SAT,./experiments/mbssp-control/lps/1/055.lp,Sat,0.59786016,34.655518,4832,29386,111772
551,SavileRow (GT),./experiments/mbssp-control/lps/1/056.lp,Sat,5.6040635,0.18138556,46001,2815493,8424057
551,SavileRow (GT),./experiments/mbkp-control/lps/1/4_13.lp,Memory,,,,,
552,SavileRow (SWC),./experiments/mbkp-control/lps/1/4_13.lp,Unknown,16.021313,,2293650,22941365,64032590
552,SavileRow (SWC),./experiments/mbssp-control/lps/1/056.lp,Sat,2.4222286,56.22866,592567,1157324,2863144
553,SavileRow (BDD),./experiments/mbssp-control/lps/1/056.lp,Sat,2.1221955,18.601892,144890,278139,689523
553,SavileRow (BDD),./experiments/mbkp-control/lps/1/4_13.lp,Unknown,9.078092,,599425,5707683,15820754
554,SavileRow (GPW),./experiments/mbkp-control/lps/1/4_13.lp,Unknown,3.3203444,,82919,287341,724114
554,SavileRow (GPW),./experiments/mbssp-control/lps/1/056.lp,Sat,1.6300046,8.850335,19067,89454,249275
556,SavileRow (GMTO),./experiments/mbssp-control/lps/1/056.lp,Sat,1.7603157,7.8374996,17622,38914,113446
556,SavileRow (GMTO),./experiments/mbkp-control/lps/1/4_13.lp,Unknown,3.607505,,50162,178559,482870
557,Fun-sCOP (),./experiments/mbkp-control/lps/1/4_13.lp,Unknown,14.582391,,1256326,3523611,10253551
557,Fun-sCOP (),./experiments/mbssp-control/lps/1/056.lp,Sat,4.3729362,43.15376,147350,416416,1223774
560,Picat-SAT,./experiments/mbssp-control/lps/1/056.lp,Sat,0.948092,3.6980338,4800,28872,109764
560,Picat-SAT,./experiments/mbkp-control/lps/1/4_13.lp,Unknown,1.3759172,,27177,214435,974111
561,SavileRow (GT),./experiments/mbssp-control/lps/1/057.lp,Sat,5.984264,0.18493867,47480,3148897,9423867
561,SavileRow (GT),./experiments/mbkp-control/lps/1/1_14.lp,Memory,,,,,
562,SavileRow (SWC),./experiments/mbssp-control/lps/1/057.lp,Unknown,3.0545197,,610507,1192270,2949586
562,SavileRow (SWC),./experiments/mbkp-control/lps/1/1_14.lp,Unknown,18.910053,,2314080,23144260,64645940
563,SavileRow (BDD),./experiments/mbssp-control/lps/1/057.lp,Unknown,2.165755,,163970,316605,785859
563,SavileRow (BDD),./experiments/mbkp-control/lps/1/1_14.lp,Unknown,9.007347,,599468,5710322,15855998
564,SavileRow (GPW),./experiments/mbkp-control/lps/1/1_14.lp,Sat,3.0103533,13.344427,83209,288565,727229
564,SavileRow (GPW),./experiments/mbssp-control/lps/1/057.lp,Sat,1.7551246,12.404145,19429,91813,255990
566,SavileRow (GMTO),./experiments/mbkp-control/lps/1/1_14.lp,Sat,4.224663,6.098256,50178,178990,483531
566,SavileRow (GMTO),./experiments/mbssp-control/lps/1/057.lp,Sat,1.7385079,30.190714,17718,39369,115093
567,Fun-sCOP (),./experiments/mbkp-control/lps/1/1_14.lp,Unknown,13.064284,,1288358,3614993,10523472
567,Fun-sCOP (),./experiments/mbssp-control/lps/1/057.lp,Unknown,4.160023,,168771,479141,1410457
570,Picat-SAT,./experiments/mbkp-control/lps/1/1_14.lp,Sat,1.6524363,29.06204,27096,210749,950756
570,Picat-SAT,./experiments/mbssp-control/lps/1/057.lp,Sat,0.9007298,4.6274767,4829,28923,109721
571,SavileRow (GT),./experiments/mbssp-control/lps/1/058.lp,Sat,5.89557,0.16466911,46945,3199874,9577315
571,SavileRow (GT),./experiments/mbkp-control/lps/1/2_14.lp,Memory,,,,,
572,SavileRow (SWC),./experiments/mbkp-control/lps/1/2_14.lp,Sat,17.79277,3.3595686,2299770,23000710,64234720
572,SavileRow (SWC),./experiments/mbssp-control/lps/1/058.lp,Unknown,2.5978537,,588433,1149250,2843150
573,SavileRow (BDD),./experiments/mbssp-control/lps/1/058.lp,Sat,2.251535,24.989159,151246,291258,722536
573,SavileRow (BDD),./experiments/mbkp-control/lps/1/2_14.lp,Sat,8.866494,0.675954,582171,5506389,15249635
574,SavileRow (GPW),./experiments/mbssp-control/lps/1/058.lp,Sat,1.7318685,2.7587032,19060,89414,249162
574,SavileRow (GPW),./experiments/mbkp-control/lps/1/2_14.lp,Sat,3.102256,0.6087971,83415,289158,728846
576,SavileRow (GMTO),./experiments/mbssp-control/lps/1/058.lp,Sat,1.7259836,1.656401,17434,39329,115745
576,SavileRow (GMTO),./experiments/mbkp-control/lps/1/2_14.lp,Sat,3.9044108,3.5638905,50062,179020,484153
577,Fun-sCOP (),./experiments/mbkp-control/lps/1/2_14.lp,Sat,13.211301,2.0007386,1277934,3581927,10423251
577,Fun-sCOP (),./experiments/mbssp-control/lps/1/058.lp,Sat,4.3943157,55.3936,154449,437751,1287837
580,Picat-SAT,./experiments/mbkp-control/lps/1/2_14.lp,Sat,1.4338049,5.4041305,27052,210346,947302
580,Picat-SAT,./experiments/mbssp-control/lps/1/058.lp,Sat,0.9610994,16.444876,4805,29075,110544
581,SavileRow (GT),./experiments/mbkp-control/lps/1/3_14.lp,Memory,,,,,
581,SavileRow (GT),./experiments/mbssp-control/lps/1/059.lp,Sat,5.8676,0.21042734,48558,3594221,10759911
582,SavileRow (SWC),./experiments/mbssp-control/lps/1/059.lp,Unknown,2.4462016,,597052,1166050,2884718
582,SavileRow (SWC),./experiments/mbkp-control/lps/1/3_14.lp,Unknown,16.652437,,2321730,23219445,64848140
583,SavileRow (BDD),./experiments/mbssp-control/lps/1/059.lp,Unknown,2.2674727,,160563,309532,768035
583,SavileRow (BDD),./experiments/mbkp-control/lps/1/3_14.lp,Sat,8.947432,0.80149996,583158,5513547,15267106
584,SavileRow (GPW),./experiments/mbkp-control/lps/1/3_14.lp,Sat,3.0227861,9.060377,82850,286682,722120
584,SavileRow (GPW),./experiments/mbssp-control/lps/1/059.lp,Sat,1.8286626,39.374046,18748,87029,242319
586,SavileRow (GMTO),./experiments/mbkp-control/lps/1/3_14.lp,Sat,3.8749616,4.9437294,50097,178772,483125
586,SavileRow (GMTO),./experiments/mbssp-control/lps/1/059.lp,Sat,1.6977034,29.042084,17604,38315,111291
587,Fun-sCOP (),./experiments/mbssp-control/lps/1/059.lp,Unknown,4.7886033,,163847,465165,1369303
587,Fun-sCOP (),./experiments/mbkp-control/lps/1/3_14.lp,Sat,12.86948,10.984294,1259614,3530633,10274286
590,Picat-SAT,./experiments/mbkp-control/lps/1/3_14.lp,Sat,1.2689493,5.6177497,27076,209130,941428
590,Picat-SAT,./experiments/mbssp-control/lps/1/059.lp,Sat,0.86486614,16.621967,4765,28635,108267
591,SavileRow (GT),./experiments/mbssp-control/lps/1/060.lp,Sat,5.4302483,0.16993798,45761,2829035,8464451
591,SavileRow (GT),./experiments/mbkp-control/lps/1/4_14.lp,Memory,,,,,
592,SavileRow (SWC),./experiments/mbkp-control/lps/1/4_14.lp,Unknown,17.920288,,2330370,23300405,65077070
592,SavileRow (SWC),./experiments/mbssp-control/lps/1/060.lp,Unknown,2.399655,,561991,1097732,2715712
593,SavileRow (BDD),./experiments/mbssp-control/lps/1/060.lp,Unknown,2.4032097,,148690,286104,709631
593,SavileRow (BDD),./experiments/mbkp-control/lps/1/4_14.lp,Unknown,8.826916,,599140,5691939,15788975
594,SavileRow (GPW),./experiments/mbkp-control/lps/1/4_14.lp,Sat,3.2309167,43.660828,82905,287207,723726
594,SavileRow (GPW),./experiments/mbssp-control/lps/1/060.lp,Sat,1.747961,10.830114,19008,89016,248020
596,SavileRow (GMTO),./experiments/mbkp-control/lps/1/4_14.lp,Sat,3.373872,22.366316,50192,178547,482824
596,SavileRow (GMTO),./experiments/mbssp-control/lps/1/060.lp,Sat,1.9226942,30.294935,17638,38466,111820
597,Fun-sCOP (),./experiments/mbssp-control/lps/1/060.lp,Unknown,3.990749,,151095,428401,1260483
597,Fun-sCOP (),./experiments/mbkp-control/lps/1/4_14.lp,Unknown,14.498553,,1262636,3540615,10305007
600,Picat-SAT,./experiments/mbkp-control/lps/1/4_14.lp,Unknown,1.269428,,27189,214440,974151
600,Picat-SAT,./experiments/mbssp-control/lps/1/060.lp,Unknown,0.8818555,,4817,29259,111404
601,SavileRow (GT),./experiments/mbssp-control/lps/1/061.lp,Sat,5.4406195,0.14236017,47305,3397091,10168964
601,SavileRow (GT),./experiments/mbkp-control/lps/1/1_15.lp,Memory,,,,,
602,SavileRow (SWC),./experiments/mbssp-control/lps/1/061.lp,Unknown,2.7403736,,579619,1132078,2800692
602,SavileRow (SWC),./experiments/mbkp-control/lps/1/1_15.lp,Unknown,17.724672,,2350800,23503300,65690420
603,SavileRow (BDD),./experiments/mbkp-control/lps/1/1_15.lp,Unknown,8.255827,,598841,5690469,15812772
603,SavileRow (BDD),./experiments/mbssp-control/lps/1/061.lp,Sat,2.1870058,17.731651,154054,297147,737388
604,SavileRow (GPW),./experiments/mbkp-control/lps/1/1_15.lp,Sat,4.197972,9.395855,83257,289016,728534
604,SavileRow (GPW),./experiments/mbssp-control/lps/1/061.lp,Sat,1.6290948,4.0053024,18537,85774,238765
606,SavileRow (GMTO),./experiments/mbssp-control/lps/1/061.lp,Sat,1.800736,1.4358153,17422,37972,110469
606,SavileRow (GMTO),./experiments/mbkp-control/lps/1/1_15.lp,Sat,3.6390183,9.4317875,50208,179029,483650
607,Fun-sCOP (),./experiments/mbssp-control/lps/1/061.lp,Sat,4.1217775,59.03236,157895,448143,1319059
607,Fun-sCOP (),./experiments/mbkp-control/lps/1/1_15.lp,Sat,12.732339,1.9911617,1294653,3631976,10575077
610,Picat-SAT,./experiments/mbssp-control/lps/1/061.lp,Sat,0.5483241,17.182781,4718,28244,106929
610,Picat-SAT,./experiments/mbkp-control/lps/1/1_15.lp,Sat,1.257327,28.9126,27120,210919,951358
611,SavileRow (GT),./experiments/mbkp-control/lps/1/2_15.lp,Memory,,,,,
611,SavileRow (GT),./experiments/mbssp-control/lps/1/062.lp,Sat,6.688655,0.21204187,49170,3717301,11128956
612,SavileRow (SWC),./experiments/mbssp-control/lps/1/062.lp,Unknown,2.4893641,,606100,1183686,2928344
612,SavileRow (SWC),./experiments/mbkp-control/lps/1/2_15.lp,Sat,16.905312,3.906599,2336760,23362390,65286880
613,SavileRow (BDD),./experiments/mbkp-control/lps/1/2_15.lp,Sat,8.6182995,0.68145716,581499,5486421,15206301
613,SavileRow (BDD),./experiments/mbssp-control/lps/1/062.lp,Unknown,2.379557,,164647,317499,787851
614,SavileRow (GPW),./experiments/mbkp-control/lps/1/2_15.lp,Sat,2.9862936,0.27026227,83446,289469,729748
614,SavileRow (GPW),./experiments/mbssp-control/lps/1/062.lp,Sat,1.6553092,44.071922,19176,89778,250138
616,SavileRow (GMTO),./experiments/mbssp-control/lps/1/062.lp,Unknown,1.7703853,,17584,38626,112725
616,SavileRow (GMTO),./experiments/mbkp-control/lps/1/2_15.lp,Sat,3.6563125,2.586152,50080,179031,484270
617,Fun-sCOP (),./experiments/mbssp-control/lps/1/062.lp,Sat,4.299382,4.820804,168074,477378,1405478
617,Fun-sCOP (),./experiments/mbkp-control/lps/1/2_15.lp,Sat,13.507415,1.570914,1284070,3598431,10473369
620,Picat-SAT,./experiments/mbssp-control/lps/1/062.lp,Sat,0.904949,34.147453,4797,28994,110693
620,Picat-SAT,./experiments/mbkp-control/lps/1/2_15.lp,Sat,1.2698027,7.5358877,27060,210386,947728
621,SavileRow (GT),./experiments/mbkp-control/lps/1/3_15.lp,Memory,,,,,
621,SavileRow (GT),./experiments/mbssp-control/lps/1/063.lp,Sat,5.9210334,0.18936141,48440,3504185,10489808
622,SavileRow (SWC),./experiments/mbkp-control/lps/1/3_15.lp,Unknown,18.371674,,2358990,23583765,65907980
622,SavileRow (SWC),./experiments/mbssp-control/lps/1/063.lp,Unknown,2.5115492,,601186,1174122,2904686
623,SavileRow (BDD),./experiments/mbkp-control/lps/1/3_15.lp,Sat,9.26797,0.8676058,582544,5493840,15224225
623,SavileRow (BDD),./experiments/mbssp-control/lps/1/063.lp,Sat,2.4369535,24.014366,158033,304318,754918
624,SavileRow (GPW),./experiments/mbkp-control/lps/1/3_15.lp,Sat,3.5225248,1.8280196,82921,287409,724230
624,SavileRow (GPW),./experiments/mbssp-control/lps/1/063.lp,Sat,1.7420238,10.088702,18895,88364,246177
626,SavileRow (GMTO),./experiments/mbssp-control/lps/1/063.lp,Sat,1.7741528,6.4492145,17506,38688,113019
626,SavileRow (GMTO),./experiments/mbkp-control/lps/1/3_15.lp,Sat,3.6811664,0.14703448,50116,178807,483242
627,Fun-sCOP (),./experiments/mbssp-control/lps/1/063.lp,Unknown,4.2456675,,161064,456848,1344388
627,Fun-sCOP (),./experiments/mbkp-control/lps/1/3_15.lp,Sat,14.071368,1.5913733,1265769,3547234,10324605
630,Picat-SAT,./experiments/mbssp-control/lps/1/063.lp,Sat,0.57856965,12.888827,4731,28336,107569
630,Picat-SAT,./experiments/mbkp-control/lps/1/3_15.lp,Sat,1.1532317,15.927081,27088,209232,941839
631,SavileRow (GT),./experiments/mbssp-control/lps/1/064.lp,Sat,5.767789,0.19040394,47677,3371716,10092558
631,SavileRow (GT),./experiments/mbkp-control/lps/1/4_15.lp,Memory,,,,,
632,SavileRow (SWC),./experiments/mbssp-control/lps/1/064.lp,Unknown,2.94366,,589642,1151606,2848998
632,SavileRow (SWC),./experiments/mbkp-control/lps/1/4_15.lp,Unknown,16.831543,,2366910,23657685,66116430
633,SavileRow (BDD),./experiments/mbkp-control/lps/1/4_15.lp,Unknown,8.724095,,598425,5671685,15744805
633,SavileRow (BDD),./experiments/mbssp-control/lps/1/064.lp,Unknown,2.2227852,,153600,295870,734012
634,SavileRow (GPW),./experiments/mbssp-control/lps/1/064.lp,Sat,1.8164284,8.588632,19001,88379,246116
634,SavileRow (GPW),./experiments/mbkp-control/lps/1/4_15.lp,Sat,3.677793,46.480644,82866,286910,722874
636,SavileRow (GMTO),./experiments/mbkp-control/lps/1/4_15.lp,Sat,4.6926727,10.823946,50198,178521,482863
636,SavileRow (GMTO),./experiments/mbssp-control/lps/1/064.lp,Sat,1.7888792,3.694231,17660,38511,111973
637,Fun-sCOP (),./experiments/mbkp-control/lps/1/4_15.lp,Sat,14.448958,44.55001,1268709,3556984,10354634
637,Fun-sCOP (),./experiments/mbssp-control/lps/1/064.lp,Unknown,4.269722,,156877,444863,1309003
640,Picat-SAT,./experiments/mbkp-control/lps/1/4_15.lp,Unknown,2.9861462,,27193,214394,974316
640,Picat-SAT,./experiments/mbssp-control/lps/1/064.lp,Sat,0.91477495,20.262087,4811,28747,108882
641,SavileRow (GT),./experiments/mbssp-control/lps/1/065.lp,Sat,6.2335443,0.19132857,48453,3512166,10513768
641,SavileRow (GT),./experiments/mbkp-control/lps/1/1_16.lp,Memory,,,,,
642,SavileRow (SWC),./experiments/mbkp-control/lps/1/1_16.lp,Unknown,17.93414,,2386980,23857060,66719540
642,SavileRow (SWC),./experiments/mbssp-control/lps/1/065.lp,Unknown,2.6047175,,605710,1182926,2926454
643,SavileRow (BDD),./experiments/mbssp-control/lps/1/065.lp,Unknown,2.4838362,,160211,308799,766196
643,SavileRow (BDD),./experiments/mbkp-control/lps/1/1_16.lp,Unknown,8.5373335,,597827,5666561,15757893
644,SavileRow (GPW),./experiments/mbkp-control/lps/1/1_16.lp,Sat,2.9000752,4.0713835,83217,288575,727251
644,SavileRow (GPW),./experiments/mbssp-control/lps/1/065.lp,Sat,1.7080984,31.880587,19501,92141,256902
646,SavileRow (GMTO),./experiments/mbssp-control/lps/1/065.lp,Sat,1.762913,11.585271,17474,38926,114042
646,SavileRow (GMTO),./experiments/mbkp-control/lps/1/1_16.lp,Sat,3.907435,5.035845,50226,178998,483619
647,Fun-sCOP (),./experiments/mbkp-control/lps/1/1_16.lp,Sat,16.659943,2.1461234,1300575,3647952,10623607
647,Fun-sCOP (),./experiments/mbssp-control/lps/1/065.lp,Unknown,4.1873317,,163951,465073,1368633
650,Picat-SAT,./experiments/mbssp-control/lps/1/065.lp,Unknown,0.96708655,,4919,29639,112823
650,Picat-SAT,./experiments/mbkp-control/lps/1/1_16.lp,Sat,0.84844327,1.5430508,27132,210885,951359
651,SavileRow (GT),./experiments/mbssp-control/lps/1/066.lp,Sat,6.7277164,0.18764515,47654,3129862,9366940
651,SavileRow (GT),./experiments/mbkp-control/lps/1/2_16.lp,Memory,,,,,
652,SavileRow (SWC),./experiments/mbssp-control/lps/1/066.lp,Unknown,2.464779,,610429,1192126,2949222
652,SavileRow (SWC),./experiments/mbkp-control/lps/1/2_16.lp,Unknown,14.833042,,2372130,23708230,66292960
653,SavileRow (BDD),./experiments/mbkp-control/lps/1/2_16.lp,Sat,8.060767,0.78757024,580553,5463680,15154208
653,SavileRow (BDD),./experiments/mbssp-control/lps/1/066.lp,Unknown,2.4392748,,146811,281911,698905
654,SavileRow (GPW),./experiments/mbkp-control/lps/1/2_16.lp,Sat,2.9163055,0.33308387,83433,289335,729359
654,SavileRow (GPW),./experiments/mbssp-control/lps/1/066.lp,Sat,1.6946883,9.351682,18339,83820,233101
656,SavileRow (GMTO),./experiments/mbssp-control/lps/1/066.lp,Sat,1.793013,8.090496,17799,37839,108812
656,SavileRow (GMTO),./experiments/mbkp-control/lps/1/2_16.lp,Sat,3.6550977,1.3603408,50098,179017,484224
657,Fun-sCOP (),./experiments/mbssp-control/lps/1/066.lp,Unknown,3.8378174,,149573,422667,1242103
657,Fun-sCOP (),./experiments/mbkp-control/lps/1/2_16.lp,Sat,13.251057,1.7625608,1289727,3613622,10519554
660,Picat-SAT,./experiments/mbssp-control/lps/1/066.lp,Sat,0.54147387,11.567457,4731,28148,106897
660,Picat-SAT,./experiments/mbkp-control/lps/1/2_16.lp,Sat,1.3332407,11.713443,27063,210356,947695
661,SavileRow (GT),./experiments/mbssp-control/lps/1/067.lp,Sat,5.55576,0.16037121,46589,3082130,9224005
661,SavileRow (GT),./experiments/mbkp-control/lps/1/3_16.lp,Memory,,,,,
662,SavileRow (SWC),./experiments/mbssp-control/lps/1/067.lp,Unknown,2.7747574,,573964,1121060,2773422
662,SavileRow (SWC),./experiments/mbkp-control/lps/1/3_16.lp,Unknown,20.336893,,2395170,23937525,66937100
663,SavileRow (BDD),./experiments/mbkp-control/lps/1/3_16.lp,Sat,8.665846,0.76673293,581596,5471154,15172303
663,SavileRow (BDD),./experiments/mbssp-control/lps/1/067.lp,Unknown,2.337624,,140946,270580,670791
664,SavileRow (GPW),./experiments/mbkp-control/lps/1/3_16.lp,Sat,3.125857,6.130789,82879,287021,723108
664,SavileRow (GPW),./experiments/mbssp-control/lps/1/067.lp,Sat,1.6864628,12.245576,18562,86216,240066
666,SavileRow (GMTO),./experiments/mbkp-control/lps/1/3_16.lp,Sat,4.8754716,3.3556864,50159,178795,483176
666,SavileRow (GMTO),./experiments/mbssp-control/lps/1/067.lp,Sat,1.769083,12.678971,17490,38581,112552
667,Fun-sCOP (),./experiments/mbssp-control/lps/1/067.lp,Sat,4.243841,37.003212,143165,404753,1189673
667,Fun-sCOP (),./experiments/mbkp-control/lps/1/3_16.lp,Sat,14.2932415,1.9662931,1271358,3562237,10370220
670,Picat-SAT,./experiments/mbssp-control/lps/1/067.lp,Sat,0.9227281,14.562713,4744,28406,107755
670,Picat-SAT,./experiments/mbkp-control/lps/1/3_16.lp,Sat,1.446384,6.3419514,27107,209240,941947
671,SavileRow (GT),./experiments/mbssp-control/lps/1/068.lp,Sat,5.8632174,0.18395299,47063,3198458,9573250
671,SavileRow (GT),./experiments/mbkp-control/lps/1/4_16.lp,Memory,,,,,
672,SavileRow (SWC),./experiments/mbssp-control/lps/1/068.lp,Unknown,2.6166344,,599002,1169862,2894146
672,SavileRow (SWC),./experiments/mbkp-control/lps/1/4_16.lp,Unknown,16.006592,,2403450,24014965,67155790
673,SavileRow (BDD),./experiments/mbssp-control/lps/1/068.lp,Sat,2.4513493,56.81813,142263,272629,675622
673,SavileRow (BDD),./experiments/mbkp-control/lps/1/4_16.lp,Sat,8.868275,26.377562,597375,5648120,15690507
674,SavileRow (GPW),./experiments/mbkp-control/lps/1/4_16.lp,Sat,3.1354926,27.563755,82916,287388,724258
674,SavileRow (GPW),./experiments/mbssp-control/lps/1/068.lp,Sat,1.6923662,3.1938608,18276,83010,230734
676,SavileRow (GMTO),./experiments/mbssp-control/lps/1/068.lp,Sat,1.7867823,2.5263517,17780,38333,110923
676,SavileRow (GMTO),./experiments/mbkp-control/lps/1/4_16.lp,Sat,3.557649,8.437265,50210,178567,483012
677,Fun-sCOP (),./experiments/mbkp-control/lps/1/4_16.lp,Unknown,13.298792,,1274512,3572557,10401943
677,Fun-sCOP (),./experiments/mbssp-control/lps/1/068.lp,Sat,4.4690566,46.69907,144212,406966,1195376
680,Picat-SAT,./experiments/mbssp-control/lps/1/068.lp,Sat,0.9405005,12.626038,4686,28355,108513
680,Picat-SAT,./experiments/mbkp-control/lps/1/4_16.lp,Sat,1.3031175,38.132782,27201,214506,974680
681,SavileRow (GT),./experiments/mbssp-control/lps/1/069.lp,Sat,6.2753873,0.20141955,49556,3548016,10620672
681,SavileRow (GT),./experiments/mbkp-control/lps/1/1_17.lp,Memory,,,,,
682,SavileRow (SWC),./experiments/mbkp-control/lps/1/1_17.lp,Unknown,15.897022,,2422800,24207300,67738420
682,SavileRow (SWC),./experiments/mbssp-control/lps/1/069.lp,Unknown,2.697155,,622363,1215378,3006734
683,SavileRow (BDD),./experiments/mbkp-control/lps/1/1_17.lp,Sat,11.143139,0.7750994,596496,5639335,15693382
683,SavileRow (BDD),./experiments/mbssp-control/lps/1/069.lp,Unknown,2.4635105,,166099,319986,793858
684,SavileRow (GPW),./experiments/mbssp-control/lps/1/069.lp,Sat,1.6983984,9.542342,19109,89160,248351
684,SavileRow (GPW),./experiments/mbkp-control/lps/1/1_17.lp,Sat,3.4424884,3.0881395,83258,288999,728482
686,SavileRow (GMTO),./experiments/mbkp-control/lps/1/1_17.lp,Sat,3.5985973,4.45531,50226,178996,483640
686,SavileRow (GMTO),./experiments/mbssp-control/lps/1/069.lp,Unknown,1.7622399,,17670,38570,112233
687,Fun-sCOP (),./experiments/mbssp-control/lps/1/069.lp,Unknown,4.2040224,,169222,480156,1413130
687,Fun-sCOP (),./experiments/mbkp-control/lps/1/1_17.lp,Sat,12.761384,1.9016284,1306134,3662883,10668992
690,Picat-SAT,./experiments/mbssp-control/lps/1/069.lp,Unknown,0.9688002,,4825,28972,109839
690,Picat-SAT,./experiments/mbkp-control/lps/1/1_17.lp,Sat,2.347282,21.367094,27136,210927,951558
691,SavileRow (GT),./experiments/mbssp-control/lps/1/070.lp,Sat,6.127359,0.20264089,48160,3399090,10174614
691,SavileRow (GT),./experiments/mbkp-control/lps/1/2_17.lp,Memory,,,,,
692,SavileRow (SWC),./experiments/mbssp-control/lps/1/070.lp,Unknown,2.3791852,,598885,1169622,2893546
692,SavileRow (SWC),./experiments/mbkp-control/lps/1/2_17.lp,Unknown,20.316254,,2408310,24061990,67322080
693,SavileRow (BDD),./experiments/mbssp-control/lps/1/070.lp,Unknown,2.2852764,,156996,302800,751411
693,SavileRow (BDD),./experiments/mbkp-control/lps/1/2_17.lp,Sat,8.39097,0.55778754,579252,5437017,15091239
694,SavileRow (GPW),./experiments/mbkp-control/lps/1/2_17.lp,Sat,3.0649865,0.21480484,83404,289053,728542
694,SavileRow (GPW),./experiments/mbssp-control/lps/1/070.lp,Sat,1.878429,15.47621,19679,93665,261296
696,SavileRow (GMTO),./experiments/mbssp-control/lps/1/070.lp,Sat,1.9182801,1.2154416,17413,39176,115245
696,SavileRow (GMTO),./experiments/mbkp-control/lps/1/2_17.lp,Sat,3.7686408,1.5137926,50110,179013,484240
697,Fun-sCOP (),./experiments/mbkp-control/lps/1/2_17.lp,Sat,12.764334,1.5738858,1295425,3628832,10565804
697,Fun-sCOP (),./experiments/mbssp-control/lps/1/070.lp,Unknown,4.261874,,161287,457471,1346225
700,Picat-SAT,./experiments/mbssp-control/lps/1/070.lp,Sat,0.9196329,4.3358145,4892,29670,112893
700,Picat-SAT,./experiments/mbkp-control/lps/1/2_17.lp,Sat,2.3690438,5.038882,27063,210329,947739
701,SavileRow (GT),./experiments/mbkp-control/lps/1/3_17.lp,Memory,,,,,
701,SavileRow (GT),./experiments/mbssp-control/lps/1/071.lp,Sat,6.287054,0.15096585,43661,1863255,5566933
702,SavileRow (SWC),./experiments/mbkp-control/lps/1/3_17.lp,Unknown,18.220772,,2431260,24290405,67963660
702,SavileRow (SWC),./experiments/mbssp-control/lps/1/071.lp,Sat,2.4866438,56.778374,598534,1168952,2891910
703,SavileRow (BDD),./experiments/mbssp-control/lps/1/071.lp,Sat,2.1290665,19.217644,123721,236864,586863
703,SavileRow (BDD),./experiments/mbkp-control/lps/1/3_17.lp,Sat,8.795513,0.71502984,580311,5444466,15109063
704,SavileRow (GPW),./experiments/mbkp-control/lps/1/3_17.lp,Sat,3.7487514,0.33535412,82880,287059,723221
704,SavileRow (GPW),./experiments/mbssp-control/lps/1/071.lp,Sat,1.904031,3.3406632,19335,91429,254932
706,SavileRow (GMTO),./experiments/mbssp-control/lps/1/071.lp,Sat,1.9296167,7.008885,17411,39085,114436
706,SavileRow (GMTO),./experiments/mbkp-control/lps/1/3_17.lp,Sat,3.6718216,2.243752,50172,178817,483212
707,Fun-sCOP (),./experiments/mbkp-control/lps/1/3_17.lp,Sat,13.776665,2.088181,1276703,3576588,10413865
707,Fun-sCOP (),./experiments/mbssp-control/lps/1/071.lp,Sat,4.2284665,24.068918,127922,358630,1050922
710,Picat-SAT,./experiments/mbkp-control/lps/1/3_17.lp,Sat,1.2991259,7.2645507,27115,209310,942191
710,Picat-SAT,./experiments/mbssp-control/lps/1/071.lp,Unknown,0.9712926,,4790,29111,110732
711,SavileRow (GT),./experiments/mbssp-control/lps/1/072.lp,Sat,5.9835744,0.18604523,48735,3402058,10182840
711,SavileRow (GT),./experiments/mbkp-control/lps/1/4_17.lp,Memory,,,,,
712,SavileRow (SWC),./experiments/mbssp-control/lps/1/072.lp,Unknown,2.7468297,,607543,1186502,2935300
712,SavileRow (SWC),./experiments/mbkp-control/lps/1/4_17.lp,Unknown,17.84458,,2439810,24370485,68190030
713,SavileRow (BDD),./experiments/mbssp-control/lps/1/072.lp,Unknown,2.3423948,,161414,310466,769979
713,SavileRow (BDD),./experiments/mbkp-control/lps/1/4_17.lp,Unknown,9.13173,,596002,5620546,15625201
714,SavileRow (GPW),./experiments/mbssp-control/lps/1/072.lp,Sat,1.6711719,35.037354,18931,88280,245889
714,SavileRow (GPW),./experiments/mbkp-control/lps/1/4_17.lp,Sat,2.8515837,6.321601,82877,286942,722959
716,SavileRow (GMTO),./experiments/mbssp-control/lps/1/072.lp,Sat,1.8339494,14.632378,17741,38421,111376
716,SavileRow (GMTO),./experiments/mbkp-control/lps/1/4_17.lp,Sat,3.8017962,6.2238855,50222,178518,482889
717,Fun-sCOP (),./experiments/mbkp-control/lps/1/4_17.lp,Sat,14.454894,1.70523,1280092,3587475,10447323
717,Fun-sCOP (),./experiments/mbssp-control/lps/1/072.lp,Unknown,4.166029,,163579,463893,1364999
720,Picat-SAT,./experiments/mbkp-control/lps/1/4_17.lp,Sat,2.190569,15.155049,27212,214468,974662
720,Picat-SAT,./experiments/mbssp-control/lps/1/072.lp,Sat,0.850945,34.788742,4844,29184,110668
721,SavileRow (GT),./experiments/mbkp-control/lps/1/1_18.lp,Unknown,203.65785,,631980,116379669,348933511
721,SavileRow (GT),./experiments/mbssp-control/lps/1/073.lp,Sat,5.929105,0.18616317,49456,3639532,10895559
722,SavileRow (SWC),./experiments/mbssp-control/lps/1/073.lp,Unknown,2.551534,,621739,1214174,3003758
722,SavileRow (SWC),./experiments/mbkp-control/lps/1/1_18.lp,Unknown,18.315588,,2459790,24568980,68790580
723,SavileRow (BDD),./experiments/mbkp-control/lps/1/1_18.lp,Sat,9.431091,0.70074457,594674,5606315,15613191
723,SavileRow (BDD),./experiments/mbssp-control/lps/1/073.lp,Unknown,2.291496,,160963,309364,767128
724,SavileRow (GPW),./experiments/mbkp-control/lps/1/1_18.lp,Sat,3.125522,1.0983183,83215,288614,727370
724,SavileRow (GPW),./experiments/mbssp-control/lps/1/073.lp,Sat,1.6082816,7.823335,19272,90717,252859
726,SavileRow (GMTO),./experiments/mbkp-control/lps/1/1_18.lp,Sat,5.809271,3.8059118,50233,178992,483698
726,SavileRow (GMTO),./experiments/mbssp-control/lps/1/073.lp,Sat,1.8123126,23.77102,17703,38170,110584
727,Fun-sCOP (),./experiments/mbkp-control/lps/1/1_18.lp,Sat,16.166056,2.2641802,1311796,3678065,10715106
727,Fun-sCOP (),./experiments/mbssp-control/lps/1/073.lp,Unknown,4.3894305,,163053,461959,1358849
730,Picat-SAT,./experiments/mbkp-control/lps/1/1_18.lp,Sat,1.500108,0.98559207,27140,210899,951638
730,Picat-SAT,./experiments/mbssp-control/lps/1/073.lp,Unknown,0.84998137,,4802,28781,108907
731,SavileRow (GT),./experiments/mbkp-control/lps/1/2_18.lp,Unknown,149.45277,,631539,116213192,348434375
731,SavileRow (GT),./experiments/mbssp-control/lps/1/074.lp,Sat,6.1113877,0.18002428,48146,3384430,10130360
732,SavileRow (SWC),./experiments/mbkp-control/lps/1/2_18.lp,Unknown,18.832907,,2444400,24414870,68348640
732,SavileRow (SWC),./experiments/mbssp-control/lps/1/074.lp,Unknown,2.4698043,,590188,1152670,2851606
733,SavileRow (BDD),./experiments/mbssp-control/lps/1/074.lp,Unknown,2.3277974,,154951,297953,738912
733,SavileRow (BDD),./experiments/mbkp-control/lps/1/2_18.lp,Sat,7.9790115,0.62459296,577542,5405792,15015579
734,SavileRow (GPW),./experiments/mbkp-control/lps/1/2_18.lp,Sat,2.897997,0.5469316,83439,289502,729854
734,SavileRow (GPW),./experiments/mbssp-control/lps/1/074.lp,Sat,1.7095188,9.086159,18828,87624,244024
736,SavileRow (GMTO),./experiments/mbkp-control/lps/1/2_18.lp,Sat,3.5124567,1.9589912,50117,179039,484448
736,SavileRow (GMTO),./experiments/mbssp-control/lps/1/074.lp,Sat,1.7653506,13.442382,17394,38834,113880
737,Fun-sCOP (),./experiments/mbkp-control/lps/1/2_18.lp,Sat,14.098384,1.5513682,1300787,3643208,10609674
737,Fun-sCOP (),./experiments/mbssp-control/lps/1/074.lp,Sat,4.1176157,42.037674,157149,445409,1310373
740,Picat-SAT,./experiments/mbkp-control/lps/1/2_18.lp,Sat,1.3777492,3.571833,27067,210379,948104
740,Picat-SAT,./experiments/mbssp-control/lps/1/074.lp,Sat,0.5978353,19.316933,4886,29698,113300
741,SavileRow (GT),./experiments/mbssp-control/lps/1/075.lp,Sat,6.2849007,0.19585869,48656,3585686,10734487
741,SavileRow (GT),./experiments/mbkp-control/lps/1/3_18.lp,Unknown,207.79669,,634193,117405343,352009474
742,SavileRow (SWC),./experiments/mbssp-control/lps/1/075.lp,Unknown,2.6792896,,608986,1189310,2942232
742,SavileRow (SWC),./experiments/mbkp-control/lps/1/3_18.lp,Unknown,20.377409,,2467890,24648565,69005580
743,SavileRow (BDD),./experiments/mbssp-control/lps/1/075.lp,Unknown,2.3324492,,154853,297039,736270
743,SavileRow (BDD),./experiments/mbkp-control/lps/1/3_18.lp,Sat,8.034154,0.2283005,578715,5414212,15035578
744,SavileRow (GPW),./experiments/mbssp-control/lps/1/075.lp,Sat,1.8739412,9.294607,18776,87043,242333
744,SavileRow (GPW),./experiments/mbkp-control/lps/1/3_18.lp,Sat,2.9666944,0.04345167,82906,287243,723747
746,SavileRow (GMTO),./experiments/mbssp-control/lps/1/075.lp,Sat,1.7445798,3.167593,17599,38781,113044
746,SavileRow (GMTO),./experiments/mbkp-control/lps/1/3_18.lp,Sat,3.549567,1.7952554,50186,178830,483236
747,Fun-sCOP (),./experiments/mbkp-control/lps/1/3_18.lp,Sat,13.325283,2.0368128,1281983,3590642,10456751
747,Fun-sCOP (),./experiments/mbssp-control/lps/1/075.lp,Unknown,4.2496386,,156293,442195,1300061
750,Picat-SAT,./experiments/mbssp-control/lps/1/075.lp,Sat,0.5091255,10.251844,4736,28141,106846
750,Picat-SAT,./experiments/mbkp-control/lps/1/3_18.lp,Sat,1.2431705,4.8700943,27121,209333,942232
751,SavileRow (GT),./experiments/mbssp-control/lps/1/076.lp,Sat,5.5577364,0.1968482,47494,2871566,8591204
751,SavileRow (GT),./experiments/mbkp-control/lps/1/4_18.lp,Unknown,206.52272,,637616,116301842,348695005
752,SavileRow (SWC),./experiments/mbssp-control/lps/1/076.lp,Sat,2.8887415,55.837383,605047,1181642,2923290
752,SavileRow (SWC),./experiments/mbkp-control/lps/1/4_18.lp,Unknown,20.505465,,2477160,24735685,69252430
753,SavileRow (BDD),./experiments/mbkp-control/lps/1/4_18.lp,Unknown,8.521135,,594169,5588543,15547060
753,SavileRow (BDD),./experiments/mbssp-control/lps/1/076.lp,Unknown,2.2170854,,148602,285915,709148
754,SavileRow (GPW),./experiments/mbssp-control/lps/1/076.lp,Sat,1.6855385,14.819256,19554,92456,257794
754,SavileRow (GPW),./experiments/mbkp-control/lps/1/4_18.lp,Sat,2.7424445,2.912151,82913,287326,724075
756,SavileRow (GMTO),./experiments/mbkp-control/lps/1/4_18.lp,Sat,3.6078959,5.9354625,50240,178544,482972
756,SavileRow (GMTO),./experiments/mbssp-control/lps/1/076.lp,Sat,1.9736034,48.769176,17554,39227,114973
757,Fun-sCOP (),./experiments/mbkp-control/lps/1/4_18.lp,Sat,13.027972,1.2135084,1285580,3602117,10491911
757,Fun-sCOP (),./experiments/mbssp-control/lps/1/076.lp,Unknown,4.016675,,152422,430992,1266882
760,Picat-SAT,./experiments/mbkp-control/lps/1/4_18.lp,Sat,2.5442884,4.663795,27216,214552,975078
760,Picat-SAT,./experiments/mbssp-control/lps/1/076.lp,Sat,0.83476526,24.05735,4953,29795,113258
761,SavileRow (GT),./experiments/mbssp-control/lps/1/077.lp,Sat,5.7501016,0.14207588,48707,3558260,10651776
761,SavileRow (GT),./experiments/mbkp-control/lps/1/1_19.lp,Unknown,197.38922,,632844,113294175,339677043
762,SavileRow (SWC),./experiments/mbssp-control/lps/1/077.lp,Unknown,3.1849363,,601771,1175248,2907462
762,SavileRow (SWC),./experiments/mbkp-control/lps/1/1_19.lp,Unknown,21.146566,,2495610,24919220,69809460
763,SavileRow (BDD),./experiments/mbkp-control/lps/1/1_19.lp,Sat,8.148325,0.7761119,592555,5570512,15524591
763,SavileRow (BDD),./experiments/mbssp-control/lps/1/077.lp,Unknown,2.438911,,158094,304416,755154
764,SavileRow (GPW),./experiments/mbkp-control/lps/1/1_19.lp,Sat,2.9125497,0.45818317,83211,288534,727134
764,SavileRow (GPW),./experiments/mbssp-control/lps/1/077.lp,Sat,1.6780548,8.838047,19090,89014,247932
766,SavileRow (GMTO),./experiments/mbssp-control/lps/1/077.lp,Sat,1.7765682,31.438757,17852,38685,112145
766,SavileRow (GMTO),./experiments/mbkp-control/lps/1/1_19.lp,Sat,3.5684004,1.8686818,50247,178979,483689
767,Fun-sCOP (),./experiments/mbkp-control/lps/1/1_19.lp,Sat,14.200063,2.232526,1316860,3691603,10756382
767,Fun-sCOP (),./experiments/mbssp-control/lps/1/077.lp,Unknown,4.4510126,,161151,456959,1344549
770,Picat-SAT,./experiments/mbkp-control/lps/1/1_19.lp,Sat,1.2681208,2.6162605,27145,210908,951756
770,Picat-SAT,./experiments/mbssp-control/lps/1/077.lp,Unknown,0.98268694,,4881,29597,112598
771,SavileRow (GT),./experiments/mbkp-control/lps/1/2_19.lp,Unknown,188.9602,,632363,113018116,338849165
771,SavileRow (GT),./experiments/mbssp-control/lps/1/078.lp,Sat,6.1036034,0.20933141,48685,3411992,10212697
772,SavileRow (SWC),./experiments/mbkp-control/lps/1/2_19.lp,Unknown,20.125109,,2480850,24771270,69385440
772,SavileRow (SWC),./experiments/mbssp-control/lps/1/078.lp,Unknown,2.879724,,605476,1182452,2925290
773,SavileRow (BDD),./experiments/mbssp-control/lps/1/078.lp,Unknown,2.261922,,161079,310543,770551
773,SavileRow (BDD),./experiments/mbkp-control/lps/1/2_19.lp,Sat,8.251641,0.68622035,575521,5371148,14929724
774,SavileRow (GPW),./experiments/mbkp-control/lps/1/2_19.lp,Sat,2.9500847,0.21310654,83426,289362,729447
774,SavileRow (GPW),./experiments/mbssp-control/lps/1/078.lp,Sat,1.767333,4.467218,19117,89445,249198
776,SavileRow (GMTO),./experiments/mbssp-control/lps/1/078.lp,Sat,1.8874722,18.001673,17830,38871,112983
776,SavileRow (GMTO),./experiments/mbkp-control/lps/1/2_19.lp,Sat,4.332098,0.11865188,50142,179036,484428
777,Fun-sCOP (),./experiments/mbkp-control/lps/1/2_19.lp,Sat,13.503804,1.47986,1305971,3657044,10651880
777,Fun-sCOP (),./experiments/mbssp-control/lps/1/078.lp,Unknown,4.3026495,,164795,467557,1376027
780,Picat-SAT,./experiments/mbkp-control/lps/1/2_19.lp,Sat,1.5768714,5.8674593,27075,210406,948311
780,Picat-SAT,./experiments/mbssp-control/lps/1/078.lp,Sat,0.59056133,20.360682,4918,29752,113050
781,SavileRow (GT),./experiments/mbkp-control/lps/1/3_19.lp,Unknown,141.4403,,635027,114138195,342208053
781,SavileRow (GT),./experiments/mbssp-control/lps/1/079.lp,Sat,5.908395,0.18923658,47961,3335397,9983113
782,SavileRow (SWC),./experiments/mbssp-control/lps/1/079.lp,Unknown,2.8845224,,588706,1149806,2844544
782,SavileRow (SWC),./experiments/mbkp-control/lps/1/3_19.lp,Unknown,19.469719,,2504970,25011125,70060300
783,SavileRow (BDD),./experiments/mbssp-control/lps/1/079.lp,Sat,2.3705046,30.806522,159650,307937,764162
783,SavileRow (BDD),./experiments/mbkp-control/lps/1/3_19.lp,Sat,8.034567,0.20642966,576617,5379406,14949555
784,SavileRow (GPW),./experiments/mbkp-control/lps/1/3_19.lp,Sat,3.0004563,0.043560047,82895,287114,723371
784,SavileRow (GPW),./experiments/mbssp-control/lps/1/079.lp,Sat,1.9567635,4.17857,19125,89511,249388
786,SavileRow (GMTO),./experiments/mbkp-control/lps/1/3_19.lp,Sat,3.6957402,1.7910937,50224,178873,483382
786,SavileRow (GMTO),./experiments/mbssp-control/lps/1/079.lp,Sat,1.8552394,5.0703783,17639,38782,113274
787,Fun-sCOP (),./experiments/mbkp-control/lps/1/3_19.lp,Sat,14.44269,1.7343214,1287231,3604572,10499133
787,Fun-sCOP (),./experiments/mbssp-control/lps/1/079.lp,Sat,4.1713905,27.658836,163017,463063,1363379
790,Picat-SAT,./experiments/mbkp-control/lps/1/3_19.lp,Sat,1.8884219,18.158741,27137,209441,942682
790,Picat-SAT,./experiments/mbssp-control/lps/1/079.lp,Sat,0.96263486,22.14362,4819,29288,111728
791,SavileRow (GT),./experiments/mbssp-control/lps/1/080.lp,Sat,5.9261656,0.20013283,48604,3553922,10638853
791,SavileRow (GT),./experiments/mbkp-control/lps/1/4_19.lp,Unknown,143.62059,,638566,113378688,339925562
792,SavileRow (SWC),./experiments/mbssp-control/lps/1/080.lp,Sat,2.8842044,54.944218,600367,1172528,2900754
792,SavileRow (SWC),./experiments/mbkp-control/lps/1/4_19.lp,Unknown,16.740154,,2512980,25085925,70271310
793,SavileRow (BDD),./experiments/mbssp-control/lps/1/080.lp,Unknown,2.204596,,156567,301660,748403
793,SavileRow (BDD),./experiments/mbkp-control/lps/1/4_19.lp,Sat,8.713964,22.001692,592127,5554003,15461283
794,SavileRow (GPW),./experiments/mbssp-control/lps/1/080.lp,Sat,1.6860704,8.512851,18776,87465,243599
794,SavileRow (GPW),./experiments/mbkp-control/lps/1/4_19.lp,Sat,2.8941903,6.451385,82873,286914,722879
796,SavileRow (GMTO),./experiments/mbssp-control/lps/1/080.lp,Sat,1.7236924,38.909634,17516,38774,113537
796,SavileRow (GMTO),./experiments/mbkp-control/lps/1/4_19.lp,Sat,3.8512053,5.000724,50264,178517,482974
797,Fun-sCOP (),./experiments/mbssp-control/lps/1/080.lp,Unknown,4.317547,,159936,453554,1334596
797,Fun-sCOP (),./experiments/mbkp-control/lps/1/4_19.lp,Sat,15.018116,1.3070574,1290614,3615481,10532679
800,Picat-SAT,./experiments/mbkp-control/lps/1/4_19.lp,Sat,1.4577496,2.5772874,27224,214518,975179
800,Picat-SAT,./experiments/mbssp-control/lps/1/080.lp,Sat,0.97109294,20.622707,4773,28631,108346
801,SavileRow (GT),./experiments/mbssp-control/lps/1/081.lp,Sat,5.8058867,0.16851121,47160,3256425,9747056
801,SavileRow (GT),./experiments/mbkp-control/lps/1/1_20.lp,Unknown,156.08507,,633565,110046381,329933679
802,SavileRow (SWC),./experiments/mbssp-control/lps/1/081.lp,Sat,2.4667504,42.895584,599197,1170228,2895044
802,SavileRow (SWC),./experiments/mbkp-control/lps/1/1_20.lp,Unknown,19.724312,,2532150,25276500,70848820
803,SavileRow (BDD),./experiments/mbkp-control/lps/1/1_20.lp,Sat,8.556594,0.8581847,590023,5529903,15422548
803,SavileRow (BDD),./experiments/mbssp-control/lps/1/081.lp,Sat,2.4305606,22.66391,151917,292239,724806
804,SavileRow (GPW),./experiments/mbkp-control/lps/1/1_20.lp,Sat,2.932462,0.8387244,83259,289002,728490
804,SavileRow (GPW),./experiments/mbssp-control/lps/1/081.lp,Sat,1.7389026,2.55573,19319,91248,254405
806,SavileRow (GMTO),./experiments/mbkp-control/lps/1/1_20.lp,Sat,3.6825075,0.15732437,50260,179001,483780
806,SavileRow (GMTO),./experiments/mbssp-control/lps/1/081.lp,Sat,1.8098109,1.6297604,17450,38698,113038
807,Fun-sCOP (),./experiments/mbkp-control/lps/1/1_20.lp,Sat,14.433763,1.4121971,1321803,3704744,10796573
807,Fun-sCOP (),./experiments/mbssp-control/lps/1/081.lp,Unknown,3.997254,,154836,438502,1289666
810,Picat-SAT,./experiments/mbssp-control/lps/1/081.lp,Sat,0.8667114,3.220194,4712,28382,107999
810,Picat-SAT,./experiments/mbkp-control/lps/1/1_20.lp,Sat,1.5459683,5.540125,27151,210968,952057
811,SavileRow (GT),./experiments/mbkp-control/lps/1/2_20.lp,Unknown,153.71532,,632871,109649890,328744501
811,SavileRow (GT),./experiments/mbssp-control/lps/1/082.lp,Sat,6.0030174,0.15695548,48902,3522413,10544079
812,SavileRow (SWC),./experiments/mbssp-control/lps/1/082.lp,Unknown,3.1506457,,604618,1180812,2921244
812,SavileRow (SWC),./experiments/mbkp-control/lps/1/2_20.lp,Unknown,16.00145,,2516580,25120630,70401760
813,SavileRow (BDD),./experiments/mbkp-control/lps/1/2_20.lp,Sat,8.343843,0.28375098,573151,5333179,14834305
813,SavileRow (BDD),./experiments/mbssp-control/lps/1/082.lp,Unknown,2.1401849,,163399,315078,781838
814,SavileRow (GPW),./experiments/mbkp-control/lps/1/2_20.lp,Sat,3.0083694,0.5370726,83385,288945,728237
814,SavileRow (GPW),./experiments/mbssp-control/lps/1/082.lp,Sat,1.8584609,10.5019865,19208,90077,251003
816,SavileRow (GMTO),./experiments/mbssp-control/lps/1/082.lp,Sat,1.7359803,36.068535,17757,38458,111499
816,SavileRow (GMTO),./experiments/mbkp-control/lps/1/2_20.lp,Sat,3.59711,2.7159572,50149,178993,484328
817,Fun-sCOP (),./experiments/mbssp-control/lps/1/082.lp,Unknown,4.257867,,166892,473792,1394692
817,Fun-sCOP (),./experiments/mbkp-control/lps/1/2_20.lp,Sat,14.049963,1.6987518,1310776,3669739,10690765
820,Picat-SAT,./experiments/mbkp-control/lps/1/2_20.lp,Sat,1.3795202,3.057017,27079,210331,948120
820,Picat-SAT,./experiments/mbssp-control/lps/1/082.lp,Sat,0.84727955,15.4762335,4848,29209,111414
821,SavileRow (GT),./experiments/mbkp-control/lps/1/3_20.lp,Unknown,151.35474,,635604,110804959,332208359
821,SavileRow (GT),./experiments/mbssp-control/lps/1/083.lp,Sat,5.8577394,0.15038478,47550,2941617,8801735
822,SavileRow (SWC),./experiments/mbkp-control/lps/1/3_20.lp,Unknown,18.451506,,2540880,25362245,71081740
822,SavileRow (SWC),./experiments/mbssp-control/lps/1/083.lp,Unknown,2.5508842,,622714,1216056,3008418
823,SavileRow (BDD),./experiments/mbkp-control/lps/1/3_20.lp,Sat,8.857431,0.21194181,574282,5341498,14854177
823,SavileRow (BDD),./experiments/mbssp-control/lps/1/083.lp,Unknown,2.1831434,,155408,298820,741056
824,SavileRow (GPW),./experiments/mbssp-control/lps/1/083.lp,Sat,1.975993,2.6501985,19459,91596,255309
824,SavileRow (GPW),./experiments/mbkp-control/lps/1/3_20.lp,Sat,2.9645696,0.6189052,82911,287288,723877
826,SavileRow (GMTO),./experiments/mbssp-control/lps/1/083.lp,Sat,1.7153704,5.5863104,17911,38919,112769
826,SavileRow (GMTO),./experiments/mbkp-control/lps/1/3_20.lp,Sat,3.7397418,2.3568928,50242,178861,483458
827,Fun-sCOP (),./experiments/mbssp-control/lps/1/083.lp,Unknown,4.1830034,,158533,448537,1318731
827,Fun-sCOP (),./experiments/mbkp-control/lps/1/3_20.lp,Sat,15.764639,1.9219809,1292009,3617304,10538035
830,Picat-SAT,./experiments/mbkp-control/lps/1/3_20.lp,Sat,1.2934816,5.861479,27141,209420,942859
830,Picat-SAT,./experiments/mbssp-control/lps/1/083.lp,Unknown,0.8788499,,4855,29280,111190
831,SavileRow (GT),./experiments/mbssp-control/lps/1/084.lp,Sat,5.8351483,0.18144695,47995,3459936,10357160
831,SavileRow (GT),./experiments/mbkp-control/lps/1/4_20.lp,Unknown,197.9251,,639243,110166786,330289872
832,SavileRow (SWC),./experiments/mbssp-control/lps/1/084.lp,Unknown,3.1006734,,590110,1152518,2851236
832,SavileRow (SWC),./experiments/mbkp-control/lps/1/4_20.lp,Unknown,20.10809,,2549610,25444085,71313230
833,SavileRow (BDD),./experiments/mbssp-control/lps/1/084.lp,Unknown,2.523285,,156986,302270,749820
833,SavileRow (BDD),./experiments/mbkp-control/lps/1/4_20.lp,Sat,8.934764,7.0476465,589609,5514558,15361915
834,SavileRow (GPW),./experiments/mbssp-control/lps/1/084.lp,Sat,1.7334485,28.728989,18620,86374,240482
834,SavileRow (GPW),./experiments/mbkp-control/lps/1/4_20.lp,Sat,2.8642507,1.2056447,82899,287166,723609
836,SavileRow (GMTO),./experiments/mbkp-control/lps/1/4_20.lp,Sat,3.7363935,2.6351457,50296,178552,483046
836,SavileRow (GMTO),./experiments/mbssp-control/lps/1/084.lp,Sat,1.7092695,5.562597,17651,38228,110844
837,Fun-sCOP (),./experiments/mbssp-control/lps/1/084.lp,Unknown,4.180212,,160417,455015,1338979
837,Fun-sCOP (),./experiments/mbkp-control/lps/1/4_20.lp,Sat,14.551181,1.3696342,1295489,3628380,10572100
840,Picat-SAT,./experiments/mbkp-control/lps/1/4_20.lp,Sat,1.9225671,13.031135,27234,214531,975205
840,Picat-SAT,./experiments/mbssp-control/lps/1/084.lp,Sat,1.0346994,46.83429,4864,29106,110324
841,SavileRow (GT),./experiments/mbkp-control/lps/1/1_21.lp,Unknown,194.28516,,634101,106653011,319753582
841,SavileRow (GT),./experiments/mbssp-control/lps/1/085.lp,Sat,6.8377433,0.16091423,46706,2907173,8698908
842,SavileRow (SWC),./experiments/mbssp-control/lps/1/085.lp,Unknown,2.8295329,,602473,1176612,2910832
842,SavileRow (SWC),./experiments/mbkp-control/lps/1/1_21.lp,Unknown,20.879482,,2568960,25636420,71895860
843,SavileRow (BDD),./experiments/mbkp-control/lps/1/1_21.lp,Sat,8.54091,0.8156924,587109,5485331,15309059
843,SavileRow (BDD),./experiments/mbssp-control/lps/1/085.lp,Sat,2.438358,20.23408,155508,299259,742265
844,SavileRow (GPW),./experiments/mbkp-control/lps/1/1_21.lp,Sat,2.947761,0.15713316,83209,288582,727280
844,SavileRow (GPW),./experiments/mbssp-control/lps/1/085.lp,Sat,1.5917635,4.048448,18737,87026,242321
846,SavileRow (GMTO),./experiments/mbssp-control/lps/1/085.lp,Sat,1.7394786,5.7158074,17703,38010,109751
846,SavileRow (GMTO),./experiments/mbkp-control/lps/1/1_21.lp,Sat,4.9996576,3.0679889,50260,178966,483761
847,Fun-sCOP (),./experiments/mbssp-control/lps/1/085.lp,Unknown,4.1153593,,158850,449924,1323314
847,Fun-sCOP (),./experiments/mbkp-control/lps/1/1_21.lp,Sat,14.422845,1.46464,1326551,3717284,10834979
850,Picat-SAT,./experiments/mbkp-control/lps/1/1_21.lp,Sat,1.2539861,3.9878578,27151,210878,951991
850,Picat-SAT,./experiments/mbssp-control/lps/1/085.lp,Sat,0.8690862,4.1788087,4653,27890,106148
851,SavileRow (GT),./experiments/mbkp-control/lps/1/2_21.lp,Unknown,192.42056,,633181,106097213,318086482
851,SavileRow (GT),./experiments/mbssp-control/lps/1/086.lp,Sat,5.9057417,0.15551911,48368,3660059,10957607
852,SavileRow (SWC),./experiments/mbssp-control/lps/1/086.lp,Unknown,2.696227,,600289,1172366,2900346
852,SavileRow (SWC),./experiments/mbkp-control/lps/1/2_21.lp,Unknown,19.627329,,2552850,25475270,71433440
853,SavileRow (BDD),./experiments/mbssp-control/lps/1/086.lp,Unknown,2.5199473,,159590,307375,762542
853,SavileRow (BDD),./experiments/mbkp-control/lps/1/2_21.lp,Sat,8.09006,0.27202848,570468,5291390,14727965
854,SavileRow (GPW),./experiments/mbkp-control/lps/1/2_21.lp,Sat,2.8842518,0.31237605,83432,289438,729669
854,SavileRow (GPW),./experiments/mbssp-control/lps/1/086.lp,Sat,1.805971,13.368875,19126,89660,249834
856,SavileRow (GMTO),./experiments/mbssp-control/lps/1/086.lp,Sat,1.7187341,8.036256,17514,39341,115716
856,SavileRow (GMTO),./experiments/mbkp-control/lps/1/2_21.lp,Sat,3.5706234,0.11948587,50149,179018,484520
857,Fun-sCOP (),./experiments/mbkp-control/lps/1/2_21.lp,Sat,14.650652,1.8809128,1315459,3682106,10728456
857,Fun-sCOP (),./experiments/mbssp-control/lps/1/086.lp,Unknown,4.121287,,162512,461096,1357036
860,Picat-SAT,./experiments/mbkp-control/lps/1/2_21.lp,Sat,1.1831065,3.668647,27083,210395,948484
860,Picat-SAT,./experiments/mbssp-control/lps/1/086.lp,Sat,0.9651317,30.003347,4724,28394,107790
861,SavileRow (GT),./experiments/mbkp-control/lps/1/3_21.lp,Unknown,170.74815,,635988,107257341,321565518
861,SavileRow (GT),./experiments/mbssp-control/lps/1/087.lp,Sat,5.361223,0.14275537,46148,2709952,8107385
862,SavileRow (SWC),./experiments/mbkp-control/lps/1/3_21.lp,Unknown,22.05034,,2577690,25722165,72128780
862,SavileRow (SWC),./experiments/mbssp-control/lps/1/087.lp,Sat,3.297162,42.30358,599080,1170002,2894496
863,SavileRow (BDD),./experiments/mbssp-control/lps/1/087.lp,Unknown,2.0593247,,147979,284665,706013
863,SavileRow (BDD),./experiments/mbkp-control/lps/1/3_21.lp,Sat,8.486939,0.20453838,571459,5299471,14747335
864,SavileRow (GPW),./experiments/mbssp-control/lps/1/087.lp,Sat,2.0475717,4.057632,18643,86147,239778
864,SavileRow (GPW),./experiments/mbkp-control/lps/1/3_21.lp,Sat,2.837889,0.2861814,82865,286852,722615
866,SavileRow (GMTO),./experiments/mbssp-control/lps/1/087.lp,Sat,1.8404074,21.802532,17546,38278,111180
866,SavileRow (GMTO),./experiments/mbkp-control/lps/1/3_21.lp,Sat,3.5112066,1.9600961,50248,178815,483352
867,Fun-sCOP (),./experiments/mbkp-control/lps/1/3_21.lp,Sat,14.988499,2.0619698,1296558,3629363,10574894
867,Fun-sCOP (),./experiments/mbssp-control/lps/1/087.lp,Unknown,4.148279,,151558,428612,1259956
870,Picat-SAT,./experiments/mbssp-control/lps/1/087.lp,Unknown,0.9888494,,4801,28819,109062
870,Picat-SAT,./experiments/mbkp-control/lps/1/3_21.lp,Sat,1.3010429,1.4051673,27141,209326,942660
871,SavileRow (GT),./experiments/mbkp-control/lps/1/4_21.lp,Unknown,146.10654,,639716,106783148,320138966
871,SavileRow (GT),./experiments/mbssp-control/lps/1/088.lp,Sat,6.517338,0.16352281,48131,3300092,9877110
872,SavileRow (SWC),./experiments/mbkp-control/lps/1/4_21.lp,Unknown,18.97171,,2586060,25800485,72350030
872,SavileRow (SWC),./experiments/mbssp-control/lps/1/088.lp,Unknown,2.8499563,,598573,1169016,2892062
873,SavileRow (BDD),./experiments/mbkp-control/lps/1/4_21.lp,Sat,8.967715,0.77129114,586834,5472420,15254189
873,SavileRow (BDD),./experiments/mbssp-control/lps/1/088.lp,Unknown,2.2612436,,163525,315654,783442
874,SavileRow (GPW),./experiments/mbkp-control/lps/1/4_21.lp,Sat,2.9101605,0.6731996,82872,286966,723036
874,SavileRow (GPW),./experiments/mbssp-control/lps/1/088.lp,Sat,1.668493,43.756493,19405,91707,255696
876,SavileRow (GMTO),./experiments/mbssp-control/lps/1/088.lp,Sat,1.729193,55.338238,17697,39072,114169
876,SavileRow (GMTO),./experiments/mbkp-control/lps/1/4_21.lp,Sat,3.577734,1.6477926,50310,178533,483007
877,Fun-sCOP (),./experiments/mbssp-control/lps/1/088.lp,Unknown,4.1099153,,167458,475770,1400908
877,Fun-sCOP (),./experiments/mbkp-control/lps/1/4_21.lp,Sat,13.015723,1.3081889,1300031,3640348,10608736
880,Picat-SAT,./experiments/mbkp-control/lps/1/4_21.lp,Sat,2.756303,8.286254,27239,214580,975466
880,Picat-SAT,./experiments/mbssp-control/lps/1/088.lp,Unknown,0.9489175,,4840,29401,112214
881,SavileRow (GT),./experiments/mbssp-control/lps/1/089.lp,Sat,6.233134,0.18266612,47705,3188432,9542459
881,SavileRow (GT),./experiments/mbkp-control/lps/1/1_22.lp,Unknown,166.50288,,634408,103323255,309764324
882,SavileRow (SWC),./experiments/mbssp-control/lps/1/089.lp,Unknown,2.8582354,,601654,1175022,2906906
882,SavileRow (SWC),./experiments/mbkp-control/lps/1/1_22.lp,Unknown,21.417465,,2603700,25976100,72884020
883,SavileRow (BDD),./experiments/mbkp-control/lps/1/1_22.lp,Sat,8.422286,0.83032936,583981,5438947,15189667
883,SavileRow (BDD),./experiments/mbssp-control/lps/1/089.lp,Sat,2.2134542,28.563303,154576,297131,736814
884,SavileRow (GPW),./experiments/mbssp-control/lps/1/089.lp,Sat,1.913486,3.7282672,18986,88697,247085
884,SavileRow (GPW),./experiments/mbkp-control/lps/1/1_22.lp,Sat,3.2050486,0.48794743,83238,288840,728025
886,SavileRow (GMTO),./experiments/mbkp-control/lps/1/1_22.lp,Sat,3.4514506,1.6655551,50279,179009,483858
886,SavileRow (GMTO),./experiments/mbssp-control/lps/1/089.lp,Sat,1.9025537,1.8063807,17577,38173,110817
887,Fun-sCOP (),./experiments/mbkp-control/lps/1/1_22.lp,Sat,15.678177,1.253896,1330908,3728817,10870284
887,Fun-sCOP (),./experiments/mbssp-control/lps/1/089.lp,Unknown,4.223323,,157097,444759,1307919
890,Picat-SAT,./experiments/mbkp-control/lps/1/1_22.lp,Sat,1.2182978,2.5142906,27159,210943,952164
890,Picat-SAT,./experiments/mbssp-control/lps/1/089.lp,Sat,0.92365205,9.865974,4818,29212,110919
891,SavileRow (GT),./experiments/mbkp-control/lps/1/2_22.lp,Unknown,164.5469,,633392,102598093,307589129
891,SavileRow (GT),./experiments/mbssp-control/lps/1/090.lp,Sat,5.8549514,0.16330032,47018,2886291,8635737
892,SavileRow (SWC),./experiments/mbkp-control/lps/1/2_22.lp,Unknown,24.423685,,2588670,25825510,72452320
892,SavileRow (SWC),./experiments/mbssp-control/lps/1/090.lp,Unknown,2.5228963,,593425,1158994,2867256
893,SavileRow (BDD),./experiments/mbkp-control/lps/1/2_22.lp,Sat,8.070559,0.2534588,567367,5246146,14611579
893,SavileRow (BDD),./experiments/mbssp-control/lps/1/090.lp,Unknown,2.2998972,,150395,288656,715573
894,SavileRow (GPW),./experiments/mbkp-control/lps/1/2_22.lp,Sat,3.1410036,0.27818903,83376,288895,728096
894,SavileRow (GPW),./experiments/mbssp-control/lps/1/090.lp,Sat,1.8351307,11.759696,19236,90483,252193
896,SavileRow (GMTO),./experiments/mbssp-control/lps/1/090.lp,Sat,1.7049085,4.7561903,17489,39114,114729
896,SavileRow (GMTO),./experiments/mbkp-control/lps/1/2_22.lp,Sat,3.8097227,0.12546344,50169,179009,484513
897,Fun-sCOP (),./experiments/mbkp-control/lps/1/2_22.lp,Sat,15.052899,1.8623765,1319730,3693293,10762773
897,Fun-sCOP (),./experiments/mbssp-control/lps/1/090.lp,Sat,4.131938,55.215515,152077,430293,1265099
900,Picat-SAT,./experiments/mbssp-control/lps/1/090.lp,Sat,0.9682627,4.6310263,4839,28887,109183
900,Picat-SAT,./experiments/mbkp-control/lps/1/2_22.lp,Sat,1.4720644,3.2981734,27085,210334,948457
901,SavileRow (GT),./experiments/mbkp-control/lps/1/3_22.lp,Unknown,141.4615,,636228,103691459,310867876
901,SavileRow (GT),./experiments/mbssp-control/lps/1/091.lp,Sat,8.661003,0.17003164,48038,2984038,8928682
902,SavileRow (SWC),./experiments/mbkp-control/lps/1/3_22.lp,Unknown,21.515368,,2613870,26075925,73157900
902,SavileRow (SWC),./experiments/mbssp-control/lps/1/091.lp,Unknown,2.6348538,,611092,1193410,2952390
903,SavileRow (BDD),./experiments/mbkp-control/lps/1/3_22.lp,Sat,7.8605084,0.22701216,568344,5253400,14629227
903,SavileRow (BDD),./experiments/mbssp-control/lps/1/091.lp,Unknown,2.3939388,,153633,295732,733560
904,SavileRow (GPW),./experiments/mbkp-control/lps/1/3_22.lp,Sat,3.1616552,0.21758674,82909,287253,723774
904,SavileRow (GPW),./experiments/mbssp-control/lps/1/091.lp,Sat,1.8540663,9.274005,19073,89394,249089
906,SavileRow (GMTO),./experiments/mbkp-control/lps/1/3_22.lp,Sat,3.7260249,0.14242238,50267,178849,483464
906,SavileRow (GMTO),./experiments/mbssp-control/lps/1/091.lp,Sat,1.7104951,7.7051,17715,39531,115837
907,Fun-sCOP (),./experiments/mbkp-control/lps/1/3_22.lp,Sat,12.95287,2.1184921,1300978,3641007,10610462
907,Fun-sCOP (),./experiments/mbssp-control/lps/1/091.lp,Unknown,4.078568,,157102,444832,1308226
910,Picat-SAT,./experiments/mbkp-control/lps/1/3_22.lp,Sat,1.2001848,0.29097918,27151,209419,942985
910,Picat-SAT,./experiments/mbssp-control/lps/1/091.lp,Sat,0.91608256,1.9987555,4773,28771,109651
911,SavileRow (GT),./experiments/mbkp-control/lps/1/4_22.lp,Unknown,196.6152,,640015,103306001,309707534
911,SavileRow (GT),./experiments/mbssp-control/lps/1/092.lp,Sat,6.325737,0.21467987,48620,3576856,10707563
912,SavileRow (SWC),./experiments/mbssp-control/lps/1/092.lp,Unknown,3.0597286,,596545,1165066,2882288
912,SavileRow (SWC),./experiments/mbkp-control/lps/1/4_22.lp,Unknown,20.694588,,2622690,26158645,73391950
913,SavileRow (BDD),./experiments/mbssp-control/lps/1/092.lp,Unknown,2.4814513,,162576,313543,778053
913,SavileRow (BDD),./experiments/mbkp-control/lps/1/4_22.lp,Sat,8.726255,0.8851396,583586,5425140,15132133
914,SavileRow (GPW),./experiments/mbkp-control/lps/1/4_22.lp,Sat,4.007185,0.43828776,82864,286961,723029
914,SavileRow (GPW),./experiments/mbssp-control/lps/1/092.lp,Sat,1.8221321,9.2451,18819,87520,243721
916,SavileRow (GMTO),./experiments/mbssp-control/lps/1/092.lp,Sat,1.770344,11.90539,17460,38126,110855
916,SavileRow (GMTO),./experiments/mbkp-control/lps/1/4_22.lp,Sat,3.6387138,2.4924858,50310,178500,482986
917,Fun-sCOP (),./experiments/mbssp-control/lps/1/092.lp,Unknown,4.2971234,,166062,471612,1388458
917,Fun-sCOP (),./experiments/mbkp-control/lps/1/4_22.lp,Sat,13.447085,1.2228158,1304424,3651881,10644097
920,Picat-SAT,./experiments/mbssp-control/lps/1/092.lp,Unknown,0.8479703,,4802,29022,110244
920,Picat-SAT,./experiments/mbkp-control/lps/1/4_22.lp,Sat,1.1753716,3.3505275,27239,214493,975413
921,SavileRow (GT),./experiments/mbkp-control/lps/1/1_23.lp,Unknown,152.8674,,634692,99732161,298991048
921,SavileRow (GT),./experiments/mbssp-control/lps/1/093.lp,Sat,6.0159025,0.17826805,48294,3440985,10300380
922,SavileRow (SWC),./experiments/mbkp-control/lps/1/1_23.lp,Unknown,17.516226,,2641140,26342180,73948980
922,SavileRow (SWC),./experiments/mbssp-control/lps/1/093.lp,Unknown,3.1101089,,609532,1190372,2944892
923,SavileRow (BDD),./experiments/mbssp-control/lps/1/093.lp,Unknown,2.275756,,163455,315356,782615
923,SavileRow (BDD),./experiments/mbkp-control/lps/1/1_23.lp,Sat,8.491275,0.801217,580163,5385047,15049467
924,SavileRow (GPW),./experiments/mbkp-control/lps/1/1_23.lp,Sat,2.883183,0.23517632,83192,288414,726793
924,SavileRow (GPW),./experiments/mbssp-control/lps/1/093.lp,Sat,1.7747247,8.154858,18811,86984,242121
926,SavileRow (GMTO),./experiments/mbkp-control/lps/1/1_23.lp,Sat,3.5734572,2.5965033,50294,178998,483920
926,SavileRow (GMTO),./experiments/mbssp-control/lps/1/093.lp,Sat,1.9457142,14.85594,17804,38368,111087
927,Fun-sCOP (),./experiments/mbkp-control/lps/1/1_23.lp,Sat,14.065924,1.2631631,1335353,3740504,10906291
927,Fun-sCOP (),./experiments/mbssp-control/lps/1/093.lp,Unknown,4.1448364,,167620,475774,1400430
930,Picat-SAT,./experiments/mbkp-control/lps/1/1_23.lp,Sat,1.2467346,2.4757092,27164,210915,952284
930,Picat-SAT,./experiments/mbssp-control/lps/1/093.lp,Sat,0.5655911,13.244824,4715,28447,108414
931,SavileRow (GT),./experiments/mbkp-control/lps/1/2_23.lp,Unknown,201.8005,,633561,99049429,296943143
931,SavileRow (GT),./experiments/mbssp-control/lps/1/094.lp,Sat,5.7423835,0.18408613,47689,3430603,10269278
932,SavileRow (SWC),./experiments/mbssp-control/lps/1/094.lp,Sat,2.719225,41.377712,584260,1141128,2823058
932,SavileRow (SWC),./experiments/mbkp-control/lps/1/2_23.lp,Unknown,19.911339,,2624940,26180150,73484000
933,SavileRow (BDD),./experiments/mbkp-control/lps/1/2_23.lp,Sat,8.973061,0.23847269,563936,5196352,14482446
933,SavileRow (BDD),./experiments/mbssp-control/lps/1/094.lp,Sat,2.4303877,23.932793,152303,292749,725942
934,SavileRow (GPW),./experiments/mbkp-control/lps/1/2_23.lp,Sat,2.8335612,0.5912068,83401,289114,728728
934,SavileRow (GPW),./experiments/mbssp-control/lps/1/094.lp,Sat,1.7650301,8.093352,18762,86950,242068
936,SavileRow (GMTO),./experiments/mbssp-control/lps/1/094.lp,Unknown,1.7849646,,17646,38092,110313
936,SavileRow (GMTO),./experiments/mbkp-control/lps/1/2_23.lp,Sat,3.625372,2.4410129,50198,179023,484518
937,Fun-sCOP (),./experiments/mbssp-control/lps/1/094.lp,Unknown,4.046964,,154301,437205,1286083
937,Fun-sCOP (),./experiments/mbkp-control/lps/1/2_23.lp,Sat,14.344205,1.8185489,1323970,3704403,10796847
940,Picat-SAT,./experiments/mbkp-control/lps/1/2_23.lp,Sat,2.5544398,2.9372518,27094,210376,948529
940,Picat-SAT,./experiments/mbssp-control/lps/1/094.lp,Sat,0.82339674,13.338576,4793,28734,109312
941,SavileRow (GT),./experiments/mbkp-control/lps/1/3_23.lp,Unknown,194.26608,,636478,100172670,300311514
941,SavileRow (GT),./experiments/mbssp-control/lps/1/095.lp,Sat,6.0473547,0.19380051,48720,3662796,10965775
942,SavileRow (SWC),./experiments/mbkp-control/lps/1/3_23.lp,Unknown,19.363903,,2650500,26434085,74199820
942,SavileRow (SWC),./experiments/mbssp-control/lps/1/095.lp,Sat,2.5822315,43.66249,601342,1174414,2905406
943,SavileRow (BDD),./experiments/mbkp-control/lps/1/3_23.lp,Sat,9.298548,0.20047368,564816,5203734,14500536
943,SavileRow (BDD),./experiments/mbssp-control/lps/1/095.lp,Unknown,2.3041327,,155698,299681,743350
944,SavileRow (GPW),./experiments/mbkp-control/lps/1/3_23.lp,Sat,4.6849494,0.42428526,82866,286871,722671
944,SavileRow (GPW),./experiments/mbssp-control/lps/1/095.lp,Sat,1.7684746,4.674525,18870,87850,244660
946,SavileRow (GMTO),./experiments/mbssp-control/lps/1/095.lp,Sat,1.8493096,35.611706,17402,38178,111267
946,SavileRow (GMTO),./experiments/mbkp-control/lps/1/3_23.lp,Sat,3.8946354,0.12677836,50267,178818,483464
947,Fun-sCOP (),./experiments/mbkp-control/lps/1/3_23.lp,Sat,13.980109,1.9989753,1305108,3651833,10643666
947,Fun-sCOP (),./experiments/mbssp-control/lps/1/095.lp,Unknown,4.1160088,,158955,450421,1324985
950,Picat-SAT,./experiments/mbssp-control/lps/1/095.lp,Sat,1.0175146,13.224404,4799,28916,109768
950,Picat-SAT,./experiments/mbkp-control/lps/1/3_23.lp,Sat,1.5397776,0.44313252,27151,209373,943006
951,SavileRow (GT),./experiments/mbkp-control/lps/1/4_23.lp,Unknown,161.81795,,640227,99860931,299372331
951,SavileRow (GT),./experiments/mbssp-control/lps/1/096.lp,Sat,6.050375,0.20578848,48638,3627816,10860961
952,SavileRow (SWC),./experiments/mbkp-control/lps/1/4_23.lp,Unknown,18.237467,,2658780,26511525,74418510
952,SavileRow (SWC),./experiments/mbssp-control/lps/1/096.lp,Sat,3.107632,38.33362,606256,1183996,2929116
953,SavileRow (BDD),./experiments/mbkp-control/lps/1/4_23.lp,Sat,8.441645,0.9437586,580070,5375743,15003486
953,SavileRow (BDD),./experiments/mbssp-control/lps/1/096.lp,Unknown,2.465607,,155085,298110,739242
954,SavileRow (GPW),./experiments/mbkp-control/lps/1/4_23.lp,Sat,2.886016,0.902913,82860,286818,722604
954,SavileRow (GPW),./experiments/mbssp-control/lps/1/096.lp,Sat,1.6623483,8.154635,18858,87329,243109
956,SavileRow (GMTO),./experiments/mbkp-control/lps/1/4_23.lp,Sat,3.5357203,2.29231,50331,178504,483002
956,SavileRow (GMTO),./experiments/mbssp-control/lps/1/096.lp,Sat,1.8792524,8.171166,17638,38630,112539
957,Fun-sCOP (),./experiments/mbkp-control/lps/1/4_23.lp,Sat,14.4612665,1.297726,1308666,3663001,10678173
957,Fun-sCOP (),./experiments/mbssp-control/lps/1/096.lp,Unknown,4.066834,,157289,445549,1310503
960,Picat-SAT,./experiments/mbkp-control/lps/1/4_23.lp,Sat,1.4007788,0.14379169,27250,214561,975543
960,Picat-SAT,./experiments/mbssp-control/lps/1/096.lp,Sat,0.8633815,12.290363,4825,28878,109635
961,SavileRow (GT),./experiments/mbssp-control/lps/1/097.lp,Sat,5.799447,0.1821534,48783,3610537,10808740
961,SavileRow (GT),./experiments/mbkp-control/lps/1/1_24.lp,Unknown,151.92351,,634855,96214250,288437320
962,SavileRow (SWC),./experiments/mbssp-control/lps/1/097.lp,Unknown,2.7544286,,599665,1171152,2897336
962,SavileRow (SWC),./experiments/mbkp-control/lps/1/1_24.lp,Unknown,21.454348,,2677680,26699460,74988340
963,SavileRow (BDD),./experiments/mbkp-control/lps/1/1_24.lp,Sat,8.192518,0.6401733,576212,5329856,14904846
963,SavileRow (BDD),./experiments/mbssp-control/lps/1/097.lp,Unknown,2.2626083,,161288,310227,769390
964,SavileRow (GPW),./experiments/mbssp-control/lps/1/097.lp,Sat,1.7170234,43.4934,18758,86759,241499
964,SavileRow (GPW),./experiments/mbkp-control/lps/1/1_24.lp,Sat,3.1522646,0.3806926,83175,288257,726339
966,SavileRow (GMTO),./experiments/mbssp-control/lps/1/097.lp,Sat,1.8393734,54.16635,17829,38131,109922
966,SavileRow (GMTO),./experiments/mbkp-control/lps/1/1_24.lp,Sat,3.918377,0.16718121,50302,178976,483837
967,Fun-sCOP (),./experiments/mbkp-control/lps/1/1_24.lp,Sat,16.288212,1.3309144,1339442,3751169,10939156
967,Fun-sCOP (),./experiments/mbssp-control/lps/1/097.lp,Unknown,4.3190236,,163238,463118,1362912
970,Picat-SAT,./experiments/mbssp-control/lps/1/097.lp,Unknown,1.0258982,,4855,29613,113598
970,Picat-SAT,./experiments/mbkp-control/lps/1/1_24.lp,Sat,1.4989725,3.9600666,27166,210887,952208
971,SavileRow (GT),./experiments/mbssp-control/lps/1/098.lp,Sat,5.4845967,0.1774149,45727,2415606,7223740
971,SavileRow (GT),./experiments/mbkp-control/lps/1/2_24.lp,Unknown,156.72556,,633671,95573447,286515198
972,SavileRow (SWC),./experiments/mbkp-control/lps/1/2_24.lp,Unknown,17.433205,,2660850,26531270,74505440
972,SavileRow (SWC),./experiments/mbssp-control/lps/1/098.lp,Sat,2.5571218,47.188156,605125,1181786,2923638
973,SavileRow (BDD),./experiments/mbkp-control/lps/1/2_24.lp,Sat,8.566875,0.25483543,560113,5143573,14344376
973,SavileRow (BDD),./experiments/mbssp-control/lps/1/098.lp,Sat,2.2200546,55.902157,140194,268416,665062
974,SavileRow (GPW),./experiments/mbkp-control/lps/1/2_24.lp,Sat,3.1615121,0.4298768,83415,289193,728951
974,SavileRow (GPW),./experiments/mbssp-control/lps/1/098.lp,Sat,1.7339126,13.86277,18860,87339,243137
976,SavileRow (GMTO),./experiments/mbssp-control/lps/1/098.lp,Sat,1.7053587,14.0692,17665,38287,110856
976,SavileRow (GMTO),./experiments/mbkp-control/lps/1/2_24.lp,Sat,3.6771367,1.5392358,50251,179074,484600
977,Fun-sCOP (),./experiments/mbkp-control/lps/1/2_24.lp,Sat,13.473075,1.3358872,1328013,3714910,10829144
977,Fun-sCOP (),./experiments/mbssp-control/lps/1/098.lp,Unknown,4.377348,,142223,400753,1176515
980,Picat-SAT,./experiments/mbkp-control/lps/1/2_24.lp,Sat,1.8600755,2.5995014,27108,210459,948738
980,Picat-SAT,./experiments/mbssp-control/lps/1/098.lp,Sat,0.8835243,27.644794,4834,29421,112383
981,SavileRow (GT),./experiments/mbssp-control/lps/1/099.lp,Sat,5.7056036,0.14517488,47381,3220170,9638226
981,SavileRow (GT),./experiments/mbkp-control/lps/1/3_24.lp,Unknown,143.69913,,636616,96641695,289718592
982,SavileRow (SWC),./experiments/mbkp-control/lps/1/3_24.lp,Unknown,19.67988,,2686860,26789605,75234060
982,SavileRow (SWC),./experiments/mbssp-control/lps/1/099.lp,Sat,2.8551033,45.624878,609025,1189394,2942468
983,SavileRow (BDD),./experiments/mbssp-control/lps/1/099.lp,Sat,2.2923763,17.061344,150015,288379,715131
983,SavileRow (BDD),./experiments/mbkp-control/lps/1/3_24.lp,Sat,7.765422,0.22355495,560904,5149994,14360470
984,SavileRow (GPW),./experiments/mbkp-control/lps/1/3_24.lp,Sat,2.688014,0.44825083,82868,286859,722633
984,SavileRow (GPW),./experiments/mbssp-control/lps/1/099.lp,Sat,1.6963935,2.5304363,18658,86156,239790
986,SavileRow (GMTO),./experiments/mbssp-control/lps/1/099.lp,Sat,1.7688859,1.1094046,17496,38479,112197
986,SavileRow (GMTO),./experiments/mbkp-control/lps/1/3_24.lp,Sat,6.1428037,0.16529357,50317,178869,483495
987,Fun-sCOP (),./experiments/mbkp-control/lps/1/3_24.lp,Sat,13.829664,2.1735122,1309035,3661984,10674953
987,Fun-sCOP (),./experiments/mbssp-control/lps/1/099.lp,Sat,4.0127335,25.015354,153467,434091,1276153
990,Picat-SAT,./experiments/mbkp-control/lps/1/3_24.lp,Sat,1.4649445,0.19390915,27158,209396,943056
990,Picat-SAT,./experiments/mbssp-control/lps/1/099.lp,Sat,0.917359,8.86973,4761,28411,107873
991,SavileRow (GT),./experiments/mbssp-control/lps/1/100.lp,Sat,6.54355,0.15494318,48826,3617400,10829277
991,SavileRow (GT),./experiments/mbkp-control/lps/1/4_24.lp,Unknown,193.91661,,640380,96380911,288932275
992,SavileRow (SWC),./experiments/mbssp-control/lps/1/100.lp,Sat,2.703132,34.49144,606022,1183536,2927966
992,SavileRow (SWC),./experiments/mbkp-control/lps/1/4_24.lp,Unknown,18.345932,,2695230,26867925,75455310
993,SavileRow (BDD),./experiments/mbkp-control/lps/1/4_24.lp,Sat,8.459913,0.5292764,576120,5321123,14860477
993,SavileRow (BDD),./experiments/mbssp-control/lps/1/100.lp,Unknown,2.2687497,,161866,311506,772659
994,SavileRow (GPW),./experiments/mbssp-control/lps/1/100.lp,Sat,1.8959951,2.700594,18895,87881,244728
994,SavileRow (GPW),./experiments/mbkp-control/lps/1/4_24.lp,Sat,2.8080459,0.29124388,82874,286945,722971
996,SavileRow (GMTO),./experiments/mbkp-control/lps/1/4_24.lp,Sat,3.9190545,1.0878246,50343,178538,483175
996,SavileRow (GMTO),./experiments/mbssp-control/lps/1/100.lp,Sat,1.920831,1.9525371,17310,37863,110268
997,Fun-sCOP (),./experiments/mbkp-control/lps/1/4_24.lp,Sat,13.525309,1.2319711,1312603,3673252,10709704
997,Fun-sCOP (),./experiments/mbssp-control/lps/1/100.lp,Sat,4.614169,51.956753,164178,465846,1371028
1000,Picat-SAT,./experiments/mbssp-control/lps/1/100.lp,Sat,0.8904762,5.1161814,4811,28915,109913
1000,Picat-SAT,./experiments/mbkp-control/lps/1/4_24.lp,Sat,1.267373,0.21274313,27250,214589,975774
1001,SavileRow (GT),./experiments/mbkp-control/lps/2/1_00.lp,Timeout,,,,,
1001,SavileRow (GT),./experiments/mbssp-control/lps/2/001.lp,Unknown,21.079782,,65702,15201484,45575360
1002,SavileRow (SWC),./experiments/mbssp-control/lps/2/001.lp,Unknown,2.759829,,260366,2645334,7440396
1002,SavileRow (SWC),./experiments/mbkp-control/lps/2/1_00.lp,Unknown,85.04195,,9069750,91222490,252005720
1003,SavileRow (BDD),./experiments/mbssp-control/lps/2/001.lp,Unknown,2.366922,,71228,685892,1909199
1003,SavileRow (BDD),./experiments/mbkp-control/lps/2/1_00.lp,Unknown,24.09244,,1941713,19194752,52848525
1004,SavileRow (GPW),./experiments/mbssp-control/lps/2/001.lp,Unknown,1.1034204,,8360,30465,77783
1004,SavileRow (GPW),./experiments/mbkp-control/lps/2/1_00.lp,Unsat,3.3111267,14.489167,111190,394031,997702
1006,SavileRow (GMTO),./experiments/mbkp-control/lps/2/1_00.lp,Unsat,5.2963486,3.6941524,62539,233767,635080
1006,SavileRow (GMTO),./experiments/mbssp-control/lps/2/001.lp,Unknown,1.1550374,,5100,17749,48226
1007,Fun-sCOP (),./experiments/mbssp-control/lps/2/001.lp,Unknown,3.6918943,,149557,420277,1232625
1007,Fun-sCOP (),./experiments/mbkp-control/lps/2/1_00.lp,Unknown,48.81991,,5039212,14109499,40866782
1010,Picat-SAT,./experiments/mbkp-control/lps/2/1_00.lp,Unsat,1.4759283,45.99241,41291,356412,1643853
1010,Picat-SAT,./experiments/mbssp-control/lps/2/001.lp,Sat,0.5833899,0.3306859,1552,12381,55138
1011,SavileRow (GT),./experiments/mbkp-control/lps/2/2_00.lp,Timeout,,,,,
1011,SavileRow (GT),./experiments/mbssp-control/lps/2/002.lp,Unknown,27.18669,,74997,19665153,58962475
1012,SavileRow (SWC),./experiments/mbssp-control/lps/2/002.lp,Unknown,2.7036543,,292376,2966974,8344976
1012,SavileRow (SWC),./experiments/mbkp-control/lps/2/2_00.lp,Unknown,50.344685,,8985634,88612721,244823072
1013,SavileRow (BDD),./experiments/mbkp-control/lps/2/2_00.lp,Unknown,21.427225,,1854456,17868941,49128588
1013,SavileRow (BDD),./experiments/mbssp-control/lps/2/002.lp,Unknown,3.106211,,89877,873940,2440942
1014,SavileRow (GPW),./experiments/mbssp-control/lps/2/002.lp,Unknown,0.9642678,,8583,31485,80452
1014,SavileRow (GPW),./experiments/mbkp-control/lps/2/2_00.lp,Unsat,2.8728333,13.631647,110647,390211,988525
1016,SavileRow (GMTO),./experiments/mbssp-control/lps/2/002.lp,Unknown,1.2694907,,5156,17882,48377
1016,SavileRow (GMTO),./experiments/mbkp-control/lps/2/2_00.lp,Unsat,5.280108,4.3146453,62146,230032,625804
1017,Fun-sCOP (),./experiments/mbkp-control/lps/2/2_00.lp,Unknown,49.087543,,4844055,13545700,39211016
1017,Fun-sCOP (),./experiments/mbssp-control/lps/2/002.lp,Unknown,3.450364,,150749,422765,1239035
1020,Picat-SAT,./experiments/mbkp-control/lps/2/2_00.lp,Unsat,1.6595705,55.59986,41442,358294,1652192
1020,Picat-SAT,./experiments/mbssp-control/lps/2/002.lp,Sat,0.55536354,0.57908505,1600,12908,58100
1021,SavileRow (GT),./experiments/mbssp-control/lps/2/003.lp,Unknown,35.431137,,80717,22873967,68583533
1021,SavileRow (GT),./experiments/mbkp-control/lps/2/3_00.lp,Timeout,,,,,
1022,SavileRow (SWC),./experiments/mbssp-control/lps/2/003.lp,Unknown,2.9147878,,317456,3217114,9049496
1022,SavileRow (SWC),./experiments/mbkp-control/lps/2/3_00.lp,Unknown,56.507572,,9098018,90606497,250316902
1023,SavileRow (BDD),./experiments/mbssp-control/lps/2/003.lp,Unknown,2.7270505,,92505,902444,2524001
1023,SavileRow (BDD),./experiments/mbkp-control/lps/2/3_00.lp,Unknown,22.04803,,1909810,18567227,50969536
1024,SavileRow (GPW),./experiments/mbssp-control/lps/2/003.lp,Unknown,1.1823131,,9240,34658,89022
1024,SavileRow (GPW),./experiments/mbkp-control/lps/2/3_00.lp,Unsat,3.7620122,16.545565,111305,394100,998175
1026,SavileRow (GMTO),./experiments/mbkp-control/lps/2/3_00.lp,Unsat,5.0260835,4.8621097,62414,233308,634891
1026,SavileRow (GMTO),./experiments/mbssp-control/lps/2/003.lp,Unknown,1.1444434,,5368,19186,52075
1027,Fun-sCOP (),./experiments/mbkp-control/lps/2/3_00.lp,Unknown,46.27036,,4908592,13728447,39746987
1027,Fun-sCOP (),./experiments/mbssp-control/lps/2/003.lp,Unknown,4.3732057,,176609,496679,1457145
1030,Picat-SAT,./experiments/mbkp-control/lps/2/3_00.lp,Unknown,1.5706747,,41455,358786,1654102
1030,Picat-SAT,./experiments/mbssp-control/lps/2/003.lp,Sat,0.70211077,0.9967715,1662,14294,65622
1031,SavileRow (GT),./experiments/mbssp-control/lps/2/004.lp,Unknown,23.285355,,71219,16685726,50023659
1031,SavileRow (GT),./experiments/mbkp-control/lps/2/4_00.lp,Timeout,,,,,
1032,SavileRow (SWC),./experiments/mbssp-control/lps/2/004.lp,Unknown,2.64399,,286546,2908454,8180986
1032,SavileRow (SWC),./experiments/mbkp-control/lps/2/4_00.lp,Unknown,65.340256,,9126630,91763470,253469475
1033,SavileRow (BDD),./experiments/mbssp-control/lps/2/004.lp,Unknown,2.0450027,,76803,740707,2062938
1033,SavileRow (BDD),./experiments/mbkp-control/lps/2/4_00.lp,Unknown,27.34863,,1985253,19605451,53967951
1034,SavileRow (GPW),./experiments/mbssp-control/lps/2/004.lp,Unknown,1.0164859,,8407,30494,77829
1034,SavileRow (GPW),./experiments/mbkp-control/lps/2/4_00.lp,Unsat,3.5654678,25.07396,111016,392855,994267
1036,SavileRow (GMTO),./experiments/mbssp-control/lps/2/004.lp,Unknown,1.1684487,,5170,17858,48389
1036,SavileRow (GMTO),./experiments/mbkp-control/lps/2/4_00.lp,Unsat,5.243956,5.9535446,62596,234104,635496
1037,Fun-sCOP (),./experiments/mbkp-control/lps/2/4_00.lp,Unknown,46.155678,,4911217,13742836,39789756
1037,Fun-sCOP (),./experiments/mbssp-control/lps/2/004.lp,Unknown,4.0806007,,170377,479987,1409037
1040,Picat-SAT,./experiments/mbkp-control/lps/2/4_00.lp,Unsat,1.9376774,56.790524,41666,359187,1654350
1040,Picat-SAT,./experiments/mbssp-control/lps/2/004.lp,Sat,0.6582377,2.364456,1562,12634,56794
1041,SavileRow (GT),./experiments/mbkp-control/lps/2/1_01.lp,Timeout,,,,,
1041,SavileRow (GT),./experiments/mbssp-control/lps/2/005.lp,Unknown,26.757147,,72831,18665105,55962663
1042,SavileRow (SWC),./experiments/mbkp-control/lps/2/1_01.lp,Unknown,89.79137,,9249570,92980730,257120600
1042,SavileRow (SWC),./experiments/mbssp-control/lps/2/005.lp,Unknown,2.9413817,,272356,2763804,7773026
1043,SavileRow (BDD),./experiments/mbssp-control/lps/2/005.lp,Unknown,2.85013,,81814,789847,2200352
1043,SavileRow (BDD),./experiments/mbkp-control/lps/2/1_01.lp,Unknown,23.725607,,1960102,19345534,53321727
1044,SavileRow (GPW),./experiments/mbssp-control/lps/2/005.lp,Unknown,0.9913827,,8717,31734,81171
1044,SavileRow (GPW),./experiments/mbkp-control/lps/2/1_01.lp,Unsat,3.0785277,16.383854,111145,393530,996244
1046,SavileRow (GMTO),./experiments/mbssp-control/lps/2/005.lp,Unknown,1.0903397,,5196,18180,49174
1046,SavileRow (GMTO),./experiments/mbkp-control/lps/2/1_01.lp,Unsat,5.314941,4.814502,62560,233708,634811
1047,Fun-sCOP (),./experiments/mbssp-control/lps/2/005.lp,Unknown,3.8084567,,166413,468321,1374231
1047,Fun-sCOP (),./experiments/mbkp-control/lps/2/1_01.lp,Unknown,49.166306,,5091085,14252782,41294889
1050,Picat-SAT,./experiments/mbssp-control/lps/2/005.lp,Sat,0.6686441,2.243617,1603,12467,55101
1050,Picat-SAT,./experiments/mbkp-control/lps/2/1_01.lp,Unknown,1.5817983,,41310,356428,1643954
1051,SavileRow (GT),./experiments/mbkp-control/lps/2/2_01.lp,Timeout,,,,,
1051,SavileRow (GT),./experiments/mbssp-control/lps/2/006.lp,Unknown,27.118923,,70634,17809301,53395947
1052,SavileRow (SWC),./experiments/mbssp-control/lps/2/006.lp,Unknown,2.68436,,271256,2754344,7746196
1052,SavileRow (SWC),./experiments/mbkp-control/lps/2/2_01.lp,Unknown,58.829597,,9164745,92127240,254713630
1053,SavileRow (BDD),./experiments/mbssp-control/lps/2/006.lp,Unknown,2.484735,,76936,740207,2059586
1053,SavileRow (BDD),./experiments/mbkp-control/lps/2/2_01.lp,Unknown,22.730762,,1914637,18807026,51721914
1054,SavileRow (GPW),./experiments/mbkp-control/lps/2/2_01.lp,Unsat,3.2338157,21.894905,111067,393200,995190
1054,SavileRow (GPW),./experiments/mbssp-control/lps/2/006.lp,Unknown,1.0537256,,8791,32336,82783
1056,SavileRow (GMTO),./experiments/mbssp-control/lps/2/006.lp,Unknown,1.2620487,,5164,18582,50898
1056,SavileRow (GMTO),./experiments/mbkp-control/lps/2/2_01.lp,Unsat,5.4603834,7.642981,62314,232475,631207
1057,Fun-sCOP (),./experiments/mbkp-control/lps/2/2_01.lp,Unknown,47.942856,,4894347,13684518,39625710
1057,Fun-sCOP (),./experiments/mbssp-control/lps/2/006.lp,Unknown,4.2350283,,164684,463718,1361036
1060,Picat-SAT,./experiments/mbssp-control/lps/2/006.lp,Sat,0.6790604,2.4563494,1604,12965,57848
1060,Picat-SAT,./experiments/mbkp-control/lps/2/2_01.lp,Unknown,1.5802426,,41459,358299,1652306
1061,SavileRow (GT),./experiments/mbssp-control/lps/2/007.lp,Unknown,16.810684,,57589,9801956,29377800
1061,SavileRow (GT),./experiments/mbkp-control/lps/2/3_01.lp,Timeout,,,,,
1062,SavileRow (SWC),./experiments/mbkp-control/lps/2/3_01.lp,Unknown,61.05851,,9279180,93273275,257890075
1062,SavileRow (SWC),./experiments/mbssp-control/lps/2/007.lp,Unknown,2.673487,,245516,2497274,7024126
1063,SavileRow (BDD),./experiments/mbssp-control/lps/2/007.lp,Unknown,2.1536865,,59528,567027,1572111
1063,SavileRow (BDD),./experiments/mbkp-control/lps/2/3_01.lp,Unknown,23.679935,,1936776,18977375,52137913
1064,SavileRow (GPW),./experiments/mbssp-control/lps/2/007.lp,Sat,1.0020494,56.36011,8085,29182,74327
1064,SavileRow (GPW),./experiments/mbkp-control/lps/2/3_01.lp,Unsat,3.3192704,23.634068,111525,395433,1000969
1066,SavileRow (GMTO),./experiments/mbkp-control/lps/2/3_01.lp,Unsat,6.2656326,6.0896473,62502,234557,637808
1066,SavileRow (GMTO),./experiments/mbssp-control/lps/2/007.lp,Sat,1.2028083,8.278354,5014,17270,46416
1067,Fun-sCOP (),./experiments/mbkp-control/lps/2/3_01.lp,Unknown,55.873135,,4959301,13868586,40165482
1067,Fun-sCOP (),./experiments/mbssp-control/lps/2/007.lp,Sat,3.385518,21.110813,129228,361696,1059296
1070,Picat-SAT,./experiments/mbkp-control/lps/2/3_01.lp,Unknown,1.5713694,,41474,358758,1654033
1070,Picat-SAT,./experiments/mbssp-control/lps/2/007.lp,Sat,0.5744757,1.7497625,1497,12350,55568
1071,SavileRow (GT),./experiments/mbkp-control/lps/2/4_01.lp,Timeout,,,,,
1071,SavileRow (GT),./experiments/mbssp-control/lps/2/008.lp,Unknown,24.180449,,68375,17105009,51285883
1072,SavileRow (SWC),./experiments/mbkp-control/lps/2/4_01.lp,Unknown,52.694107,,9307620,93533150,258617635
1072,SavileRow (SWC),./experiments/mbssp-control/lps/2/008.lp,Unknown,2.743906,,273346,2776564,7810296
1073,SavileRow (BDD),./experiments/mbssp-control/lps/2/008.lp,Unknown,2.4921649,,76633,745809,2084142
1073,SavileRow (BDD),./experiments/mbkp-control/lps/2/4_01.lp,Unknown,21.751846,,2004338,19761209,54455318
1074,SavileRow (GPW),./experiments/mbkp-control/lps/2/4_01.lp,Unsat,3.2757905,34.665573,111028,393006,994708
1074,SavileRow (GPW),./experiments/mbssp-control/lps/2/008.lp,Unknown,1.0107477,,8617,31857,81534
1076,SavileRow (GMTO),./experiments/mbkp-control/lps/2/4_01.lp,Unsat,5.8251834,8.08478,62614,234069,635315
1076,SavileRow (GMTO),./experiments/mbssp-control/lps/2/008.lp,Unknown,1.124622,,5140,18044,48626
1077,Fun-sCOP (),./experiments/mbkp-control/lps/2/4_01.lp,Unknown,49.143574,,4961960,13883283,40209957
1077,Fun-sCOP (),./experiments/mbssp-control/lps/2/008.lp,Unknown,3.8731258,,165752,466566,1369238
1080,Picat-SAT,./experiments/mbssp-control/lps/2/008.lp,Sat,0.53340757,0.61417216,1585,13551,61968
1080,Picat-SAT,./experiments/mbkp-control/lps/2/4_01.lp,Unsat,1.7606452,45.67648,41677,359227,1654316
1081,SavileRow (GT),./experiments/mbssp-control/lps/2/009.lp,Unknown,23.651281,,67715,15787818,47330376
1081,SavileRow (GT),./experiments/mbkp-control/lps/2/1_02.lp,Timeout,,,,,
1082,SavileRow (SWC),./experiments/mbkp-control/lps/2/1_02.lp,Unknown,59.92781,,9431190,94756570,262286680
1082,SavileRow (SWC),./experiments/mbssp-control/lps/2/009.lp,Unknown,2.66762,,286106,2902624,8165106
1083,SavileRow (BDD),./experiments/mbssp-control/lps/2/009.lp,Unknown,2.0460272,,73448,712461,1988887
1083,SavileRow (BDD),./experiments/mbkp-control/lps/2/1_02.lp,Unknown,23.932032,,1977369,19483028,53756278
1084,SavileRow (GPW),./experiments/mbssp-control/lps/2/009.lp,Unknown,0.9666547,,8494,31201,79759
1084,SavileRow (GPW),./experiments/mbkp-control/lps/2/1_02.lp,Unsat,3.3161063,27.696161,111213,394153,998045
1086,SavileRow (GMTO),./experiments/mbkp-control/lps/2/1_02.lp,Unsat,5.751546,5.853519,62596,233738,634782
1086,SavileRow (GMTO),./experiments/mbssp-control/lps/2/009.lp,Unknown,1.1791593,,5147,18011,48576
1087,Fun-sCOP (),./experiments/mbkp-control/lps/2/1_02.lp,Unknown,54.26215,,5142128,14393947,41717094
1087,Fun-sCOP (),./experiments/mbssp-control/lps/2/009.lp,Unknown,4.0979743,,167377,471801,1385299
1090,Picat-SAT,./experiments/mbssp-control/lps/2/009.lp,Sat,0.5435561,0.36768374,1551,13005,59431
1090,Picat-SAT,./experiments/mbkp-control/lps/2/1_02.lp,Unknown,1.4472404,,41332,356653,1644571
1091,SavileRow (GT),./experiments/mbkp-control/lps/2/2_02.lp,Timeout,,,,,
1091,SavileRow (GT),./experiments/mbssp-control/lps/2/010.lp,Unknown,17.286604,,55730,8399312,25171207
1092,SavileRow (SWC),./experiments/mbkp-control/lps/2/2_02.lp,Unknown,55.978477,,9343890,93878880,259809310
1092,SavileRow (SWC),./experiments/mbssp-control/lps/2/010.lp,Unknown,2.5394866,,240455,2425633,6820018
1093,SavileRow (BDD),./experiments/mbkp-control/lps/2/2_02.lp,Unknown,23.434423,,1931816,18941908,52149266
1093,SavileRow (BDD),./experiments/mbssp-control/lps/2/010.lp,Unknown,2.2900043,,56552,527658,1457099
1094,SavileRow (GPW),./experiments/mbssp-control/lps/2/010.lp,Sat,0.95491123,16.386845,8257,29859,76250
1094,SavileRow (GPW),./experiments/mbkp-control/lps/2/2_02.lp,Unsat,3.1330423,30.770329,111099,393576,996286
1096,SavileRow (GMTO),./experiments/mbssp-control/lps/2/010.lp,Sat,1.2616374,46.09433,4997,17249,46580
1096,SavileRow (GMTO),./experiments/mbkp-control/lps/2/2_02.lp,Unsat,5.316224,8.172329,62332,232475,631280
1097,Fun-sCOP (),./experiments/mbssp-control/lps/2/010.lp,Unknown,3.6154952,,107793,300155,877395
1097,Fun-sCOP (),./experiments/mbkp-control/lps/2/2_02.lp,Unknown,53.43899,,4943659,13820546,40032040
1100,Picat-SAT,./experiments/mbssp-control/lps/2/010.lp,Sat,0.52784425,0.85630554,1508,12193,54362
1100,Picat-SAT,./experiments/mbkp-control/lps/2/2_02.lp,Unknown,1.6249595,,41476,358421,1652792
1101,SavileRow (GT),./experiments/mbkp-control/lps/2/3_02.lp,Timeout,,,,,
1101,SavileRow (GT),./experiments/mbssp-control/lps/2/011.lp,Unknown,24.3855,,63945,11184334,33520087
1102,SavileRow (SWC),./experiments/mbssp-control/lps/2/011.lp,Unknown,2.8212824,,287646,2918024,8208256
1102,SavileRow (SWC),./experiments/mbkp-control/lps/2/3_02.lp,Unknown,57.948566,,9461520,95056155,263076635
1103,SavileRow (BDD),./experiments/mbkp-control/lps/2/3_02.lp,Unknown,28.741331,,1953525,19107734,52553210
1103,SavileRow (BDD),./experiments/mbssp-control/lps/2/011.lp,Unknown,2.177014,,64053,610511,1693379
1104,SavileRow (GPW),./experiments/mbkp-control/lps/2/3_02.lp,Unsat,3.339916,32.363136,111521,395406,1000892
1104,SavileRow (GPW),./experiments/mbssp-control/lps/2/011.lp,Unknown,1.0125571,,8981,33525,85962
1106,SavileRow (GMTO),./experiments/mbkp-control/lps/2/3_02.lp,Unsat,5.9216585,6.8858414,62532,234517,637757
1106,SavileRow (GMTO),./experiments/mbssp-control/lps/2/011.lp,Unknown,1.4765893,,5204,18749,50630
1107,Fun-sCOP (),./experiments/mbkp-control/lps/2/3_02.lp,Unknown,53.468193,,5008964,14005551,40574281
1107,Fun-sCOP (),./experiments/mbssp-control/lps/2/011.lp,Unknown,4.677921,,185104,523140,1537506
1110,Picat-SAT,./experiments/mbssp-control/lps/2/011.lp,Sat,0.5472328,0.47585806,1640,14247,65358
1110,Picat-SAT,./experiments/mbkp-control/lps/2/3_02.lp,Unknown,1.551127,,41488,358758,1654303
1111,SavileRow (GT),./experiments/mbssp-control/lps/2/012.lp,Unknown,21.21386,,67030,15949665,47818197
1111,SavileRow (GT),./experiments/mbkp-control/lps/2/4_02.lp,Timeout,,,,,
1112,SavileRow (SWC),./experiments/mbkp-control/lps/2/4_02.lp,Unknown,52.923267,,9490500,95321310,263819555
1112,SavileRow (SWC),./experiments/mbssp-control/lps/2/012.lp,Unknown,2.9086792,,247606,2514874,7073706
1113,SavileRow (BDD),./experiments/mbkp-control/lps/2/4_02.lp,Unknown,25.050434,,2022338,19904806,54905774
1113,SavileRow (BDD),./experiments/mbssp-control/lps/2/012.lp,Unknown,2.482086,,74542,720926,2009790
1114,SavileRow (GPW),./experiments/mbssp-control/lps/2/012.lp,Unknown,0.9932939,,7947,28574,72719
1114,SavileRow (GPW),./experiments/mbkp-control/lps/2/4_02.lp,Unsat,3.1681361,40.55921,110974,392471,993157
1116,SavileRow (GMTO),./experiments/mbssp-control/lps/2/012.lp,Unknown,1.1908336,,5046,17124,45975
1116,SavileRow (GMTO),./experiments/mbkp-control/lps/2/4_02.lp,Unsat,5.298358,8.342417,62626,234046,635364
1117,Fun-sCOP (),./experiments/mbssp-control/lps/2/012.lp,Unknown,3.6211724,,136969,385367,1130751
1117,Fun-sCOP (),./experiments/mbkp-control/lps/2/4_02.lp,Unknown,50.567184,,5011799,14021204,40622194
1120,Picat-SAT,./experiments/mbkp-control/lps/2/4_02.lp,Unknown,1.4551307,,41685,359230,1654538
1120,Picat-SAT,./experiments/mbssp-control/lps/2/012.lp,Sat,0.69443375,0.58572423,1543,11855,51941
1121,SavileRow (GT),./experiments/mbssp-control/lps/2/013.lp,Unknown,29.94981,,74542,20372643,61084825
1121,SavileRow (GT),./experiments/mbkp-control/lps/2/1_03.lp,Timeout,,,,,
1122,SavileRow (SWC),./experiments/mbssp-control/lps/2/013.lp,Unknown,3.089769,,291276,2953774,8309016
1122,SavileRow (SWC),./experiments/mbkp-control/lps/2/1_03.lp,Unknown,93.54412,,9612180,96526250,267434840
1123,SavileRow (BDD),./experiments/mbssp-control/lps/2/013.lp,Unknown,2.0813322,,90679,895601,2515976
1123,SavileRow (BDD),./experiments/mbkp-control/lps/2/1_03.lp,Unknown,22.98857,,1993185,19604793,54146527
1124,SavileRow (GPW),./experiments/mbkp-control/lps/2/1_03.lp,Unsat,3.3394384,39.210606,111143,393422,995922
1124,SavileRow (GPW),./experiments/mbssp-control/lps/2/013.lp,Unknown,1.0333642,,8324,30226,77158
1126,SavileRow (GMTO),./experiments/mbkp-control/lps/2/1_03.lp,Unsat,5.2517347,8.249326,62626,233684,634679
1126,SavileRow (GMTO),./experiments/mbssp-control/lps/2/013.lp,Unknown,1.2103322,,5156,17667,47514
1127,Fun-sCOP (),./experiments/mbkp-control/lps/2/1_03.lp,Unknown,52.569283,,5191157,14529446,42121849
1127,Fun-sCOP (),./experiments/mbssp-control/lps/2/013.lp,Unknown,3.7721076,,167915,473333,1389833
1130,Picat-SAT,./experiments/mbkp-control/lps/2/1_03.lp,Unsat,1.5932422,39.7613,41359,356705,1644736
1130,Picat-SAT,./experiments/mbssp-control/lps/2/013.lp,Sat,0.6743507,1.1845306,1584,12894,58066
1131,SavileRow (GT),./experiments/mbssp-control/lps/2/014.lp,Unknown,23.59397,,68116,16182311,48517373
1131,SavileRow (GT),./experiments/mbkp-control/lps/2/2_03.lp,Timeout,,,,,
1132,SavileRow (SWC),./experiments/mbkp-control/lps/2/2_03.lp,Unknown,58.38482,,9524160,95641520,264936990
1132,SavileRow (SWC),./experiments/mbssp-control/lps/2/014.lp,Unknown,2.7186873,,277636,2819354,7929596
1133,SavileRow (BDD),./experiments/mbkp-control/lps/2/2_03.lp,Unknown,21.575882,,1947738,19062604,52535247
1133,SavileRow (BDD),./experiments/mbssp-control/lps/2/014.lp,Unknown,2.508359,,78687,761262,2122665
1134,SavileRow (GPW),./experiments/mbkp-control/lps/2/2_03.lp,Unsat,3.3789701,40.071316,111079,393337,995589
1134,SavileRow (GPW),./experiments/mbssp-control/lps/2/014.lp,Unknown,0.96273947,,8480,31167,79669
1136,SavileRow (GMTO),./experiments/mbkp-control/lps/2/2_03.lp,Unsat,5.5127625,11.356269,62338,232452,631261
1136,SavileRow (GMTO),./experiments/mbssp-control/lps/2/014.lp,Unknown,1.1946125,,5122,17862,48067
1137,Fun-sCOP (),./experiments/mbkp-control/lps/2/2_03.lp,Unknown,52.908653,,4991657,13952944,40427598
1137,Fun-sCOP (),./experiments/mbssp-control/lps/2/014.lp,Unknown,4.2735505,,164325,462899,1358813
1140,Picat-SAT,./experiments/mbssp-control/lps/2/014.lp,Sat,0.5662482,1.4360287,1597,13381,60878
1140,Picat-SAT,./experiments/mbkp-control/lps/2/2_03.lp,Unknown,1.5597721,,41482,358349,1652800
1141,SavileRow (GT),./experiments/mbkp-control/lps/2/3_03.lp,Timeout,,,,,
1141,SavileRow (GT),./experiments/mbssp-control/lps/2/015.lp,Unknown,26.352879,,71692,18075878,54195016
1142,SavileRow (SWC),./experiments/mbkp-control/lps/2/3_03.lp,Unknown,87.31803,,9643230,96832875,268245275
1142,SavileRow (SWC),./experiments/mbssp-control/lps/2/015.lp,Unknown,2.9047472,,278516,2826944,7951786
1143,SavileRow (BDD),./experiments/mbssp-control/lps/2/015.lp,Unknown,2.7419107,,81082,788712,2203604
1143,SavileRow (BDD),./experiments/mbkp-control/lps/2/3_03.lp,Unknown,22.504889,,1968960,19224282,52927956
1144,SavileRow (GPW),./experiments/mbkp-control/lps/2/3_03.lp,Unsat,3.3881135,45.060093,111535,395522,1001226
1144,SavileRow (GPW),./experiments/mbssp-control/lps/2/015.lp,Sat,1.0863922,22.380953,8783,32353,82822
1146,SavileRow (GMTO),./experiments/mbkp-control/lps/2/3_03.lp,Unsat,4.9306107,9.991907,62562,234546,637897
1146,SavileRow (GMTO),./experiments/mbssp-control/lps/2/015.lp,Unknown,1.2254972,,5198,18344,49525
1147,Fun-sCOP (),./experiments/mbkp-control/lps/2/3_03.lp,Unknown,51.776722,,5057008,14138199,40970493
1147,Fun-sCOP (),./experiments/mbssp-control/lps/2/015.lp,Unknown,4.056231,,160295,451837,1326685
1150,Picat-SAT,./experiments/mbssp-control/lps/2/015.lp,Sat,0.6949713,2.3399012,1617,12958,57399
1150,Picat-SAT,./experiments/mbkp-control/lps/2/3_03.lp,Unknown,1.5635498,,41503,358895,1655029
1151,SavileRow (GT),./experiments/mbkp-control/lps/2/4_03.lp,Timeout,,,,,
1151,SavileRow (GT),./experiments/mbssp-control/lps/2/016.lp,Unknown,19.093618,,63527,14070088,42182898
1152,SavileRow (SWC),./experiments/mbkp-control/lps/2/4_03.lp,Unknown,58.588818,,9673650,97112110,269029155
1152,SavileRow (SWC),./experiments/mbssp-control/lps/2/016.lp,Unknown,2.7423081,,261906,2659744,7482116
1153,SavileRow (BDD),./experiments/mbssp-control/lps/2/016.lp,Unknown,2.524343,,70731,685793,1913959
1153,SavileRow (BDD),./experiments/mbkp-control/lps/2/4_03.lp,Unknown,23.4458,,2038668,20030643,55307959
1154,SavileRow (GPW),./experiments/mbssp-control/lps/2/016.lp,Unknown,1.0962471,,8175,29807,76054
1154,SavileRow (GPW),./experiments/mbkp-control/lps/2/4_03.lp,Unsat,3.2482712,59.77565,110958,392349,992807
1156,SavileRow (GMTO),./experiments/mbssp-control/lps/2/016.lp,Sat,1.2573633,44.191456,5030,17317,46608
1156,SavileRow (GMTO),./experiments/mbkp-control/lps/2/4_03.lp,Unsat,5.3666534,12.173853,62642,233980,635234
1157,Fun-sCOP (),./experiments/mbssp-control/lps/2/016.lp,Unknown,4.0382576,,154519,434949,1276441
1157,Fun-sCOP (),./experiments/mbkp-control/lps/2/4_03.lp,Unknown,49.00031,,5060243,14155008,41022086
1160,Picat-SAT,./experiments/mbssp-control/lps/2/016.lp,Sat,0.5461129,1.4543457,1540,12854,58386
1160,Picat-SAT,./experiments/mbkp-control/lps/2/4_03.lp,Unknown,1.5467861,,41703,359178,1654709
1161,SavileRow (GT),./experiments/mbssp-control/lps/2/017.lp,Unknown,26.278551,,71853,19519640,58528109
1161,SavileRow (GT),./experiments/mbkp-control/lps/2/1_04.lp,Timeout,,,,,
1162,SavileRow (SWC),./experiments/mbssp-control/lps/2/017.lp,Unknown,2.7441764,,280936,2850374,8017456
1162,SavileRow (SWC),./experiments/mbkp-control/lps/2/1_04.lp,Unknown,94.59496,,9794340,98307370,272616280
1163,SavileRow (BDD),./experiments/mbkp-control/lps/2/1_04.lp,Unknown,23.256748,,2007797,19712123,54496044
1163,SavileRow (BDD),./experiments/mbssp-control/lps/2/017.lp,Unknown,2.6966717,,85188,834407,2337106
1164,SavileRow (GPW),./experiments/mbkp-control/lps/2/1_04.lp,Unsat,3.1431165,50.065945,111111,393146,995126
1164,SavileRow (GPW),./experiments/mbssp-control/lps/2/017.lp,Unknown,1.1521599,,8726,32063,82083
1166,SavileRow (GMTO),./experiments/mbssp-control/lps/2/017.lp,Unknown,1.2676702,,5158,17999,48632
1166,SavileRow (GMTO),./experiments/mbkp-control/lps/2/1_04.lp,Unsat,5.525006,6.45688,62644,233621,634579
1167,Fun-sCOP (),./experiments/mbkp-control/lps/2/1_04.lp,Unknown,53.778828,,5238651,14660296,42513741
1167,Fun-sCOP (),./experiments/mbssp-control/lps/2/017.lp,Unknown,4.2994995,,167356,471226,1383086
1170,Picat-SAT,./experiments/mbssp-control/lps/2/017.lp,Sat,0.5763002,2.8928342,1582,13146,59612
1170,Picat-SAT,./experiments/mbkp-control/lps/2/1_04.lp,Unknown,1.9082576,,41359,356595,1644756
1171,SavileRow (GT),./experiments/mbssp-control/lps/2/018.lp,Unknown,28.221922,,72481,19645774,58904778
1171,SavileRow (GT),./experiments/mbkp-control/lps/2/2_04.lp,Timeout,,,,,
1172,SavileRow (SWC),./experiments/mbssp-control/lps/2/018.lp,Unknown,2.9737983,,277416,2814954,7917256
1172,SavileRow (SWC),./experiments/mbkp-control/lps/2/2_04.lp,Unknown,88.227394,,9704835,97408120,270076190
1173,SavileRow (BDD),./experiments/mbssp-control/lps/2/018.lp,Unknown,2.5876803,,87638,859097,2406697
1173,SavileRow (BDD),./experiments/mbkp-control/lps/2/2_04.lp,Unknown,25.892998,,1962331,19167958,52878842
1174,SavileRow (GPW),./experiments/mbkp-control/lps/2/2_04.lp,Unsat,3.3632145,56.794315,111054,393183,995152
1174,SavileRow (GPW),./experiments/mbssp-control/lps/2/018.lp,Unknown,1.0427188,,8530,31331,80093
1176,SavileRow (GMTO),./experiments/mbssp-control/lps/2/018.lp,Unknown,1.2326874,,5162,18139,49215
1176,SavileRow (GMTO),./experiments/mbkp-control/lps/2/2_04.lp,Unsat,5.9349704,20.199743,62354,232445,631337
1177,Fun-sCOP (),./experiments/mbkp-control/lps/2/2_04.lp,Unknown,53.521427,,5037864,14080187,40808243
1177,Fun-sCOP (),./experiments/mbssp-control/lps/2/018.lp,Unknown,4.1793303,,168957,475781,1396477
1180,Picat-SAT,./experiments/mbkp-control/lps/2/2_04.lp,Unknown,1.6064966,,41488,358426,1653286
1180,Picat-SAT,./experiments/mbssp-control/lps/2/018.lp,Sat,0.5702993,0.38392356,1514,12973,59743
1181,SavileRow (GT),./experiments/mbkp-control/lps/2/3_04.lp,Timeout,,,,,
1181,SavileRow (GT),./experiments/mbssp-control/lps/2/019.lp,Unknown,26.54471,,71045,18497184,55459808
1182,SavileRow (SWC),./experiments/mbkp-control/lps/2/3_04.lp,Unknown,88.19986,,9825480,98614875,273429275
1182,SavileRow (SWC),./experiments/mbssp-control/lps/2/019.lp,Unknown,2.8619041,,281816,2861154,8047126
1183,SavileRow (BDD),./experiments/mbkp-control/lps/2/3_04.lp,Unknown,23.600437,,1983047,19325684,53260082
1183,SavileRow (BDD),./experiments/mbssp-control/lps/2/019.lp,Unknown,2.5695121,,81895,793665,2214299
1184,SavileRow (GPW),./experiments/mbssp-control/lps/2/019.lp,Unknown,1.1098878,,8593,31441,80382
1184,SavileRow (GPW),./experiments/mbkp-control/lps/2/3_04.lp,Unsat,3.8900135,58.760914,111509,395325,1000661
1186,SavileRow (GMTO),./experiments/mbssp-control/lps/2/019.lp,Unknown,1.1963319,,5144,18009,48577
1186,SavileRow (GMTO),./experiments/mbkp-control/lps/2/3_04.lp,Unsat,5.523514,13.169814,62586,234518,637804
1187,Fun-sCOP (),./experiments/mbssp-control/lps/2/019.lp,Unknown,4.22692,,170483,479795,1407935
1187,Fun-sCOP (),./experiments/mbkp-control/lps/2/3_04.lp,Unknown,55.43483,,5103014,14264645,41348929
1190,Picat-SAT,./experiments/mbkp-control/lps/2/3_04.lp,Unknown,1.6286042,,41515,358924,1654977
1190,Picat-SAT,./experiments/mbssp-control/lps/2/019.lp,Sat,0.6056315,0.94755125,1557,12935,58847
1191,SavileRow (GT),./experiments/mbssp-control/lps/2/020.lp,Unknown,24.441284,,68799,16161483,48452250
1191,SavileRow (GT),./experiments/mbkp-control/lps/2/4_04.lp,Timeout,,,,,
1192,SavileRow (SWC),./experiments/mbssp-control/lps/2/020.lp,Unknown,2.7391276,,284016,2881064,8102546
1192,SavileRow (SWC),./experiments/mbkp-control/lps/2/4_04.lp,Unknown,91.43961,,9856980,98904670,274243875
1193,SavileRow (BDD),./experiments/mbssp-control/lps/2/020.lp,Unknown,2.6085598,,81897,798186,2231557
1193,SavileRow (BDD),./experiments/mbkp-control/lps/2/4_04.lp,Unknown,22.108757,,2053785,20142129,55667890
1194,SavileRow (GPW),./experiments/mbssp-control/lps/2/020.lp,Unknown,1.2145743,,8641,31796,81323
1194,SavileRow (GPW),./experiments/mbkp-control/lps/2/4_04.lp,Unknown,3.3620105,,111056,393282,995508
1196,SavileRow (GMTO),./experiments/mbssp-control/lps/2/020.lp,Unknown,1.168195,,5182,18192,49206
1196,SavileRow (GMTO),./experiments/mbkp-control/lps/2/4_04.lp,Unsat,5.268754,12.494974,62657,234017,635291
1197,Fun-sCOP (),./experiments/mbkp-control/lps/2/4_04.lp,Unknown,50.731163,,5107377,14285034,41411066
1197,Fun-sCOP (),./experiments/mbssp-control/lps/2/020.lp,Unknown,3.6190774,,138947,389491,1141345
1200,Picat-SAT,./experiments/mbssp-control/lps/2/020.lp,Sat,0.6541737,1.9807192,1567,13274,60609
1200,Picat-SAT,./experiments/mbkp-control/lps/2/4_04.lp,Unknown,1.5918922,,41716,359389,1655372
1201,SavileRow (GT),./experiments/mbssp-control/lps/2/021.lp,Unknown,25.268055,,70546,17467568,52370928
1201,SavileRow (GT),./experiments/mbkp-control/lps/2/1_05.lp,Timeout,,,,,
1202,SavileRow (SWC),./experiments/mbkp-control/lps/2/1_05.lp,Unknown,59.214737,,9975960,100083210,277782360
1202,SavileRow (SWC),./experiments/mbssp-control/lps/2/021.lp,Unknown,2.834177,,269716,2738614,7703926
1203,SavileRow (BDD),./experiments/mbkp-control/lps/2/1_05.lp,Unknown,24.61991,,2021006,19803695,54799687
1203,SavileRow (BDD),./experiments/mbssp-control/lps/2/021.lp,Unknown,2.076225,,77246,748861,2089720
1204,SavileRow (GPW),./experiments/mbssp-control/lps/2/021.lp,Sat,1.0305655,19.056662,8674,31842,81462
1204,SavileRow (GPW),./experiments/mbkp-control/lps/2/1_05.lp,Unknown,3.6271338,,111164,393639,996552
1206,SavileRow (GMTO),./experiments/mbssp-control/lps/2/021.lp,Unknown,1.196672,,5162,18127,48897
1206,SavileRow (GMTO),./experiments/mbkp-control/lps/2/1_05.lp,Unsat,5.7053986,10.625795,62671,233610,634559
1207,Fun-sCOP (),./experiments/mbkp-control/lps/2/1_05.lp,Unknown,53.762794,,5284844,14787185,42893280
1207,Fun-sCOP (),./experiments/mbssp-control/lps/2/021.lp,Unknown,3.996243,,166272,468290,1374572
1210,Picat-SAT,./experiments/mbkp-control/lps/2/1_05.lp,Unknown,1.8060191,,41370,356684,1645139
1210,Picat-SAT,./experiments/mbssp-control/lps/2/021.lp,Sat,0.6211758,3.0816405,1558,12661,57167
1211,SavileRow (GT),./experiments/mbssp-control/lps/2/022.lp,Unknown,26.846615,,70491,17064493,51159979
1211,SavileRow (GT),./experiments/mbkp-control/lps/2/2_05.lp,Timeout,,,,,
1212,SavileRow (SWC),./experiments/mbssp-control/lps/2/022.lp,Unknown,2.5895991,,275876,2800544,7878176
1212,SavileRow (SWC),./experiments/mbkp-control/lps/2/2_05.lp,Unknown,67.40466,,9884790,99167680,275194910
1213,SavileRow (BDD),./experiments/mbssp-control/lps/2/022.lp,Unknown,2.5404456,,78740,765886,2139886
1213,SavileRow (BDD),./experiments/mbkp-control/lps/2/2_05.lp,Unknown,23.15913,,1975319,19257106,53175270
1214,SavileRow (GPW),./experiments/mbssp-control/lps/2/022.lp,Unknown,1.0722111,,8354,30330,77368
1214,SavileRow (GPW),./experiments/mbkp-control/lps/2/2_05.lp,Unknown,3.0779917,,111091,393477,995997
1216,SavileRow (GMTO),./experiments/mbkp-control/lps/2/2_05.lp,Unsat,5.6777062,29.17818,62372,232428,631357
1216,SavileRow (GMTO),./experiments/mbssp-control/lps/2/022.lp,Sat,1.2292382,50.9834,5125,17683,47836
1217,Fun-sCOP (),./experiments/mbkp-control/lps/2/2_05.lp,Unknown,51.706448,,5082530,14202705,41174571
1217,Fun-sCOP (),./experiments/mbssp-control/lps/2/022.lp,Unknown,4.046775,,144345,404929,1186913
1220,Picat-SAT,./experiments/mbkp-control/lps/2/2_05.lp,Unknown,1.6017056,,41495,358384,1653442
1220,Picat-SAT,./experiments/mbssp-control/lps/2/022.lp,Sat,0.8196467,0.9710852,1594,12917,57721
1221,SavileRow (GT),./experiments/mbkp-control/lps/2/3_05.lp,Timeout,,,,,
1221,SavileRow (GT),./experiments/mbssp-control/lps/2/023.lp,Unknown,18.212713,,60628,12027644,36055250
1222,SavileRow (SWC),./experiments/mbssp-control/lps/2/023.lp,Unknown,2.5362656,,262456,2666784,7501526
1222,SavileRow (SWC),./experiments/mbkp-control/lps/2/3_05.lp,Unknown,62.490635,,10008270,100402155,278628635
1223,SavileRow (BDD),./experiments/mbkp-control/lps/2/3_05.lp,Unknown,23.428434,,1995791,19411960,53549882
1223,SavileRow (BDD),./experiments/mbssp-control/lps/2/023.lp,Unknown,2.3200567,,61815,595060,1656661
1224,SavileRow (GPW),./experiments/mbkp-control/lps/2/3_05.lp,Unknown,4.2130604,,111571,395787,1001985
1224,SavileRow (GPW),./experiments/mbssp-control/lps/2/023.lp,Unknown,1.1080587,,8346,30327,77451
1226,SavileRow (GMTO),./experiments/mbssp-control/lps/2/023.lp,Unknown,1.1652733,,5046,17468,47070
1226,SavileRow (GMTO),./experiments/mbkp-control/lps/2/3_05.lp,Unsat,6.1933827,24.808187,62610,234498,637755
1227,Fun-sCOP (),./experiments/mbssp-control/lps/2/023.lp,Unknown,3.6170714,,137743,386457,1132795
1227,Fun-sCOP (),./experiments/mbkp-control/lps/2/3_05.lp,Unknown,53.320034,,5147718,14387551,41716887
1230,Picat-SAT,./experiments/mbkp-control/lps/2/3_05.lp,Unknown,1.57559,,41533,359078,1655494
1230,Picat-SAT,./experiments/mbssp-control/lps/2/023.lp,Sat,0.6622381,0.4232771,1484,12666,58545
1231,SavileRow (GT),./experiments/mbkp-control/lps/2/4_05.lp,Timeout,,,,,
1231,SavileRow (GT),./experiments/mbssp-control/lps/2/024.lp,Unknown,22.20732,,65037,13631158,40863053
1232,SavileRow (SWC),./experiments/mbkp-control/lps/2/4_05.lp,Unknown,67.280174,,10039050,100684910,279422755
1232,SavileRow (SWC),./experiments/mbssp-control/lps/2/024.lp,Unknown,2.6653364,,264986,2687574,7559726
1233,SavileRow (BDD),./experiments/mbkp-control/lps/2/4_05.lp,Unknown,24.579165,,2067248,20236414,55979720
1233,SavileRow (BDD),./experiments/mbssp-control/lps/2/024.lp,Unknown,2.4980555,,74024,717374,2001632
1234,SavileRow (GPW),./experiments/mbkp-control/lps/2/4_05.lp,Unknown,3.3304744,,111049,393249,995416
1234,SavileRow (GPW),./experiments/mbssp-control/lps/2/024.lp,Unknown,0.9258577,,8421,30763,78582
1236,SavileRow (GMTO),./experiments/mbssp-control/lps/2/024.lp,Unknown,1.3090467,,5126,17838,48058
1236,SavileRow (GMTO),./experiments/mbkp-control/lps/2/4_05.lp,Unsat,5.4410152,25.739004,62669,234003,635386
1237,Fun-sCOP (),./experiments/mbkp-control/lps/2/4_05.lp,Unknown,53.29862,,5152563,14409512,41783208
1237,Fun-sCOP (),./experiments/mbssp-control/lps/2/024.lp,Unknown,3.746664,,134128,375834,1101186
1240,Picat-SAT,./experiments/mbkp-control/lps/2/4_05.lp,Unknown,1.569499,,41724,359336,1655605
1240,Picat-SAT,./experiments/mbssp-control/lps/2/024.lp,Sat,0.6549921,0.68004316,1495,12652,58165
1241,SavileRow (GT),./experiments/mbssp-control/lps/2/025.lp,Unknown,22.8338,,65518,12568736,37675482
1241,SavileRow (GT),./experiments/mbkp-control/lps/2/1_06.lp,Timeout,,,,,
1242,SavileRow (SWC),./experiments/mbssp-control/lps/2/025.lp,Unknown,2.952652,,277966,2821444,7935676
1242,SavileRow (SWC),./experiments/mbkp-control/lps/2/1_06.lp,Unknown,63.58235,,10156770,101851130,282925400
1243,SavileRow (BDD),./experiments/mbssp-control/lps/2/025.lp,Unknown,2.3607228,,70270,671854,1865234
1243,SavileRow (BDD),./experiments/mbkp-control/lps/2/1_06.lp,Unknown,22.527534,,2032772,19878856,55058121
1244,SavileRow (GPW),./experiments/mbssp-control/lps/2/025.lp,Unknown,0.9781319,,8504,30893,78891
1244,SavileRow (GPW),./experiments/mbkp-control/lps/2/1_06.lp,Unknown,3.433261,,111216,394197,998174
1246,SavileRow (GMTO),./experiments/mbkp-control/lps/2/1_06.lp,Unsat,5.497119,13.412262,62683,233634,634675
1246,SavileRow (GMTO),./experiments/mbssp-control/lps/2/025.lp,Unknown,1.1971784,,5128,17945,48410
1247,Fun-sCOP (),./experiments/mbssp-control/lps/2/025.lp,Unknown,4.0401073,,161282,454038,1332516
1247,Fun-sCOP (),./experiments/mbkp-control/lps/2/1_06.lp,Unknown,56.295906,,5329127,14908518,43256837
1250,Picat-SAT,./experiments/mbssp-control/lps/2/025.lp,Sat,0.6530835,1.2380059,1588,13235,60127
1250,Picat-SAT,./experiments/mbkp-control/lps/2/1_06.lp,Unknown,1.5178711,,41380,356767,1645517
1251,SavileRow (GT),./experiments/mbkp-control/lps/2/2_06.lp,Timeout,,,,,
1251,SavileRow (GT),./experiments/mbssp-control/lps/2/026.lp,Unknown,19.484097,,65528,15173599,45490489
1252,SavileRow (SWC),./experiments/mbssp-control/lps/2/026.lp,Unknown,2.698574,,262566,2667554,7504176
1252,SavileRow (SWC),./experiments/mbkp-control/lps/2/2_06.lp,Unknown,55.18133,,10063575,100915800,280280350
1253,SavileRow (BDD),./experiments/mbssp-control/lps/2/026.lp,Unknown,2.4023852,,71361,698887,1957796
1253,SavileRow (BDD),./experiments/mbkp-control/lps/2/2_06.lp,Unknown,23.132828,,1986816,19329354,53424575
1254,SavileRow (GPW),./experiments/mbssp-control/lps/2/026.lp,Unknown,1.0148456,,8602,31514,80564
1254,SavileRow (GPW),./experiments/mbkp-control/lps/2/2_06.lp,Unknown,3.1664982,,111076,393351,995634
1256,SavileRow (GMTO),./experiments/mbssp-control/lps/2/026.lp,Unknown,1.3662077,,5128,18112,49090
1256,SavileRow (GMTO),./experiments/mbkp-control/lps/2/2_06.lp,Unsat,5.412512,35.418434,62396,232409,631271
1257,Fun-sCOP (),./experiments/mbkp-control/lps/2/2_06.lp,Unknown,51.48924,,5125319,14319754,41525006
1257,Fun-sCOP (),./experiments/mbssp-control/lps/2/026.lp,Unknown,4.057585,,159704,449404,1318730
1260,Picat-SAT,./experiments/mbssp-control/lps/2/026.lp,Sat,0.62710404,2.2703478,1541,12785,57960
1260,Picat-SAT,./experiments/mbkp-control/lps/2/2_06.lp,Unknown,1.544774,,41499,358397,1653549
1261,SavileRow (GT),./experiments/mbkp-control/lps/2/3_06.lp,Timeout,,,,,
1261,SavileRow (GT),./experiments/mbssp-control/lps/2/027.lp,Unknown,22.821156,,66623,14067352,42170805
1262,SavileRow (SWC),./experiments/mbkp-control/lps/2/3_06.lp,Unknown,87.00757,,10189530,102174475,283784475
1262,SavileRow (SWC),./experiments/mbssp-control/lps/2/027.lp,Unknown,2.7794843,,267406,2714744,7636726
1263,SavileRow (BDD),./experiments/mbssp-control/lps/2/027.lp,Unknown,2.4084182,,70851,689016,1925358
1263,SavileRow (BDD),./experiments/mbkp-control/lps/2/3_06.lp,Unknown,21.857204,,2007065,19482086,53793406
1264,SavileRow (GPW),./experiments/mbkp-control/lps/2/3_06.lp,Unknown,3.2404861,,111546,395603,1001458
1264,SavileRow (GPW),./experiments/mbssp-control/lps/2/027.lp,Unknown,1.0696774,,8455,30978,79181
1266,SavileRow (GMTO),./experiments/mbssp-control/lps/2/027.lp,Unknown,1.2776662,,5116,17880,48349
1266,SavileRow (GMTO),./experiments/mbkp-control/lps/2/3_06.lp,Unsat,5.5202713,49.838314,62616,234487,637787
1267,Fun-sCOP (),./experiments/mbkp-control/lps/2/3_06.lp,Unknown,51.69686,,5190998,14506103,42071829
1267,Fun-sCOP (),./experiments/mbssp-control/lps/2/027.lp,Unknown,4.243738,,171010,482510,1417248
1270,Picat-SAT,./experiments/mbkp-control/lps/2/3_06.lp,Unknown,2.2546213,,41536,359018,1655643
1270,Picat-SAT,./experiments/mbssp-control/lps/2/027.lp,Sat,0.5964544,2.0906637,1565,13160,59901
1271,SavileRow (GT),./experiments/mbssp-control/lps/2/028.lp,Unknown,19.101965,,63433,13144454,39404376
1271,SavileRow (GT),./experiments/mbkp-control/lps/2/4_06.lp,Timeout,,,,,
1272,SavileRow (SWC),./experiments/mbssp-control/lps/2/028.lp,Unknown,2.943971,,243866,2480444,6976676
1272,SavileRow (SWC),./experiments/mbkp-control/lps/2/4_06.lp,Unknown,65.03841,,10221300,102466910,284606755
1273,SavileRow (BDD),./experiments/mbkp-control/lps/2/4_06.lp,Unknown,24.017065,,2079300,20314149,56244668
1273,SavileRow (BDD),./experiments/mbssp-control/lps/2/028.lp,Unknown,2.3005702,,65763,628741,1745386
1274,SavileRow (GPW),./experiments/mbkp-control/lps/2/4_06.lp,Unknown,3.1242278,,111017,392949,994548
1274,SavileRow (GPW),./experiments/mbssp-control/lps/2/028.lp,Unknown,1.0306093,,8220,29679,75693
1276,SavileRow (GMTO),./experiments/mbssp-control/lps/2/028.lp,Unknown,1.231806,,5034,17417,46957
1276,SavileRow (GMTO),./experiments/mbkp-control/lps/2/4_06.lp,Unsat,5.2981186,32.650253,62705,233985,635273
1277,Fun-sCOP (),./experiments/mbkp-control/lps/2/4_06.lp,Unknown,52.213833,,5196019,14528928,42140622
1277,Fun-sCOP (),./experiments/mbssp-control/lps/2/028.lp,Unknown,3.842551,,147099,413231,1211791
1280,Picat-SAT,./experiments/mbssp-control/lps/2/028.lp,Sat,0.655145,2.352704,1550,12503,55942
1280,Picat-SAT,./experiments/mbkp-control/lps/2/4_06.lp,Unknown,1.5583653,,41736,359437,1655899
1281,SavileRow (GT),./experiments/mbkp-control/lps/2/1_07.lp,Timeout,,,,,
1281,SavileRow (GT),./experiments/mbssp-control/lps/2/029.lp,Unknown,21.406225,,66961,15621255,46834465
1282,SavileRow (SWC),./experiments/mbkp-control/lps/2/1_07.lp,Unknown,60.106514,,10338390,103626970,288091480
1282,SavileRow (SWC),./experiments/mbssp-control/lps/2/029.lp,Unknown,2.9651449,,272906,2770844,7793426
1283,SavileRow (BDD),./experiments/mbssp-control/lps/2/029.lp,Unknown,2.486033,,73415,706617,1966631
1283,SavileRow (BDD),./experiments/mbkp-control/lps/2/1_07.lp,Unknown,24.50641,,2043161,19938303,55271024
1284,SavileRow (GPW),./experiments/mbssp-control/lps/2/029.lp,Unknown,1.0498091,,8514,31219,79855
1284,SavileRow (GPW),./experiments/mbkp-control/lps/2/1_07.lp,Unknown,3.298726,,111167,393756,996900
1286,SavileRow (GMTO),./experiments/mbssp-control/lps/2/029.lp,Unknown,1.6533266,,5130,17781,48195
1286,SavileRow (GMTO),./experiments/mbkp-control/lps/2/1_07.lp,Unsat,5.9364805,12.674254,62689,233592,634632
1287,Fun-sCOP (),./experiments/mbssp-control/lps/2/029.lp,Unknown,3.7860928,,148973,418873,1228773
1287,Fun-sCOP (),./experiments/mbkp-control/lps/2/1_07.lp,Unknown,54.40897,,5371670,15025283,43607452
1290,Picat-SAT,./experiments/mbssp-control/lps/2/029.lp,Sat,0.6699318,0.42385525,1568,12654,56752
1290,Picat-SAT,./experiments/mbkp-control/lps/2/1_07.lp,Unknown,1.5098605,,41380,356699,1645518
1291,SavileRow (GT),./experiments/mbssp-control/lps/2/030.lp,Unknown,18.208723,,62246,12233885,36673519
1291,SavileRow (GT),./experiments/mbkp-control/lps/2/2_07.lp,Timeout,,,,,
1292,SavileRow (SWC),./experiments/mbkp-control/lps/2/2_07.lp,Unknown,89.93576,,10243980,102679760,285411870
1292,SavileRow (SWC),./experiments/mbssp-control/lps/2/030.lp,Unknown,2.5825877,,248376,2525654,7103916
1293,SavileRow (BDD),./experiments/mbssp-control/lps/2/030.lp,Unknown,2.386206,,68069,651641,1809756
1293,SavileRow (BDD),./experiments/mbkp-control/lps/2/2_07.lp,Unknown,23.171019,,1996885,19386345,53630458
1294,SavileRow (GPW),./experiments/mbssp-control/lps/2/030.lp,Unknown,1.1072565,,8117,29199,74464
1294,SavileRow (GPW),./experiments/mbkp-control/lps/2/2_07.lp,Unknown,3.143658,,111068,393304,995501
1296,SavileRow (GMTO),./experiments/mbkp-control/lps/2/2_07.lp,Unknown,5.463683,,62420,232401,631249
1296,SavileRow (GMTO),./experiments/mbssp-control/lps/2/030.lp,Sat,1.319277,55.37039,5064,17230,46382
1297,Fun-sCOP (),./experiments/mbssp-control/lps/2/030.lp,Unknown,3.9386363,,151274,424834,1245704
1297,Fun-sCOP (),./experiments/mbkp-control/lps/2/2_07.lp,Unknown,51.83272,,5166635,14432646,41863220
1300,Picat-SAT,./experiments/mbkp-control/lps/2/2_07.lp,Unknown,1.7186353,,41505,358393,1653575
1300,Picat-SAT,./experiments/mbssp-control/lps/2/030.lp,Sat,0.6244128,2.72968,1533,12325,54807
1301,SavileRow (GT),./experiments/mbssp-control/lps/2/031.lp,Unknown,28.561619,,75863,20019578,60024046
1301,SavileRow (GT),./experiments/mbkp-control/lps/2/3_07.lp,Timeout,,,,,
1302,SavileRow (SWC),./experiments/mbkp-control/lps/2/3_07.lp,Unknown,65.26306,,10372050,103959115,288976155
1302,SavileRow (SWC),./experiments/mbssp-control/lps/2/031.lp,Unknown,2.7954545,,281266,2853234,8024306
1303,SavileRow (BDD),./experiments/mbkp-control/lps/2/3_07.lp,Unknown,22.90435,,2016884,19536603,53993027
1303,SavileRow (BDD),./experiments/mbssp-control/lps/2/031.lp,Unknown,2.7604651,,87057,847058,2366547
1304,SavileRow (GPW),./experiments/mbssp-control/lps/2/031.lp,Unknown,1.0402385,,8954,33109,84785
1304,SavileRow (GPW),./experiments/mbkp-control/lps/2/3_07.lp,Unknown,3.2316601,,111473,395017,999773
1306,SavileRow (GMTO),./experiments/mbssp-control/lps/2/031.lp,Unknown,1.192261,,5230,18473,50050
1306,SavileRow (GMTO),./experiments/mbkp-control/lps/2/3_07.lp,Unknown,5.6174,,62634,234489,637822
1307,Fun-sCOP (),./experiments/mbssp-control/lps/2/031.lp,Unknown,3.714921,,161417,453625,1330441
1307,Fun-sCOP (),./experiments/mbkp-control/lps/2/3_07.lp,Unknown,59.222233,,5232616,14620065,42413377
1310,Picat-SAT,./experiments/mbkp-control/lps/2/3_07.lp,Unknown,1.4722927,,41538,358969,1655574
1310,Picat-SAT,./experiments/mbssp-control/lps/2/031.lp,Sat,0.6657865,4.680191,1669,14166,64226
1311,SavileRow (GT),./experiments/mbkp-control/lps/2/4_07.lp,Timeout,,,,,
1311,SavileRow (GT),./experiments/mbssp-control/lps/2/032.lp,Unknown,22.403128,,62540,11104887,33284919
1312,SavileRow (SWC),./experiments/mbssp-control/lps/2/032.lp,Unknown,2.6963701,,269606,2736634,7698746
1312,SavileRow (SWC),./experiments/mbkp-control/lps/2/4_07.lp,Unknown,70.20883,,10404360,104256830,289813795
1313,SavileRow (BDD),./experiments/mbssp-control/lps/2/032.lp,Unknown,2.3965526,,67545,651343,1814513
1313,SavileRow (BDD),./experiments/mbkp-control/lps/2/4_07.lp,Unknown,24.10644,,2089779,20374583,56461601
1314,SavileRow (GPW),./experiments/mbkp-control/lps/2/4_07.lp,Unknown,3.3709388,,110925,392138,992207
1314,SavileRow (GPW),./experiments/mbssp-control/lps/2/032.lp,Unknown,1.0078771,,8690,31948,81756
1316,SavileRow (GMTO),./experiments/mbkp-control/lps/2/4_07.lp,Unsat,5.665238,39.29676,62711,233910,635161
1316,SavileRow (GMTO),./experiments/mbssp-control/lps/2/032.lp,Unknown,1.2399964,,5130,18187,49085
1317,Fun-sCOP (),./experiments/mbssp-control/lps/2/032.lp,Unknown,3.727567,,133048,371714,1087958
1317,Fun-sCOP (),./experiments/mbkp-control/lps/2/4_07.lp,Unknown,53.28077,,5237854,14643757,42485077
1320,Picat-SAT,./experiments/mbssp-control/lps/2/032.lp,Sat,0.6416942,1.251321,1546,12511,56322
1320,Picat-SAT,./experiments/mbkp-control/lps/2/4_07.lp,Unknown,1.4746846,,41740,359244,1655569
1321,SavileRow (GT),./experiments/mbkp-control/lps/2/1_08.lp,Timeout,,,,,
1321,SavileRow (GT),./experiments/mbssp-control/lps/2/033.lp,Unknown,19.348352,,63721,13852548,41528822
1322,SavileRow (SWC),./experiments/mbssp-control/lps/2/033.lp,Unknown,2.539846,,246506,2502994,7038956
1322,SavileRow (SWC),./experiments/mbkp-control/lps/2/1_08.lp,Unknown,63.262413,,10520190,105404570,293262680
1323,SavileRow (BDD),./experiments/mbkp-control/lps/2/1_08.lp,Unknown,23.342505,,2052029,19982012,55439798
1323,SavileRow (BDD),./experiments/mbssp-control/lps/2/033.lp,Unknown,2.5849218,,68494,659031,1833922
1324,SavileRow (GPW),./experiments/mbssp-control/lps/2/033.lp,Unknown,1.0300521,,8415,30524,77923
1324,SavileRow (GPW),./experiments/mbkp-control/lps/2/1_08.lp,Unknown,3.7013562,,111157,393638,996556
1326,SavileRow (GMTO),./experiments/mbssp-control/lps/2/033.lp,Unknown,1.112164,,5094,17710,47732
1326,SavileRow (GMTO),./experiments/mbkp-control/lps/2/1_08.lp,Unsat,5.5428042,29.004503,62717,233560,634641
1327,Fun-sCOP (),./experiments/mbssp-control/lps/2/033.lp,Unknown,3.5189285,,133317,374007,1096261
1327,Fun-sCOP (),./experiments/mbkp-control/lps/2/1_08.lp,Unknown,53.44706,,5413211,15139024,43948359
1330,Picat-SAT,./experiments/mbssp-control/lps/2/033.lp,Sat,0.6446136,2.1479602,1556,12388,55256
1330,Picat-SAT,./experiments/mbkp-control/lps/2/1_08.lp,Unknown,1.5851886,,41393,356704,1645760
1331,SavileRow (GT),./experiments/mbkp-control/lps/2/2_08.lp,Timeout,,,,,
1331,SavileRow (GT),./experiments/mbssp-control/lps/2/034.lp,Unknown,17.935112,,59261,11987540,35935274
1332,SavileRow (SWC),./experiments/mbssp-control/lps/2/034.lp,Unknown,2.584174,,249036,2531484,7120696
1332,SavileRow (SWC),./experiments/mbkp-control/lps/2/2_08.lp,Unknown,90.04418,,10423395,104434040,290515230
1333,SavileRow (BDD),./experiments/mbkp-control/lps/2/2_08.lp,Unknown,23.28683,,2005337,19426429,53788552
1333,SavileRow (BDD),./experiments/mbssp-control/lps/2/034.lp,Unknown,2.4984245,,66241,641507,1789402
1334,SavileRow (GPW),./experiments/mbssp-control/lps/2/034.lp,Sat,1.0213524,44.812035,8322,30365,77593
1334,SavileRow (GPW),./experiments/mbkp-control/lps/2/2_08.lp,Sat,3.3011315,14.855319,111082,393527,996156
1336,SavileRow (GMTO),./experiments/mbssp-control/lps/2/034.lp,Sat,1.0960217,38.12074,5052,17528,47218
1336,SavileRow (GMTO),./experiments/mbkp-control/lps/2/2_08.lp,Sat,5.4907603,10.799949,62426,232380,631373
1337,Fun-sCOP (),./experiments/mbkp-control/lps/2/2_08.lp,Unknown,55.312756,,5206358,14541219,42188909
1337,Fun-sCOP (),./experiments/mbssp-control/lps/2/034.lp,Sat,3.8549325,35.163246,154670,435050,1276368
1340,Picat-SAT,./experiments/mbssp-control/lps/2/034.lp,Sat,0.588295,1.6797523,1531,12857,58602
1340,Picat-SAT,./experiments/mbkp-control/lps/2/2_08.lp,Unknown,1.5885277,,41510,358410,1654105
1341,SavileRow (GT),./experiments/mbkp-control/lps/2/3_08.lp,Timeout,,,,,
1341,SavileRow (GT),./experiments/mbssp-control/lps/2/035.lp,Unknown,22.154547,,65151,13214367,39612132
1342,SavileRow (SWC),./experiments/mbkp-control/lps/2/3_08.lp,Unknown,83.42532,,10554210,105740235,294157595
1342,SavileRow (SWC),./experiments/mbssp-control/lps/2/035.lp,Unknown,2.9756622,,269386,2735314,7694106
1343,SavileRow (BDD),./experiments/mbkp-control/lps/2/3_08.lp,Unknown,23.468344,,2025071,19573684,54145073
1343,SavileRow (BDD),./experiments/mbssp-control/lps/2/035.lp,Unknown,2.4191785,,74811,722111,2011938
1344,SavileRow (GPW),./experiments/mbkp-control/lps/2/3_08.lp,Unknown,3.2423418,,111522,395498,1001167
1344,SavileRow (GPW),./experiments/mbssp-control/lps/2/035.lp,Unknown,1.0062704,,8506,30975,79185
1346,SavileRow (GMTO),./experiments/mbkp-control/lps/2/3_08.lp,Unknown,5.4609594,,62658,234481,637857
1346,SavileRow (GMTO),./experiments/mbssp-control/lps/2/035.lp,Unknown,1.1241399,,5132,17836,48387
1347,Fun-sCOP (),./experiments/mbssp-control/lps/2/035.lp,Unknown,4.1124916,,169101,476969,1400769
1347,Fun-sCOP (),./experiments/mbkp-control/lps/2/3_08.lp,Unknown,51.430363,,5272903,14730106,42743342
1350,Picat-SAT,./experiments/mbkp-control/lps/2/3_08.lp,Unknown,2.3674393,,41550,359023,1656019
1350,Picat-SAT,./experiments/mbssp-control/lps/2/035.lp,Sat,0.69154346,3.1332512,1613,12619,55748
1351,SavileRow (GT),./experiments/mbssp-control/lps/2/036.lp,Unknown,22.492207,,68240,15673336,46988840
1351,SavileRow (GT),./experiments/mbkp-control/lps/2/4_08.lp,Timeout,,,,,
1352,SavileRow (SWC),./experiments/mbkp-control/lps/2/4_08.lp,Unknown,64.09958,,10586430,106037070,294992675
1352,SavileRow (SWC),./experiments/mbssp-control/lps/2/036.lp,Unknown,2.5515358,,268836,2729264,7676456
1353,SavileRow (BDD),./experiments/mbssp-control/lps/2/036.lp,Unknown,2.1177533,,76386,740291,2065487
1353,SavileRow (BDD),./experiments/mbkp-control/lps/2/4_08.lp,Unknown,23.404919,,2098724,20418804,56632653
1354,SavileRow (GPW),./experiments/mbssp-control/lps/2/036.lp,Unknown,1.1168243,,8588,31410,80286
1354,SavileRow (GPW),./experiments/mbkp-control/lps/2/4_08.lp,Unknown,4.103584,,110936,392260,992562
1356,SavileRow (GMTO),./experiments/mbkp-control/lps/2/4_08.lp,Unsat,5.7567234,57.46245,62727,233929,635447
1356,SavileRow (GMTO),./experiments/mbssp-control/lps/2/036.lp,Unknown,1.2176032,,5154,18082,49062
1357,Fun-sCOP (),./experiments/mbkp-control/lps/2/4_08.lp,Unknown,55.650314,,5278535,14755326,42819874
1357,Fun-sCOP (),./experiments/mbssp-control/lps/2/036.lp,Unknown,4.158972,,146547,412711,1211403
1360,Picat-SAT,./experiments/mbssp-control/lps/2/036.lp,Sat,0.7197219,2.3290877,1605,13185,59442
1360,Picat-SAT,./experiments/mbkp-control/lps/2/4_08.lp,Unknown,1.673851,,41750,359382,1656452
1361,SavileRow (GT),./experiments/mbkp-control/lps/2/1_09.lp,Timeout,,,,,
1361,SavileRow (GT),./experiments/mbssp-control/lps/2/037.lp,Unknown,26.761545,,73286,19086528,57226696
1362,SavileRow (SWC),./experiments/mbkp-control/lps/2/1_09.lp,Unknown,97.78403,,10701810,107180410,298428760
1362,SavileRow (SWC),./experiments/mbssp-control/lps/2/037.lp,Unknown,2.7457309,,292596,2966974,8342686
1363,SavileRow (BDD),./experiments/mbssp-control/lps/2/037.lp,Unknown,2.6258526,,85261,821855,2288004
1363,SavileRow (BDD),./experiments/mbkp-control/lps/2/1_09.lp,Unknown,22.856083,,2059267,20008268,55559384
1364,SavileRow (GPW),./experiments/mbkp-control/lps/2/1_09.lp,Unknown,3.553575,,111157,393701,996745
1364,SavileRow (GPW),./experiments/mbssp-control/lps/2/037.lp,Unknown,0.9771336,,8744,32172,82276
1366,SavileRow (GMTO),./experiments/mbssp-control/lps/2/037.lp,Unknown,1.1882803,,5208,18379,49624
1366,SavileRow (GMTO),./experiments/mbkp-control/lps/2/1_09.lp,Unknown,6.2426205,,62729,233555,634624
1367,Fun-sCOP (),./experiments/mbssp-control/lps/2/037.lp,Unknown,3.8910377,,148684,417466,1224004
1367,Fun-sCOP (),./experiments/mbkp-control/lps/2/1_09.lp,Unknown,52.266384,,5453312,15248667,44277012
1370,Picat-SAT,./experiments/mbkp-control/lps/2/1_09.lp,Unknown,1.6047772,,41399,356767,1646057
1370,Picat-SAT,./experiments/mbssp-control/lps/2/037.lp,Sat,0.7081752,2.7157836,1567,13551,62820
1371,SavileRow (GT),./experiments/mbssp-control/lps/2/038.lp,Unknown,20.815199,,66007,15502316,46477222
1371,SavileRow (GT),./experiments/mbkp-control/lps/2/2_09.lp,Timeout,,,,,
1372,SavileRow (SWC),./experiments/mbssp-control/lps/2/038.lp,Unknown,2.7171013,,251236,2552714,7180296
1372,SavileRow (SWC),./experiments/mbkp-control/lps/2/2_09.lp,Unknown,64.03098,,10603350,106193600,295633950
1373,SavileRow (BDD),./experiments/mbssp-control/lps/2/038.lp,Unknown,2.5646818,,76573,746972,2089017
1373,SavileRow (BDD),./experiments/mbkp-control/lps/2/2_09.lp,Unknown,22.607288,,2012251,19449830,53900537
1374,SavileRow (GPW),./experiments/mbkp-control/lps/2/2_09.lp,Sat,3.2458904,3.9819877,111114,393807,996964
1374,SavileRow (GPW),./experiments/mbssp-control/lps/2/038.lp,Sat,1.1144952,22.11323,8374,30515,77933
1376,SavileRow (GMTO),./experiments/mbkp-control/lps/2/2_09.lp,Sat,5.4867754,5.80286,62462,232395,631416
1376,SavileRow (GMTO),./experiments/mbssp-control/lps/2/038.lp,Unknown,1.2258909,,5096,17686,47661
1377,Fun-sCOP (),./experiments/mbssp-control/lps/2/038.lp,Unknown,3.9993916,,148455,417437,1224577
1377,Fun-sCOP (),./experiments/mbkp-control/lps/2/2_09.lp,Sat,50.204754,8.471362,5244715,14645824,42502914
1380,Picat-SAT,./experiments/mbkp-control/lps/2/2_09.lp,Unknown,1.6027391,,41521,358511,1654438
1380,Picat-SAT,./experiments/mbssp-control/lps/2/038.lp,Sat,0.6311111,0.4027547,1579,13381,60795
1381,SavileRow (GT),./experiments/mbssp-control/lps/2/039.lp,Unknown,25.517706,,70306,17436351,52277393
1381,SavileRow (GT),./experiments/mbkp-control/lps/2/3_09.lp,Timeout,,,,,
1382,SavileRow (SWC),./experiments/mbkp-control/lps/2/3_09.lp,Unknown,63.952694,,10736280,107520475,299336475
1382,SavileRow (SWC),./experiments/mbssp-control/lps/2/039.lp,Unknown,2.814348,,275986,2800764,7877636
1383,SavileRow (BDD),./experiments/mbssp-control/lps/2/039.lp,Unknown,2.640318,,80615,783615,2188562
1383,SavileRow (BDD),./experiments/mbkp-control/lps/2/3_09.lp,Unknown,24.283436,,2031859,19595606,54252306
1384,SavileRow (GPW),./experiments/mbssp-control/lps/2/039.lp,Unknown,1.030192,,8357,30411,77660
1384,SavileRow (GPW),./experiments/mbkp-control/lps/2/3_09.lp,Unknown,3.648565,,111541,395630,1001544
1386,SavileRow (GMTO),./experiments/mbssp-control/lps/2/039.lp,Unknown,1.3013768,,5118,17671,47627
1386,SavileRow (GMTO),./experiments/mbkp-control/lps/2/3_09.lp,Unknown,5.744261,,62688,234494,637937
1387,Fun-sCOP (),./experiments/mbssp-control/lps/2/039.lp,Unknown,3.7787328,,164923,464077,1361727
1387,Fun-sCOP (),./experiments/mbkp-control/lps/2/3_09.lp,Unknown,51.772743,,5311588,14835741,43060351
1390,Picat-SAT,./experiments/mbkp-control/lps/2/3_09.lp,Unknown,1.6353009,,41559,359110,1656384
1390,Picat-SAT,./experiments/mbssp-control/lps/2/039.lp,Sat,0.55740553,0.6411791,1554,12656,57015
1391,SavileRow (GT),./experiments/mbkp-control/lps/2/4_09.lp,Timeout,,,,,
1391,SavileRow (GT),./experiments/mbssp-control/lps/2/040.lp,Unknown,24.3463,,68657,16363725,49060257
1392,SavileRow (SWC),./experiments/mbkp-control/lps/2/4_09.lp,Unknown,69.92264,,10769760,107829630,300207395
1392,SavileRow (SWC),./experiments/mbssp-control/lps/2/040.lp,Unknown,2.7554593,,273346,2775354,7806666
1393,SavileRow (BDD),./experiments/mbssp-control/lps/2/040.lp,Unknown,2.6118765,,73531,709598,1976940
1393,SavileRow (BDD),./experiments/mbkp-control/lps/2/4_09.lp,Unknown,31.130604,,2106034,20444529,56751599
1394,SavileRow (GPW),./experiments/mbssp-control/lps/2/040.lp,Unknown,1.0035756,,8418,30656,78272
1394,SavileRow (GPW),./experiments/mbkp-control/lps/2/4_09.lp,Unknown,3.233081,,110934,392205,992399
1396,SavileRow (GMTO),./experiments/mbkp-control/lps/2/4_09.lp,Unknown,5.5483613,,62745,233903,635273
1396,SavileRow (GMTO),./experiments/mbssp-control/lps/2/040.lp,Unknown,1.13844,,5128,17794,47883
1397,Fun-sCOP (),./experiments/mbssp-control/lps/2/040.lp,Unknown,3.546311,,161231,453311,1329735
1397,Fun-sCOP (),./experiments/mbkp-control/lps/2/4_09.lp,Unknown,53.100773,,5317556,14862057,43140745
1400,Picat-SAT,./experiments/mbssp-control/lps/2/040.lp,Sat,0.54389375,2.5307045,1585,13337,60683
1400,Picat-SAT,./experiments/mbkp-control/lps/2/4_09.lp,Unknown,1.5417026,,41756,359370,1656276
1401,SavileRow (GT),./experiments/mbssp-control/lps/2/041.lp,Unknown,19.696602,,64382,13313912,39910915
1401,SavileRow (GT),./experiments/mbkp-control/lps/2/1_10.lp,Timeout,,,,,
1402,SavileRow (SWC),./experiments/mbkp-control/lps/2/1_10.lp,Unknown,61.237823,,10883610,108958010,303599960
1402,SavileRow (SWC),./experiments/mbssp-control/lps/2/041.lp,Unknown,2.6271517,,270926,2751594,7738686
1403,SavileRow (BDD),./experiments/mbssp-control/lps/2/041.lp,Unknown,2.529294,,65829,631485,1755313
1403,SavileRow (BDD),./experiments/mbkp-control/lps/2/1_10.lp,Unknown,23.52127,,2064868,20016086,55627534
1404,SavileRow (GPW),./experiments/mbssp-control/lps/2/041.lp,Unknown,1.0994438,,8411,30742,78513
1404,SavileRow (GPW),./experiments/mbkp-control/lps/2/1_10.lp,Unknown,3.5355852,,111132,393456,996035
1406,SavileRow (GMTO),./experiments/mbssp-control/lps/2/041.lp,Unknown,1.2074894,,5114,17799,47948
1406,SavileRow (GMTO),./experiments/mbkp-control/lps/2/1_10.lp,Unknown,6.3793726,,62766,233551,634660
1407,Fun-sCOP (),./experiments/mbkp-control/lps/2/1_10.lp,Unknown,56.548534,,5491992,15353929,44593096
1407,Fun-sCOP (),./experiments/mbssp-control/lps/2/041.lp,Unknown,3.615536,,164092,461668,1354574
1410,Picat-SAT,./experiments/mbssp-control/lps/2/041.lp,Sat,0.7297318,1.3984346,1550,13022,59302
1410,Picat-SAT,./experiments/mbkp-control/lps/2/1_10.lp,Unknown,2.1026535,,41407,356790,1646428
1411,SavileRow (GT),./experiments/mbkp-control/lps/2/2_10.lp,Timeout,,,,,
1411,SavileRow (GT),./experiments/mbssp-control/lps/2/042.lp,Unknown,24.314116,,71232,18654592,55932497
1412,SavileRow (SWC),./experiments/mbkp-control/lps/2/2_10.lp,Unknown,61.47434,,10784340,107963280,300782110
1412,SavileRow (SWC),./experiments/mbssp-control/lps/2/042.lp,Unknown,2.5272136,,264216,2683174,7547556
1413,SavileRow (BDD),./experiments/mbkp-control/lps/2/2_10.lp,Sat,23.083668,2.8248794,2017426,19456582,53964927
1413,SavileRow (BDD),./experiments/mbssp-control/lps/2/042.lp,Unknown,2.7287822,,81869,802957,2250070
1414,SavileRow (GPW),./experiments/mbssp-control/lps/2/042.lp,Unknown,1.1106027,,8632,31590,80766
1414,SavileRow (GPW),./experiments/mbkp-control/lps/2/2_10.lp,Sat,3.339707,13.269519,111071,393332,995582
1416,SavileRow (GMTO),./experiments/mbkp-control/lps/2/2_10.lp,Sat,6.4977884,9.3383665,62485,232397,631416
1416,SavileRow (GMTO),./experiments/mbssp-control/lps/2/042.lp,Unknown,1.171054,,5102,17820,48105
1417,Fun-sCOP (),./experiments/mbssp-control/lps/2/042.lp,Unknown,3.8920412,,169872,478220,1403470
1417,Fun-sCOP (),./experiments/mbkp-control/lps/2/2_10.lp,Sat,53.578037,6.541839,5282179,14747722,42808810
1420,Picat-SAT,./experiments/mbssp-control/lps/2/042.lp,Sat,0.6396914,2.039526,1572,13864,64092
1420,Picat-SAT,./experiments/mbkp-control/lps/2/2_10.lp,Unknown,1.6019303,,41539,358550,1654652
1421,SavileRow (GT),./experiments/mbssp-control/lps/2/043.lp,Unknown,16.707197,,60524,12046442,36110362
1421,SavileRow (GT),./experiments/mbkp-control/lps/2/3_10.lp,Timeout,,,,,
1422,SavileRow (SWC),./experiments/mbssp-control/lps/2/043.lp,Unknown,2.8383963,,240126,2441394,6867656
1422,SavileRow (SWC),./experiments/mbkp-control/lps/2/3_10.lp,Unknown,67.51064,,10918260,109299835,304512795
1423,SavileRow (BDD),./experiments/mbkp-control/lps/2/3_10.lp,Unknown,23.323849,,2036942,19599882,54312514
1423,SavileRow (BDD),./experiments/mbssp-control/lps/2/043.lp,Unknown,2.1949146,,63887,615904,1715167
1424,SavileRow (GPW),./experiments/mbkp-control/lps/2/3_10.lp,Unknown,3.254112,,111499,395239,1000413
1424,SavileRow (GPW),./experiments/mbssp-control/lps/2/043.lp,Unknown,1.0026383,,8212,29756,75912
1426,SavileRow (GMTO),./experiments/mbkp-control/lps/2/3_10.lp,Unknown,6.1480303,,62706,234433,637835
1426,SavileRow (GMTO),./experiments/mbssp-control/lps/2/043.lp,Unknown,1.1419885,,5024,17395,46838
1427,Fun-sCOP (),./experiments/mbkp-control/lps/2/3_10.lp,Unknown,53.852417,,5348971,14937822,43366768
1427,Fun-sCOP (),./experiments/mbssp-control/lps/2/043.lp,Unknown,3.177387,,131413,368699,1080759
1430,Picat-SAT,./experiments/mbssp-control/lps/2/043.lp,Sat,0.6462622,0.48688543,1517,12315,55490
1430,Picat-SAT,./experiments/mbkp-control/lps/2/3_10.lp,Unknown,1.7173724,,41564,359058,1656444
1431,SavileRow (GT),./experiments/mbssp-control/lps/2/044.lp,Unknown,21.49873,,67248,15176948,45500130
1431,SavileRow (GT),./experiments/mbkp-control/lps/2/4_10.lp,Timeout,,,,,
1432,SavileRow (SWC),./experiments/mbssp-control/lps/2/044.lp,Unknown,2.9011908,,264106,2682734,7547546
1432,SavileRow (SWC),./experiments/mbkp-control/lps/2/4_10.lp,Unknown,62.62029,,10951650,109608110,305381155
1433,SavileRow (BDD),./experiments/mbssp-control/lps/2/044.lp,Unknown,2.0117605,,74852,728451,2035762
1433,SavileRow (BDD),./experiments/mbkp-control/lps/2/4_10.lp,Unknown,24.063414,,2111492,20452144,56820803
1434,SavileRow (GPW),./experiments/mbssp-control/lps/2/044.lp,Unknown,1.0855486,,8781,32368,82913
1434,SavileRow (GPW),./experiments/mbkp-control/lps/2/4_10.lp,Unknown,3.2096524,,111011,392901,994410
1436,SavileRow (GMTO),./experiments/mbssp-control/lps/2/044.lp,Unknown,1.207949,,5168,18259,49478
1436,SavileRow (GMTO),./experiments/mbkp-control/lps/2/4_10.lp,Unknown,5.743021,,62775,233966,635506
1437,Fun-sCOP (),./experiments/mbkp-control/lps/2/4_10.lp,Unknown,53.945885,,5355147,14964778,43449372
1437,Fun-sCOP (),./experiments/mbssp-control/lps/2/044.lp,Unknown,4.111514,,160669,452801,1329441
1440,Picat-SAT,./experiments/mbkp-control/lps/2/4_10.lp,Unknown,1.6861459,,41762,359544,1656953
1440,Picat-SAT,./experiments/mbssp-control/lps/2/044.lp,Sat,0.6770452,2.3444018,1594,13200,59623
1441,SavileRow (GT),./experiments/mbssp-control/lps/2/045.lp,Unknown,19.383404,,65704,14334805,42973899
1441,SavileRow (GT),./experiments/mbkp-control/lps/2/1_11.lp,Timeout,,,,,
1442,SavileRow (SWC),./experiments/mbkp-control/lps/2/1_11.lp,Unknown,98.21928,,11065410,110735610,308771160
1442,SavileRow (SWC),./experiments/mbssp-control/lps/2/045.lp,Unknown,2.9204466,,257286,2613654,7350686
1443,SavileRow (BDD),./experiments/mbssp-control/lps/2/045.lp,Unknown,2.5238197,,74788,723578,2017580
1443,SavileRow (BDD),./experiments/mbkp-control/lps/2/1_11.lp,Unknown,23.289122,,2068518,20006046,55645859
1444,SavileRow (GPW),./experiments/mbkp-control/lps/2/1_11.lp,Unknown,3.2922392,,111152,393562,996333
1444,SavileRow (GPW),./experiments/mbssp-control/lps/2/045.lp,Unknown,1.0881873,,8501,31126,79563
1446,SavileRow (GMTO),./experiments/mbssp-control/lps/2/045.lp,Unknown,1.339039,,5112,17869,48174
1446,SavileRow (GMTO),./experiments/mbkp-control/lps/2/1_11.lp,Unknown,5.590406,,62787,233528,634560
1447,Fun-sCOP (),./experiments/mbkp-control/lps/2/1_11.lp,Unknown,53.530346,,5528564,15453477,44892312
1447,Fun-sCOP (),./experiments/mbssp-control/lps/2/045.lp,Unknown,3.6989315,,152087,427337,1253293
1450,Picat-SAT,./experiments/mbssp-control/lps/2/045.lp,Sat,0.67101216,2.6322374,1555,13099,59387
1450,Picat-SAT,./experiments/mbkp-control/lps/2/1_11.lp,Unknown,1.7231162,,41412,356763,1646385
1451,SavileRow (GT),./experiments/mbkp-control/lps/2/2_11.lp,Timeout,,,,,
1451,SavileRow (GT),./experiments/mbssp-control/lps/2/046.lp,Unknown,18.19283,,62379,12849651,38520231
1452,SavileRow (SWC),./experiments/mbkp-control/lps/2/2_11.lp,Unknown,67.20545,,10963935,109719320,305890590
1452,SavileRow (SWC),./experiments/mbssp-control/lps/2/046.lp,Unknown,2.6779647,,247606,2516524,7077556
1453,SavileRow (BDD),./experiments/mbssp-control/lps/2/046.lp,Unknown,2.4460764,,66808,638238,1771227
1453,SavileRow (BDD),./experiments/mbkp-control/lps/2/2_11.lp,Sat,22.848875,2.514701,2020914,19444407,53977363
1454,SavileRow (GPW),./experiments/mbkp-control/lps/2/2_11.lp,Sat,3.2969708,1.0560216,111076,393293,995460
1454,SavileRow (GPW),./experiments/mbssp-control/lps/2/046.lp,Unknown,1.0406567,,8353,30312,77365
1456,SavileRow (GMTO),./experiments/mbkp-control/lps/2/2_11.lp,Sat,5.6798596,8.374666,62515,232329,631271
1456,SavileRow (GMTO),./experiments/mbssp-control/lps/2/046.lp,Unknown,1.2318954,,5050,17251,46553
1457,Fun-sCOP (),./experiments/mbssp-control/lps/2/046.lp,Unknown,3.8131003,,149255,419027,1228519
1457,Fun-sCOP (),./experiments/mbkp-control/lps/2/2_11.lp,Sat,51.0008,8.39225,5317700,14844189,43098825
1460,Picat-SAT,./experiments/mbkp-control/lps/2/2_11.lp,Sat,1.7156712,43.99049,41555,358549,1654784
1460,Picat-SAT,./experiments/mbssp-control/lps/2/046.lp,Sat,0.64648294,2.074697,1531,11825,52097
1461,SavileRow (GT),./experiments/mbkp-control/lps/2/3_11.lp,Timeout,,,,,
1461,SavileRow (GT),./experiments/mbssp-control/lps/2/047.lp,Unknown,25.98941,,70028,17522198,52534662
1462,SavileRow (SWC),./experiments/mbssp-control/lps/2/047.lp,Unknown,2.8318682,,280166,2844104,8000006
1462,SavileRow (SWC),./experiments/mbkp-control/lps/2/3_11.lp,Unknown,56.477734,,11100870,111085355,309707035
1463,SavileRow (BDD),./experiments/mbssp-control/lps/2/047.lp,Unknown,2.6050828,,82733,808870,2263956
1463,SavileRow (BDD),./experiments/mbkp-control/lps/2/3_11.lp,Unknown,24.242699,,2040430,19587120,54323234
1464,SavileRow (GPW),./experiments/mbkp-control/lps/2/3_11.lp,Sat,4.301764,27.82809,111519,395370,1000786
1464,SavileRow (GPW),./experiments/mbssp-control/lps/2/047.lp,Sat,1.059467,59.092533,8722,32158,82260
1466,SavileRow (GMTO),./experiments/mbssp-control/lps/2/047.lp,Unknown,1.7207572,,5200,18342,49598
1466,SavileRow (GMTO),./experiments/mbkp-control/lps/2/3_11.lp,Sat,5.4948306,50.136852,62736,234432,637827
1467,Fun-sCOP (),./experiments/mbssp-control/lps/2/047.lp,Unknown,3.86198,,151180,424512,1244714
1467,Fun-sCOP (),./experiments/mbkp-control/lps/2/3_11.lp,Unknown,55.032097,,5384654,15034903,43658445
1470,Picat-SAT,./experiments/mbssp-control/lps/2/047.lp,Sat,0.6311461,0.84836,1621,13231,59620
1470,Picat-SAT,./experiments/mbkp-control/lps/2/3_11.lp,Unknown,1.7054856,,41575,359103,1656682
1471,SavileRow (GT),./experiments/mbkp-control/lps/2/4_11.lp,Timeout,,,,,
1471,SavileRow (GT),./experiments/mbssp-control/lps/2/048.lp,Unknown,25.73795,,71386,18562566,55654750
1472,SavileRow (SWC),./experiments/mbssp-control/lps/2/048.lp,Unknown,2.8978357,,282806,2870724,8074496
1472,SavileRow (SWC),./experiments/mbkp-control/lps/2/4_11.lp,Unknown,102.021805,,11134710,111398030,310588195
1473,SavileRow (BDD),./experiments/mbkp-control/lps/2/4_11.lp,Unknown,24.147638,,2115377,20442245,56839920
1473,SavileRow (BDD),./experiments/mbssp-control/lps/2/048.lp,Unknown,2.6039157,,77487,749064,2088083
1474,SavileRow (GPW),./experiments/mbssp-control/lps/2/048.lp,Unknown,1.043073,,8526,31176,79678
1474,SavileRow (GPW),./experiments/mbkp-control/lps/2/4_11.lp,Unknown,4.256868,,111046,393159,995149
1476,SavileRow (GMTO),./experiments/mbkp-control/lps/2/4_11.lp,Unknown,5.3853984,,62823,233973,635282
1476,SavileRow (GMTO),./experiments/mbssp-control/lps/2/048.lp,Unknown,1.2280728,,5129,17708,47723
1477,Fun-sCOP (),./experiments/mbkp-control/lps/2/4_11.lp,Unknown,53.399704,,5391583,15064160,43748306
1477,Fun-sCOP (),./experiments/mbssp-control/lps/2/048.lp,Unknown,4.6441665,,167997,472755,1387259
1480,Picat-SAT,./experiments/mbkp-control/lps/2/4_11.lp,Unknown,2.0063856,,41769,359575,1656807
1480,Picat-SAT,./experiments/mbssp-control/lps/2/048.lp,Sat,0.5581471,2.691546,1576,13034,58963
1481,SavileRow (GT),./experiments/mbssp-control/lps/2/049.lp,Unknown,25.154535,,67760,15685903,47024413
1481,SavileRow (GT),./experiments/mbkp-control/lps/2/1_12.lp,Timeout,,,,,
1482,SavileRow (SWC),./experiments/mbkp-control/lps/2/1_12.lp,Unknown,73.40513,,11246760,112508810,313929560
1482,SavileRow (SWC),./experiments/mbssp-control/lps/2/049.lp,Unknown,2.7194388,,277746,2818694,7927406
1483,SavileRow (BDD),./experiments/mbssp-control/lps/2/049.lp,Unknown,2.5546122,,73766,711307,1981034
1483,SavileRow (BDD),./experiments/mbkp-control/lps/2/1_12.lp,Unknown,24.075035,,2070489,19977487,55612700
1484,SavileRow (GPW),./experiments/mbssp-control/lps/2/049.lp,Unknown,1.038335,,8539,31313,80096
1484,SavileRow (GPW),./experiments/mbkp-control/lps/2/1_12.lp,Unknown,3.1088645,,111092,393030,994797
1486,SavileRow (GMTO),./experiments/mbkp-control/lps/2/1_12.lp,Unknown,5.6477494,,62787,233513,634525
1486,SavileRow (GMTO),./experiments/mbssp-control/lps/2/049.lp,Sat,1.1591914,2.2281587,5169,17978,48504
1487,Fun-sCOP (),./experiments/mbkp-control/lps/2/1_12.lp,Unknown,57.30268,,5563589,15548260,45178141
1487,Fun-sCOP (),./experiments/mbssp-control/lps/2/049.lp,Unknown,3.9237828,,166506,469316,1377966
1490,Picat-SAT,./experiments/mbkp-control/lps/2/1_12.lp,Unknown,1.6557312,,41412,356699,1646253
1490,Picat-SAT,./experiments/mbssp-control/lps/2/049.lp,Sat,0.6550739,0.43806857,1595,13357,60455
1491,SavileRow (GT),./experiments/mbkp-control/lps/2/2_12.lp,Timeout,,,,,
1491,SavileRow (GT),./experiments/mbssp-control/lps/2/050.lp,Unknown,22.507618,,59171,9735879,29180288
1492,SavileRow (SWC),./experiments/mbkp-control/lps/2/2_12.lp,Unknown,61.880207,,11143620,111476240,311001630
1492,SavileRow (SWC),./experiments/mbssp-control/lps/2/050.lp,Unknown,2.6924665,,263708,2473376,6937355
1493,SavileRow (BDD),./experiments/mbkp-control/lps/2/2_12.lp,Sat,22.088915,2.7728329,2022830,19418889,53949755
1493,SavileRow (BDD),./experiments/mbssp-control/lps/2/050.lp,Unknown,2.1533337,,60160,527504,1456781
1494,SavileRow (GPW),./experiments/mbssp-control/lps/2/050.lp,Sat,0.9883587,20.670864,8385,30042,77025
1494,SavileRow (GPW),./experiments/mbkp-control/lps/2/2_12.lp,Sat,3.3636696,2.453165,111094,393493,996042
1496,SavileRow (GMTO),./experiments/mbssp-control/lps/2/050.lp,Sat,1.3039496,8.347813,5103,17428,47578
1496,SavileRow (GMTO),./experiments/mbkp-control/lps/2/2_12.lp,Sat,5.8711305,8.4642515,62564,232363,631192
1497,Fun-sCOP (),./experiments/mbssp-control/lps/2/050.lp,Unknown,3.710043,,172239,485045,1423667
1497,Fun-sCOP (),./experiments/mbkp-control/lps/2/2_12.lp,Sat,51.077034,9.002672,5351854,14936593,43376641
1500,Picat-SAT,./experiments/mbkp-control/lps/2/2_12.lp,Sat,1.0979936,44.783558,41570,358739,1655108
1500,Picat-SAT,./experiments/mbssp-control/lps/2/050.lp,Sat,0.6774176,0.31720024,1577,13493,61382
1501,SavileRow (GT),./experiments/mbkp-control/lps/2/3_12.lp,Timeout,,,,,
1501,SavileRow (GT),./experiments/mbssp-control/lps/2/051.lp,Unknown,28.067781,,73919,20716292,62116580
1502,SavileRow (SWC),./experiments/mbssp-control/lps/2/051.lp,Unknown,2.832086,,282256,2864014,8057176
1502,SavileRow (SWC),./experiments/mbkp-control/lps/2/3_12.lp,Unknown,105.63474,,11283120,112867355,314891035
1503,SavileRow (BDD),./experiments/mbkp-control/lps/2/3_12.lp,Unknown,23.499355,,2042173,19557725,54288002
1503,SavileRow (BDD),./experiments/mbssp-control/lps/2/051.lp,Unknown,2.690707,,88494,872645,2450267
1504,SavileRow (GPW),./experiments/mbssp-control/lps/2/051.lp,Unknown,1.0942199,,8406,30616,78228
1504,SavileRow (GPW),./experiments/mbkp-control/lps/2/3_12.lp,Sat,3.4909844,34.4009,111500,395163,1000184
1506,SavileRow (GMTO),./experiments/mbssp-control/lps/2/051.lp,Unknown,1.402734,,5156,17744,47775
1506,SavileRow (GMTO),./experiments/mbkp-control/lps/2/3_12.lp,Sat,5.6195526,8.885577,62766,234449,637834
1507,Fun-sCOP (),./experiments/mbkp-control/lps/2/3_12.lp,Unknown,55.646164,,5419229,15128678,43940200
1507,Fun-sCOP (),./experiments/mbssp-control/lps/2/051.lp,Unknown,3.726728,,161457,454649,1334469
1510,Picat-SAT,./experiments/mbkp-control/lps/2/3_12.lp,Unknown,1.678595,,41589,359182,1656950
1510,Picat-SAT,./experiments/mbssp-control/lps/2/051.lp,Sat,0.6655941,1.8749931,1602,12744,56701
1511,SavileRow (GT),./experiments/mbkp-control/lps/2/4_12.lp,Timeout,,,,,
1511,SavileRow (GT),./experiments/mbssp-control/lps/2/052.lp,Unknown,20.89599,,67773,14453910,43329838
1512,SavileRow (SWC),./experiments/mbssp-control/lps/2/052.lp,Unknown,2.8945932,,275436,2795704,7862516
1512,SavileRow (SWC),./experiments/mbkp-control/lps/2/4_12.lp,Unknown,64.33744,,11317230,113182670,315779875
1513,SavileRow (BDD),./experiments/mbssp-control/lps/2/052.lp,Unknown,2.355348,,72562,691243,1916225
1513,SavileRow (BDD),./experiments/mbkp-control/lps/2/4_12.lp,Unknown,23.288195,,2117227,20412765,56805584
1514,SavileRow (GPW),./experiments/mbssp-control/lps/2/052.lp,Unknown,1.0577644,,8636,31586,80722
1514,SavileRow (GPW),./experiments/mbkp-control/lps/2/4_12.lp,Unknown,3.4043534,,110986,392590,993502
1516,SavileRow (GMTO),./experiments/mbssp-control/lps/2/052.lp,Unknown,1.3341508,,5138,17897,48300
1516,SavileRow (GMTO),./experiments/mbkp-control/lps/2/4_12.lp,Unknown,6.2324862,,62853,233945,635229
1517,Fun-sCOP (),./experiments/mbkp-control/lps/2/4_12.lp,Unknown,54.098724,,5426931,15160262,44037176
1517,Fun-sCOP (),./experiments/mbssp-control/lps/2/052.lp,Unknown,4.065874,,154760,434124,1272408
1520,Picat-SAT,./experiments/mbssp-control/lps/2/052.lp,Sat,0.5716801,2.1236517,1622,13427,60231
1520,Picat-SAT,./experiments/mbkp-control/lps/2/4_12.lp,Unknown,2.0479426,,41775,359543,1656988
1521,SavileRow (GT),./experiments/mbssp-control/lps/2/053.lp,Unknown,28.46222,,72959,19979465,59906295
1521,SavileRow (GT),./experiments/mbkp-control/lps/2/1_13.lp,Timeout,,,,,
1522,SavileRow (SWC),./experiments/mbkp-control/lps/2/1_13.lp,Unknown,71.778076,,11426760,114268810,319049560
1522,SavileRow (SWC),./experiments/mbssp-control/lps/2/053.lp,Unknown,2.7404647,,274116,2782394,7827086
1523,SavileRow (BDD),./experiments/mbkp-control/lps/2/1_13.lp,Unknown,24.018421,,2070523,19932279,55531357
1523,SavileRow (BDD),./experiments/mbssp-control/lps/2/053.lp,Unknown,2.6436346,,83734,822317,2305535
1524,SavileRow (GPW),./experiments/mbssp-control/lps/2/053.lp,Unknown,1.0069613,,8602,31589,80749
1524,SavileRow (GPW),./experiments/mbkp-control/lps/2/1_13.lp,Sat,3.1724389,26.096409,111144,393561,996338
1526,SavileRow (GMTO),./experiments/mbssp-control/lps/2/053.lp,Unknown,1.1505426,,5164,18118,48826
1526,SavileRow (GMTO),./experiments/mbkp-control/lps/2/1_13.lp,Unknown,5.406942,,62793,233520,634699
1527,Fun-sCOP (),./experiments/mbssp-control/lps/2/053.lp,Unknown,3.7406282,,151902,427704,1255326
1527,Fun-sCOP (),./experiments/mbkp-control/lps/2/1_13.lp,Unknown,57.1746,,5597182,15639343,45452312
1530,Picat-SAT,./experiments/mbssp-control/lps/2/053.lp,Sat,0.543076,0.4176027,1559,13230,60339
1530,Picat-SAT,./experiments/mbkp-control/lps/2/1_13.lp,Unknown,1.6342356,,41414,356807,1646725
1531,SavileRow (GT),./experiments/mbssp-control/lps/2/054.lp,Unknown,24.655703,,70561,17782629,53316504
1531,SavileRow (GT),./experiments/mbkp-control/lps/2/2_13.lp,Timeout,,,,,
1532,SavileRow (SWC),./experiments/mbkp-control/lps/2/2_13.lp,Unknown,99.98344,,11322765,113227880,316097310
1532,SavileRow (SWC),./experiments/mbssp-control/lps/2/054.lp,Unknown,2.5746155,,268726,2730144,7679416
1533,SavileRow (BDD),./experiments/mbkp-control/lps/2/2_13.lp,Sat,22.103495,2.8436842,2022897,19372747,53866856
1533,SavileRow (BDD),./experiments/mbssp-control/lps/2/054.lp,Unknown,2.5468745,,78173,758500,2117184
1534,SavileRow (GPW),./experiments/mbssp-control/lps/2/054.lp,Unknown,1.0749723,,8546,31127,79557
1534,SavileRow (GPW),./experiments/mbkp-control/lps/2/2_13.lp,Sat,3.0657957,1.2304492,111054,393117,994954
1536,SavileRow (GMTO),./experiments/mbkp-control/lps/2/2_13.lp,Sat,5.161122,3.1204422,62594,232375,631235
1536,SavileRow (GMTO),./experiments/mbssp-control/lps/2/054.lp,Unknown,1.1727808,,5141,17922,48370
1537,Fun-sCOP (),./experiments/mbssp-control/lps/2/054.lp,Unknown,3.817561,,149627,420307,1232545
1537,Fun-sCOP (),./experiments/mbkp-control/lps/2/2_13.lp,Sat,54.516617,8.920528,5384361,15024622,43641740
1540,Picat-SAT,./experiments/mbkp-control/lps/2/2_13.lp,Sat,1.6582328,22.463947,41572,358716,1655416
1540,Picat-SAT,./experiments/mbssp-control/lps/2/054.lp,Sat,0.6319612,1.4763715,1605,12914,57615
1541,SavileRow (GT),./experiments/mbkp-control/lps/2/3_13.lp,Timeout,,,,,
1541,SavileRow (GT),./experiments/mbssp-control/lps/2/055.lp,Unknown,27.629839,,75217,20729312,62155332
1542,SavileRow (SWC),./experiments/mbkp-control/lps/2/3_13.lp,Unknown,66.22327,,11464020,114636155,320036635
1542,SavileRow (SWC),./experiments/mbssp-control/lps/2/055.lp,Unknown,2.8564467,,284126,2883924,8113006
1543,SavileRow (BDD),./experiments/mbssp-control/lps/2/055.lp,Unknown,2.6440165,,86131,848824,2383191
1543,SavileRow (BDD),./experiments/mbkp-control/lps/2/3_13.lp,Sat,23.74939,3.145963,2042247,19510919,54203828
1544,SavileRow (GPW),./experiments/mbkp-control/lps/2/3_13.lp,Sat,3.3576465,26.54966,111522,395422,1000939
1544,SavileRow (GPW),./experiments/mbssp-control/lps/2/055.lp,Unknown,1.0330104,,8885,33071,84708
1546,SavileRow (GMTO),./experiments/mbkp-control/lps/2/3_13.lp,Sat,5.687427,12.373776,62790,234421,637895
1546,SavileRow (GMTO),./experiments/mbssp-control/lps/2/055.lp,Unknown,1.2505512,,5188,18378,49556
1547,Fun-sCOP (),./experiments/mbssp-control/lps/2/055.lp,Unknown,3.7929146,,159174,447988,1314670
1547,Fun-sCOP (),./experiments/mbkp-control/lps/2/3_13.lp,Unknown,54.068108,,5452504,15218849,44211651
1550,Picat-SAT,./experiments/mbkp-control/lps/2/3_13.lp,Unknown,1.6283853,,41599,359245,1657527
1550,Picat-SAT,./experiments/mbssp-control/lps/2/055.lp,Sat,0.5526584,0.44132477,1623,13788,63053
1551,SavileRow (GT),./experiments/mbssp-control/lps/2/056.lp,Unknown,24.386938,,70048,16459047,49345143
1551,SavileRow (GT),./experiments/mbkp-control/lps/2/4_13.lp,Timeout,,,,,
1552,SavileRow (SWC),./experiments/mbssp-control/lps/2/056.lp,Unknown,2.707199,,288416,2926824,8235276
1552,SavileRow (SWC),./experiments/mbkp-control/lps/2/4_13.lp,Unknown,70.255585,,11500470,114974350,320992035
1553,SavileRow (BDD),./experiments/mbkp-control/lps/2/4_13.lp,Unknown,25.373419,,2117348,20366112,56721889
1553,SavileRow (BDD),./experiments/mbssp-control/lps/2/056.lp,Unknown,2.0662072,,77769,762940,2138703
1554,SavileRow (GPW),./experiments/mbssp-control/lps/2/056.lp,Unknown,1.2101525,,8312,30518,78022
1554,SavileRow (GPW),./experiments/mbkp-control/lps/2/4_13.lp,Unknown,3.222135,,110970,392487,993209
1556,SavileRow (GMTO),./experiments/mbkp-control/lps/2/4_13.lp,Unknown,5.691338,,62880,233916,635293
1556,SavileRow (GMTO),./experiments/mbssp-control/lps/2/056.lp,Unknown,1.2408935,,5112,17587,47219
1557,Fun-sCOP (),./experiments/mbssp-control/lps/2/056.lp,Unknown,4.385443,,182530,515330,1513988
1557,Fun-sCOP (),./experiments/mbkp-control/lps/2/4_13.lp,Unknown,55.42282,,5460956,15252671,44315145
1560,Picat-SAT,./experiments/mbssp-control/lps/2/056.lp,Sat,0.60561186,0.94554615,1598,12876,57620
1560,Picat-SAT,./experiments/mbkp-control/lps/2/4_13.lp,Unknown,1.7118421,,41781,359500,1657249
1561,SavileRow (GT),./experiments/mbkp-control/lps/2/1_14.lp,Timeout,,,,,
1561,SavileRow (GT),./experiments/mbssp-control/lps/2/057.lp,Unknown,28.320827,,73721,20413570,61207737
1562,SavileRow (SWC),./experiments/mbkp-control/lps/2/1_14.lp,Unknown,65.37735,,11608110,116042010,324207960
1562,SavileRow (SWC),./experiments/mbssp-control/lps/2/057.lp,Unknown,2.7882085,,292156,2961474,8330656
1563,SavileRow (BDD),./experiments/mbkp-control/lps/2/1_14.lp,Unknown,23.453566,,2068733,19867081,55396189
1563,SavileRow (BDD),./experiments/mbssp-control/lps/2/057.lp,Unknown,2.7376711,,84615,835290,2346310
1564,SavileRow (GPW),./experiments/mbkp-control/lps/2/1_14.lp,Sat,3.3218486,8.461359,111154,393740,996865
1564,SavileRow (GPW),./experiments/mbssp-control/lps/2/057.lp,Unknown,1.1337545,,8985,33406,85667
1566,SavileRow (GMTO),./experiments/mbkp-control/lps/2/1_14.lp,Sat,5.8111033,31.607779,62817,233529,634720
1566,SavileRow (GMTO),./experiments/mbssp-control/lps/2/057.lp,Unknown,1.3124979,,5254,18665,50440
1567,Fun-sCOP (),./experiments/mbkp-control/lps/2/1_14.lp,Unknown,56.638134,,5630117,15728332,45720497
1567,Fun-sCOP (),./experiments/mbssp-control/lps/2/057.lp,Unknown,3.7850358,,166410,468842,1376403
1570,Picat-SAT,./experiments/mbkp-control/lps/2/1_14.lp,Unknown,1.7647464,,41422,356820,1646839
1570,Picat-SAT,./experiments/mbssp-control/lps/2/057.lp,Sat,0.6116109,0.7458507,1588,13591,62501
1571,SavileRow (GT),./experiments/mbssp-control/lps/2/058.lp,Unknown,21.170483,,66538,14463976,43360960
1571,SavileRow (GT),./experiments/mbkp-control/lps/2/2_14.lp,Timeout,,,,,
1572,SavileRow (SWC),./experiments/mbkp-control/lps/2/2_14.lp,Unknown,61.060688,,11502450,114984800,321208350
1572,SavileRow (SWC),./experiments/mbssp-control/lps/2/058.lp,Unknown,2.689052,,257066,2612994,7349566
1573,SavileRow (BDD),./experiments/mbkp-control/lps/2/2_14.lp,Sat,22.62976,2.8757234,2021165,19310472,53737149
1573,SavileRow (BDD),./experiments/mbssp-control/lps/2/058.lp,Unknown,2.4781544,,71138,683401,1900436
1574,SavileRow (GPW),./experiments/mbssp-control/lps/2/058.lp,Unknown,1.0775642,,8444,30666,78304
1574,SavileRow (GPW),./experiments/mbkp-control/lps/2/2_14.lp,Sat,3.0876896,2.0177917,111097,393575,996285
1576,SavileRow (GMTO),./experiments/mbssp-control/lps/2/058.lp,Unknown,1.3344727,,5104,17771,47925
1576,SavileRow (GMTO),./experiments/mbkp-control/lps/2/2_14.lp,Sat,5.3348975,6.0954375,62648,232391,631226
1577,Fun-sCOP (),./experiments/mbssp-control/lps/2/058.lp,Unknown,4.001971,,156291,440141,1291885
1577,Fun-sCOP (),./experiments/mbkp-control/lps/2/2_14.lp,Sat,50.09628,9.038885,5415992,15110013,43898769
1580,Picat-SAT,./experiments/mbssp-control/lps/2/058.lp,Sat,0.57807726,0.43820542,1603,12891,57516
1580,Picat-SAT,./experiments/mbkp-control/lps/2/2_14.lp,Sat,1.6980894,22.970085,41592,358829,1655692
1581,SavileRow (GT),./experiments/mbssp-control/lps/2/059.lp,Unknown,19.838634,,63811,14328140,42954951
1581,SavileRow (GT),./experiments/mbkp-control/lps/2/3_14.lp,Timeout,,,,,
1582,SavileRow (SWC),./experiments/mbkp-control/lps/2/3_14.lp,Unknown,67.70301,,11646270,116418155,325220635
1582,SavileRow (SWC),./experiments/mbssp-control/lps/2/059.lp,Unknown,2.6072557,,245626,2496614,7023256
1583,SavileRow (BDD),./experiments/mbkp-control/lps/2/3_14.lp,Sat,23.291739,2.770834,2040677,19447955,54073114
1583,SavileRow (BDD),./experiments/mbssp-control/lps/2/059.lp,Unknown,2.4944296,,71440,700274,1962380
1584,SavileRow (GPW),./experiments/mbkp-control/lps/2/3_14.lp,Sat,3.2005682,10.017814,111490,395158,1000179
1584,SavileRow (GPW),./experiments/mbssp-control/lps/2/059.lp,Unknown,1.0217553,,8173,29672,75773
1586,SavileRow (GMTO),./experiments/mbssp-control/lps/2/059.lp,Unknown,1.2619059,,5052,17307,46621
1586,SavileRow (GMTO),./experiments/mbkp-control/lps/2/3_14.lp,Sat,6.266248,11.716836,62820,234408,637830
1587,Fun-sCOP (),./experiments/mbssp-control/lps/2/059.lp,Unknown,3.550408,,153588,433474,1273358
1587,Fun-sCOP (),./experiments/mbkp-control/lps/2/3_14.lp,Unknown,57.99231,,5484353,15304972,44471090
1590,Picat-SAT,./experiments/mbssp-control/lps/2/059.lp,Sat,0.5935632,0.72885287,1472,12044,54415
1590,Picat-SAT,./experiments/mbkp-control/lps/2/3_14.lp,Sat,1.611562,35.10051,41601,359189,1657411
1591,SavileRow (GT),./experiments/mbkp-control/lps/2/4_14.lp,Timeout,,,,,
1591,SavileRow (GT),./experiments/mbssp-control/lps/2/060.lp,Unknown,18.199148,,57724,8581189,25715560
1592,SavileRow (SWC),./experiments/mbssp-control/lps/2/060.lp,Unknown,2.5937433,,255086,2590884,7288336
1592,SavileRow (SWC),./experiments/mbkp-control/lps/2/4_14.lp,Unknown,108.80461,,11682990,116758990,326183715
1593,SavileRow (BDD),./experiments/mbssp-control/lps/2/060.lp,Unknown,2.2491682,,54569,518445,1436238
1593,SavileRow (BDD),./experiments/mbkp-control/lps/2/4_14.lp,Unknown,25.63564,,2115544,20300076,56584387
1594,SavileRow (GPW),./experiments/mbssp-control/lps/2/060.lp,Unknown,1.0090628,,8314,30361,77491
1594,SavileRow (GPW),./experiments/mbkp-control/lps/2/4_14.lp,Unknown,3.1657298,,111001,392753,993976
1596,SavileRow (GMTO),./experiments/mbssp-control/lps/2/060.lp,Unknown,1.3089184,,5046,17657,47496
1596,SavileRow (GMTO),./experiments/mbkp-control/lps/2/4_14.lp,Unknown,5.680065,,62904,233893,635107
1597,Fun-sCOP (),./experiments/mbssp-control/lps/2/060.lp,Unknown,4.1617575,,152256,428682,1258162
1597,Fun-sCOP (),./experiments/mbkp-control/lps/2/4_14.lp,Unknown,56.769318,,5493071,15339746,44577444
1600,Picat-SAT,./experiments/mbssp-control/lps/2/060.lp,Sat,0.64614236,1.3632627,1523,12875,58702
1600,Picat-SAT,./experiments/mbkp-control/lps/2/4_14.lp,Unknown,1.7917044,,41789,359512,1657098
1601,SavileRow (GT),./experiments/mbssp-control/lps/2/061.lp,Unknown,24.34027,,69645,16224991,48643418
1601,SavileRow (GT),./experiments/mbkp-control/lps/2/1_15.lp,Timeout,,,,,
1602,SavileRow (SWC),./experiments/mbkp-control/lps/2/1_15.lp,Unknown,114.988556,,11790720,117827530,329402200
1602,SavileRow (SWC),./experiments/mbssp-control/lps/2/061.lp,Unknown,2.8472,,266086,2700884,7595686
1603,SavileRow (BDD),./experiments/mbssp-control/lps/2/061.lp,Unknown,2.5338316,,75556,726588,2021443
1603,SavileRow (BDD),./experiments/mbkp-control/lps/2/1_15.lp,Unknown,23.745567,,2065218,19785950,55213909
1604,SavileRow (GPW),./experiments/mbkp-control/lps/2/1_15.lp,Sat,3.1165683,12.387334,111154,393713,996784
1604,SavileRow (GPW),./experiments/mbssp-control/lps/2/061.lp,Unknown,1.0025407,,8408,30458,77752
1606,SavileRow (GMTO),./experiments/mbkp-control/lps/2/1_15.lp,Sat,5.5935574,9.8916445,62830,233536,634760
1606,SavileRow (GMTO),./experiments/mbssp-control/lps/2/061.lp,Unknown,1.2796452,,5096,17646,47616
1607,Fun-sCOP (),./experiments/mbkp-control/lps/2/1_15.lp,Sat,55.697414,10.986357,5661866,15814031,45979084
1607,Fun-sCOP (),./experiments/mbssp-control/lps/2/061.lp,Unknown,4.0338473,,166649,469343,1377621
1610,Picat-SAT,./experiments/mbkp-control/lps/2/1_15.lp,Sat,1.6700008,40.278934,41430,356847,1647040
1610,Picat-SAT,./experiments/mbssp-control/lps/2/061.lp,Sat,0.604402,1.2489505,1626,13201,59127
1611,SavileRow (GT),./experiments/mbkp-control/lps/2/2_15.lp,Timeout,,,,,
1611,SavileRow (GT),./experiments/mbssp-control/lps/2/062.lp,Unknown,26.769407,,71340,18034724,54071720
1612,SavileRow (SWC),./experiments/mbkp-control/lps/2/2_15.lp,Unknown,105.0838,,11682765,116747880,326337310
1612,SavileRow (SWC),./experiments/mbssp-control/lps/2/062.lp,Unknown,2.80122,,279616,2837284,7980816
1613,SavileRow (BDD),./experiments/mbkp-control/lps/2/2_15.lp,Sat,24.21416,2.7939532,2017831,19231027,53559782
1613,SavileRow (BDD),./experiments/mbssp-control/lps/2/062.lp,Unknown,2.9052682,,81574,795718,2225445
1614,SavileRow (GPW),./experiments/mbssp-control/lps/2/062.lp,Unknown,1.095182,,8718,32070,82046
1614,SavileRow (GPW),./experiments/mbkp-control/lps/2/2_15.lp,Sat,3.376355,1.3890333,111133,393858,997098
1616,SavileRow (GMTO),./experiments/mbkp-control/lps/2/2_15.lp,Sat,5.507153,4.2695136,62690,232414,631309
1616,SavileRow (GMTO),./experiments/mbssp-control/lps/2/062.lp,Unknown,1.1715056,,5164,17998,48670
1617,Fun-sCOP (),./experiments/mbkp-control/lps/2/2_15.lp,Sat,62.867798,7.8533773,5446241,15191398,44144070
1617,Fun-sCOP (),./experiments/mbssp-control/lps/2/062.lp,Unknown,3.9565454,,153615,431735,1266315
1620,Picat-SAT,./experiments/mbkp-control/lps/2/2_15.lp,Sat,1.6790688,45.361275,41607,358967,1656203
1620,Picat-SAT,./experiments/mbssp-control/lps/2/062.lp,Sat,0.69788337,3.2437856,1564,13322,61098
1621,SavileRow (GT),./experiments/mbkp-control/lps/2/3_15.lp,Timeout,,,,,
1621,SavileRow (GT),./experiments/mbssp-control/lps/2/063.lp,Unknown,19.509935,,64118,14348601,43015295
1622,SavileRow (SWC),./experiments/mbkp-control/lps/2/3_15.lp,Unknown,75.57292,,11829330,118208075,330427675
1622,SavileRow (SWC),./experiments/mbssp-control/lps/2/063.lp,Unknown,2.8757715,,266306,2704624,7607806
1623,SavileRow (BDD),./experiments/mbssp-control/lps/2/063.lp,Unknown,1.8975294,,71044,689027,1923133
1623,SavileRow (BDD),./experiments/mbkp-control/lps/2/3_15.lp,Sat,25.787525,2.961543,2037213,19366987,53893378
1624,SavileRow (GPW),./experiments/mbkp-control/lps/2/3_15.lp,Sat,3.2539322,2.8203447,111493,395172,1000218
1624,SavileRow (GPW),./experiments/mbssp-control/lps/2/063.lp,Unknown,0.99580914,,8398,30614,78190
1626,SavileRow (GMTO),./experiments/mbkp-control/lps/2/3_15.lp,Sat,5.753953,4.1457872,62862,234440,637739
1626,SavileRow (GMTO),./experiments/mbssp-control/lps/2/063.lp,Unknown,1.2552129,,5110,17625,47504
1627,Fun-sCOP (),./experiments/mbkp-control/lps/2/3_15.lp,Sat,63.980087,9.969235,5514878,15387499,44719781
1627,Fun-sCOP (),./experiments/mbssp-control/lps/2/063.lp,Unknown,3.616691,,155303,437633,1284849
1630,Picat-SAT,./experiments/mbkp-control/lps/2/3_15.lp,Sat,1.7358279,44.69024,41609,359300,1657698
1630,Picat-SAT,./experiments/mbssp-control/lps/2/063.lp,Sat,0.65063244,1.7869527,1520,12793,58319
1631,SavileRow (GT),./experiments/mbkp-control/lps/2/4_15.lp,Timeout,,,,,
1631,SavileRow (GT),./experiments/mbssp-control/lps/2/064.lp,Unknown,24.517681,,69365,17694105,53053059
1632,SavileRow (SWC),./experiments/mbkp-control/lps/2/4_15.lp,Unknown,107.771,,11866770,118555950,331411235
1632,SavileRow (SWC),./experiments/mbssp-control/lps/2/064.lp,Unknown,2.611245,,278186,2823094,7939106
1633,SavileRow (BDD),./experiments/mbkp-control/lps/2/4_15.lp,Unknown,24.03269,,2111988,20216665,56397937
1633,SavileRow (BDD),./experiments/mbssp-control/lps/2/064.lp,Unknown,2.4609556,,77863,748545,2082026
1634,SavileRow (GPW),./experiments/mbssp-control/lps/2/064.lp,Unknown,1.1874342,,8723,31951,81694
1634,SavileRow (GPW),./experiments/mbkp-control/lps/2/4_15.lp,Sat,3.1569731,24.080776,111018,392875,994325
1636,SavileRow (GMTO),./experiments/mbssp-control/lps/2/064.lp,Unknown,1.2268116,,5160,18056,48781
1636,SavileRow (GMTO),./experiments/mbkp-control/lps/2/4_15.lp,Sat,6.283309,50.78696,62922,233952,635373
1637,Fun-sCOP (),./experiments/mbkp-control/lps/2/4_15.lp,Unknown,59.95238,,5524173,15423938,44831282
1637,Fun-sCOP (),./experiments/mbssp-control/lps/2/064.lp,Unknown,4.067372,,151267,424381,1243909
1640,Picat-SAT,./experiments/mbssp-control/lps/2/064.lp,Sat,0.5480445,2.6410944,1589,13443,61273
1640,Picat-SAT,./experiments/mbkp-control/lps/2/4_15.lp,Unknown,1.7649701,,41791,359592,1657517
1641,SavileRow (GT),./experiments/mbssp-control/lps/2/065.lp,Unknown,24.213749,,69180,16725644,50144880
1641,SavileRow (GT),./experiments/mbkp-control/lps/2/1_16.lp,Timeout,,,,,
1642,SavileRow (SWC),./experiments/mbkp-control/lps/2/1_16.lp,Unknown,110.995865,,11971710,119597210,334550360
1642,SavileRow (SWC),./experiments/mbssp-control/lps/2/065.lp,Unknown,2.7820818,,269826,2739274,7705806
1643,SavileRow (BDD),./experiments/mbkp-control/lps/2/1_16.lp,Unknown,21.620583,,2059782,19685919,54980392
1643,SavileRow (BDD),./experiments/mbssp-control/lps/2/065.lp,Unknown,2.6164036,,78220,763332,2135415
1644,SavileRow (GPW),./experiments/mbssp-control/lps/2/065.lp,Unknown,0.9961365,,8917,33128,84913
1644,SavileRow (GPW),./experiments/mbkp-control/lps/2/1_16.lp,Sat,3.4694047,11.225126,111178,393965,997516
1646,SavileRow (GMTO),./experiments/mbssp-control/lps/2/065.lp,Unknown,1.217605,,5198,18397,49700
1646,SavileRow (GMTO),./experiments/mbkp-control/lps/2/1_16.lp,Sat,5.9789734,5.6425056,62842,233536,634880
1647,Fun-sCOP (),./experiments/mbkp-control/lps/2/1_16.lp,Sat,58.744568,11.784621,5691604,15894123,46220776
1647,Fun-sCOP (),./experiments/mbssp-control/lps/2/065.lp,Unknown,3.542899,,161115,454275,1333997
1650,Picat-SAT,./experiments/mbkp-control/lps/2/1_16.lp,Sat,1.65051,48.182266,41440,356920,1647399
1650,Picat-SAT,./experiments/mbssp-control/lps/2/065.lp,Sat,0.6901807,0.40823457,1664,13588,61216
1651,SavileRow (GT),./experiments/mbssp-control/lps/2/066.lp,Unknown,20.927303,,66944,15164105,45460890
1651,SavileRow (GT),./experiments/mbkp-control/lps/2/2_16.lp,Timeout,,,,,
1652,SavileRow (SWC),./experiments/mbkp-control/lps/2/2_16.lp,Unknown,73.64333,,11863035,118510520,331464990
1652,SavileRow (SWC),./experiments/mbssp-control/lps/2/066.lp,Unknown,2.7707636,,269606,2738394,7703476
1653,SavileRow (BDD),./experiments/mbssp-control/lps/2/066.lp,Unknown,2.4092875,,72919,707284,1974194
1653,SavileRow (BDD),./experiments/mbkp-control/lps/2/2_16.lp,Sat,20.528257,3.1538835,2012708,19135071,53335205
1654,SavileRow (GPW),./experiments/mbkp-control/lps/2/2_16.lp,Sat,3.2707539,1.2016017,111073,393302,995490
1654,SavileRow (GPW),./experiments/mbssp-control/lps/2/066.lp,Sat,1.0843647,3.5693736,8428,30772,78624
1656,SavileRow (GMTO),./experiments/mbkp-control/lps/2/2_16.lp,Sat,5.4781127,3.2367933,62715,232383,631307
1656,SavileRow (GMTO),./experiments/mbssp-control/lps/2/066.lp,Sat,1.1734741,14.32974,5086,17605,47439
1657,Fun-sCOP (),./experiments/mbssp-control/lps/2/066.lp,Sat,3.744989,21.086864,143573,403071,1181761
1657,Fun-sCOP (),./experiments/mbkp-control/lps/2/2_16.lp,Sat,56.54471,10.614006,5474786,15268109,44375907
1660,Picat-SAT,./experiments/mbkp-control/lps/2/2_16.lp,Sat,2.0554664,13.15749,41618,358936,1656480
1660,Picat-SAT,./experiments/mbssp-control/lps/2/066.lp,Sat,0.6357914,1.3741874,1598,13005,58338
1661,SavileRow (GT),./experiments/mbssp-control/lps/2/067.lp,Unknown,21.612179,,66189,15161958,45456698
1661,SavileRow (GT),./experiments/mbkp-control/lps/2/3_16.lp,Timeout,,,,,
1662,SavileRow (SWC),./experiments/mbkp-control/lps/2/3_16.lp,Unknown,74.95755,,12010860,119983035,335591195
1662,SavileRow (SWC),./experiments/mbssp-control/lps/2/067.lp,Unknown,2.6357515,,257946,2620914,7370656
1663,SavileRow (BDD),./experiments/mbssp-control/lps/2/067.lp,Unknown,2.3170862,,71353,681799,1892019
1663,SavileRow (BDD),./experiments/mbkp-control/lps/2/3_16.lp,Sat,22.149862,3.0182092,2032401,19271106,53669110
1664,SavileRow (GPW),./experiments/mbssp-control/lps/2/067.lp,Unknown,1.191462,,8301,30008,76563
1664,SavileRow (GPW),./experiments/mbkp-control/lps/2/3_16.lp,Sat,3.1920977,1.361325,111483,395052,999868
1666,SavileRow (GMTO),./experiments/mbkp-control/lps/2/3_16.lp,Sat,5.925205,0.19683959,62898,234466,637892
1666,SavileRow (GMTO),./experiments/mbssp-control/lps/2/067.lp,Unknown,1.1834614,,5110,17621,47606
1667,Fun-sCOP (),./experiments/mbssp-control/lps/2/067.lp,Unknown,3.7930064,,156368,439580,1289380
1667,Fun-sCOP (),./experiments/mbkp-control/lps/2/3_16.lp,Sat,56.49459,10.416833,5543864,15465703,44955983
1670,Picat-SAT,./experiments/mbssp-control/lps/2/067.lp,Sat,0.6654396,2.9263337,1574,12615,56126
1670,Picat-SAT,./experiments/mbkp-control/lps/2/3_16.lp,Sat,1.718497,13.414224,41618,359341,1657999
1671,SavileRow (GT),./experiments/mbssp-control/lps/2/068.lp,Unknown,26.720505,,69184,16982210,50914537
1671,SavileRow (GT),./experiments/mbkp-control/lps/2/4_16.lp,Timeout,,,,,
1672,SavileRow (SWC),./experiments/mbkp-control/lps/2/4_16.lp,Unknown,116.10604,,12047940,120327390,336564515
1672,SavileRow (SWC),./experiments/mbssp-control/lps/2/068.lp,Unknown,2.5784793,,277636,2819024,7929376
1673,SavileRow (BDD),./experiments/mbssp-control/lps/2/068.lp,Unknown,2.6101837,,75351,731221,2041377
1673,SavileRow (BDD),./experiments/mbkp-control/lps/2/4_16.lp,Unknown,24.785912,,2106666,20116831,56163429
1674,SavileRow (GPW),./experiments/mbkp-control/lps/2/4_16.lp,Sat,3.2028346,13.18158,110989,392646,993667
1674,SavileRow (GPW),./experiments/mbssp-control/lps/2/068.lp,Unknown,1.0312158,,8417,30592,78135
1676,SavileRow (GMTO),./experiments/mbkp-control/lps/2/4_16.lp,Sat,6.111082,9.644802,62946,233938,635350
1676,SavileRow (GMTO),./experiments/mbssp-control/lps/2/068.lp,Unknown,1.183175,,5138,17740,47909
1677,Fun-sCOP (),./experiments/mbkp-control/lps/2/4_16.lp,Unknown,60.37066,,5553577,15503152,45070768
1677,Fun-sCOP (),./experiments/mbssp-control/lps/2/068.lp,Unknown,3.565508,,159620,449336,1318698
1680,Picat-SAT,./experiments/mbkp-control/lps/2/4_16.lp,Unknown,1.7380898,,41805,359648,1657827
1680,Picat-SAT,./experiments/mbssp-control/lps/2/068.lp,Sat,0.64018935,1.96314,1579,12623,56530
1681,SavileRow (GT),./experiments/mbkp-control/lps/2/1_17.lp,Timeout,,,,,
1681,SavileRow (GT),./experiments/mbssp-control/lps/2/069.lp,Unknown,23.031778,,65249,14274898,42795675
1682,SavileRow (SWC),./experiments/mbssp-control/lps/2/069.lp,Unknown,2.8045683,,281596,2857084,8038526
1682,SavileRow (SWC),./experiments/mbkp-control/lps/2/1_17.lp,Unknown,77.92665,,12153330,121373050,339716440
1683,SavileRow (BDD),./experiments/mbkp-control/lps/2/1_17.lp,Sat,23.432701,2.7058012,2052736,19570136,54700051
1683,SavileRow (BDD),./experiments/mbssp-control/lps/2/069.lp,Unknown,2.2077985,,77491,762586,2139823
1684,SavileRow (GPW),./experiments/mbkp-control/lps/2/1_17.lp,Sat,3.2971365,6.228766,111112,393358,995761
1684,SavileRow (GPW),./experiments/mbssp-control/lps/2/069.lp,Unknown,1.0444252,,8498,31162,79668
1686,SavileRow (GMTO),./experiments/mbkp-control/lps/2/1_17.lp,Sat,6.6330214,4.575496,62890,233523,634641
1686,SavileRow (GMTO),./experiments/mbssp-control/lps/2/069.lp,Unknown,1.2136978,,5148,17854,48262
1687,Fun-sCOP (),./experiments/mbssp-control/lps/2/069.lp,Unknown,3.9627566,,146448,410548,1203088
1687,Fun-sCOP (),./experiments/mbkp-control/lps/2/1_17.lp,Sat,63.778927,11.298837,5720318,15971033,46453210
1690,Picat-SAT,./experiments/mbssp-control/lps/2/069.lp,Sat,0.56016177,1.8846439,1538,13090,60203
1690,Picat-SAT,./experiments/mbkp-control/lps/2/1_17.lp,Sat,2.0675783,24.933949,41454,356958,1647407
1691,SavileRow (GT),./experiments/mbkp-control/lps/2/2_17.lp,Timeout,,,,,
1691,SavileRow (GT),./experiments/mbssp-control/lps/2/070.lp,Unknown,23.026173,,69014,17050889,51120985
1692,SavileRow (SWC),./experiments/mbssp-control/lps/2/070.lp,Unknown,2.656231,,265206,2693294,7575586
1692,SavileRow (SWC),./experiments/mbkp-control/lps/2/2_17.lp,Unknown,70.66189,,12042990,120270080,336583710
1693,SavileRow (BDD),./experiments/mbkp-control/lps/2/2_17.lp,Sat,26.115786,2.9599059,2005972,19022393,53063133
1693,SavileRow (BDD),./experiments/mbssp-control/lps/2/070.lp,Unknown,2.4788656,,75110,726447,2025362
1694,SavileRow (GPW),./experiments/mbssp-control/lps/2/070.lp,Unknown,0.99021566,,8623,31660,80983
1694,SavileRow (GPW),./experiments/mbkp-control/lps/2/2_17.lp,Sat,3.2106607,1.2174665,111089,393495,996053
1696,SavileRow (GMTO),./experiments/mbkp-control/lps/2/2_17.lp,Sat,6.373564,0.19213103,62745,232404,631375
1696,SavileRow (GMTO),./experiments/mbssp-control/lps/2/070.lp,Unknown,1.2544212,,5158,18079,48775
1697,Fun-sCOP (),./experiments/mbssp-control/lps/2/070.lp,Unknown,3.8167624,,162734,458348,1345396
1697,Fun-sCOP (),./experiments/mbkp-control/lps/2/2_17.lp,Sat,56.57141,10.1816225,5502834,15343201,44602529
1700,Picat-SAT,./experiments/mbkp-control/lps/2/2_17.lp,Sat,1.5604272,13.852425,41628,358986,1656721
1700,Picat-SAT,./experiments/mbssp-control/lps/2/070.lp,Sat,0.57482,2.7191975,1569,13268,60657
1701,SavileRow (GT),./experiments/mbkp-control/lps/2/3_17.lp,Timeout,,,,,
1701,SavileRow (GT),./experiments/mbssp-control/lps/2/071.lp,Unknown,22.266829,,58497,8646305,25909766
1702,SavileRow (SWC),./experiments/mbkp-control/lps/2/3_17.lp,Memory,,,,,
1702,SavileRow (SWC),./experiments/mbssp-control/lps/2/071.lp,Unknown,2.7667778,,266636,2706054,7612676
1703,SavileRow (BDD),./experiments/mbkp-control/lps/2/3_17.lp,Sat,23.98312,3.0548615,2025773,19159601,53401136
1703,SavileRow (BDD),./experiments/mbssp-control/lps/2/071.lp,Unknown,2.065568,,55370,520827,1437399
1704,SavileRow (GPW),./experiments/mbssp-control/lps/2/071.lp,Unknown,1.0824519,,8855,32815,84094
1704,SavileRow (GPW),./experiments/mbkp-control/lps/2/3_17.lp,Sat,3.6460073,1.9807917,111530,395603,1001474
1706,SavileRow (GMTO),./experiments/mbkp-control/lps/2/3_17.lp,Sat,6.21228,7.243188,62916,234456,637871
1706,SavileRow (GMTO),./experiments/mbssp-control/lps/2/071.lp,Unknown,1.2321098,,5152,18462,49879
1707,Fun-sCOP (),./experiments/mbkp-control/lps/2/3_17.lp,Sat,56.853893,9.758244,5571952,15541247,45184133
1707,Fun-sCOP (),./experiments/mbssp-control/lps/2/071.lp,Unknown,3.7343097,,110861,307203,896451
1710,Picat-SAT,./experiments/mbssp-control/lps/2/071.lp,Sat,0.5645728,1.7139316,1582,13506,61373
1710,Picat-SAT,./experiments/mbkp-control/lps/2/3_17.lp,Sat,1.572784,10.855008,41624,359363,1658127
1711,SavileRow (GT),./experiments/mbssp-control/lps/2/072.lp,Unknown,23.657629,,68889,16043592,48100664
1711,SavileRow (GT),./experiments/mbkp-control/lps/2/4_17.lp,Timeout,,,,,
1712,SavileRow (SWC),./experiments/mbssp-control/lps/2/072.lp,Unknown,2.696042,,277416,2814404,7914946
1712,SavileRow (SWC),./experiments/mbkp-control/lps/2/4_17.lp,Memory,,,,,
1713,SavileRow (BDD),./experiments/mbkp-control/lps/2/4_17.lp,Unknown,24.243517,,2099547,19999573,55880601
1713,SavileRow (BDD),./experiments/mbssp-control/lps/2/072.lp,Unknown,2.5883434,,77848,750589,2090001
1714,SavileRow (GPW),./experiments/mbssp-control/lps/2/072.lp,Unknown,0.96562046,,8383,30525,77954
1714,SavileRow (GPW),./experiments/mbkp-control/lps/2/4_17.lp,Sat,3.1465895,17.563776,110939,392173,992298
1716,SavileRow (GMTO),./experiments/mbssp-control/lps/2/072.lp,Unknown,1.2177612,,5128,17758,47964
1716,SavileRow (GMTO),./experiments/mbkp-control/lps/2/4_17.lp,Sat,5.736496,24.380917,62964,233896,635332
1717,Fun-sCOP (),./experiments/mbkp-control/lps/2/4_17.lp,Sat,57.918255,10.709038,5582436,15580637,45305051
1717,Fun-sCOP (),./experiments/mbssp-control/lps/2/072.lp,Unknown,3.7219791,,164110,461986,1355802
1720,Picat-SAT,./experiments/mbkp-control/lps/2/4_17.lp,Unknown,1.6856952,,41809,359603,1657966
1720,Picat-SAT,./experiments/mbssp-control/lps/2/072.lp,Sat,0.5495603,0.4511995,1549,12934,58708
1721,SavileRow (GT),./experiments/mbssp-control/lps/2/073.lp,Unknown,21.809912,,65922,15062827,45158833
1721,SavileRow (GT),./experiments/mbkp-control/lps/2/1_18.lp,Timeout,,,,,
1722,SavileRow (SWC),./experiments/mbssp-control/lps/2/073.lp,Unknown,2.67807,,267956,2720904,7653276
1722,SavileRow (SWC),./experiments/mbkp-control/lps/2/1_18.lp,Memory,,,,,
1723,SavileRow (BDD),./experiments/mbssp-control/lps/2/073.lp,Unknown,2.0108757,,75029,727311,2029437
1723,SavileRow (BDD),./experiments/mbkp-control/lps/2/1_18.lp,Sat,23.727114,2.9999173,2043981,19436953,54371369
1724,SavileRow (GPW),./experiments/mbssp-control/lps/2/073.lp,Unknown,1.0928332,,8776,32396,82930
1724,SavileRow (GPW),./experiments/mbkp-control/lps/2/1_18.lp,Sat,3.1340947,0.68361634,111136,393590,996433
1726,SavileRow (GMTO),./experiments/mbkp-control/lps/2/1_18.lp,Sat,5.7471237,5.160506,62920,233559,634837
1726,SavileRow (GMTO),./experiments/mbssp-control/lps/2/073.lp,Unknown,1.2038897,,5184,18335,49768
1727,Fun-sCOP (),./experiments/mbkp-control/lps/2/1_18.lp,Sat,59.755634,11.489307,5747795,16044584,46675633
1727,Fun-sCOP (),./experiments/mbssp-control/lps/2/073.lp,Unknown,4.0394073,,158857,447237,1312599
1730,Picat-SAT,./experiments/mbkp-control/lps/2/1_18.lp,Sat,1.54265,8.667501,41462,356995,1647843
1730,Picat-SAT,./experiments/mbssp-control/lps/2/073.lp,Sat,0.67876476,3.8464913,1628,13465,60648
1731,SavileRow (GT),./experiments/mbssp-control/lps/2/074.lp,Unknown,24.423563,,69922,17308348,51892620
1731,SavileRow (GT),./experiments/mbkp-control/lps/2/2_18.lp,Timeout,,,,,
1732,SavileRow (SWC),./experiments/mbssp-control/lps/2/074.lp,Unknown,2.7431397,,262126,2662604,7489286
1732,SavileRow (SWC),./experiments/mbkp-control/lps/2/2_18.lp,Memory,,,,,
1733,SavileRow (BDD),./experiments/mbkp-control/lps/2/2_18.lp,Sat,20.5172,2.75709,1997656,18894554,52747582
1733,SavileRow (BDD),./experiments/mbssp-control/lps/2/074.lp,Unknown,2.6095395,,79720,776327,2169716
1734,SavileRow (GPW),./experiments/mbssp-control/lps/2/074.lp,Unknown,1.0272424,,8729,32097,82158
1734,SavileRow (GPW),./experiments/mbkp-control/lps/2/2_18.lp,Sat,3.0946667,0.73173314,111072,393319,995542
1736,SavileRow (GMTO),./experiments/mbkp-control/lps/2/2_18.lp,Sat,5.2155576,2.3960218,62769,232410,631355
1736,SavileRow (GMTO),./experiments/mbssp-control/lps/2/074.lp,Unknown,1.1852845,,5192,18248,49345
1737,Fun-sCOP (),./experiments/mbssp-control/lps/2/074.lp,Unknown,4.290321,,161670,455624,1337694
1737,Fun-sCOP (),./experiments/mbkp-control/lps/2/2_18.lp,Sat,59.531525,8.331595,5529365,15414084,44817094
1740,Picat-SAT,./experiments/mbssp-control/lps/2/074.lp,Sat,0.7317772,3.1742475,1614,13203,59246
1740,Picat-SAT,./experiments/mbkp-control/lps/2/2_18.lp,Sat,1.6394083,19.348703,41637,359013,1656751
1741,SavileRow (GT),./experiments/mbssp-control/lps/2/075.lp,Unknown,29.969536,,74105,19884933,59622312
1741,SavileRow (GT),./experiments/mbkp-control/lps/2/3_18.lp,Timeout,,,,,
1742,SavileRow (SWC),./experiments/mbkp-control/lps/2/3_18.lp,Memory,,,,,
1742,SavileRow (SWC),./experiments/mbssp-control/lps/2/075.lp,Unknown,2.7138946,,292596,2968294,8348956
1743,SavileRow (BDD),./experiments/mbssp-control/lps/2/075.lp,Unknown,2.7956047,,85728,832247,2323348
1743,SavileRow (BDD),./experiments/mbkp-control/lps/2/3_18.lp,Sat,23.11717,0.97414696,2017625,19031333,53085000
1744,SavileRow (GPW),./experiments/mbssp-control/lps/2/075.lp,Sat,1.088579,19.378752,8855,32881,84222
1744,SavileRow (GPW),./experiments/mbkp-control/lps/2/3_18.lp,Sat,4.068882,0.049761046,111536,395596,1001447
1746,SavileRow (GMTO),./experiments/mbkp-control/lps/2/3_18.lp,Sat,5.742258,2.691294,62953,234494,637952
1746,SavileRow (GMTO),./experiments/mbssp-control/lps/2/075.lp,Unknown,1.1961812,,5230,18531,49994
1747,Fun-sCOP (),./experiments/mbssp-control/lps/2/075.lp,Unknown,4.1050777,,153476,430950,1263592
1747,Fun-sCOP (),./experiments/mbkp-control/lps/2/3_18.lp,Sat,58.26818,10.663014,5598590,15612469,45399961
1750,Picat-SAT,./experiments/mbkp-control/lps/2/3_18.lp,Sat,1.6276491,12.07457,41633,359402,1658317
1750,Picat-SAT,./experiments/mbssp-control/lps/2/075.lp,Sat,0.63075924,2.9322298,1589,13653,62569
1751,SavileRow (GT),./experiments/mbkp-control/lps/2/4_18.lp,Timeout,,,,,
1751,SavileRow (GT),./experiments/mbssp-control/lps/2/076.lp,Unknown,24.398926,,70384,15983763,47918628
1752,SavileRow (SWC),./experiments/mbssp-control/lps/2/076.lp,Unknown,2.9823449,,286766,2910104,8185076
1752,SavileRow (SWC),./experiments/mbkp-control/lps/2/4_18.lp,Memory,,,,,
1753,SavileRow (BDD),./experiments/mbkp-control/lps/2/4_18.lp,Unknown,23.498846,,2090747,19865858,55549127
1753,SavileRow (BDD),./experiments/mbssp-control/lps/2/076.lp,Unknown,2.6594095,,81099,782882,2181012
1754,SavileRow (GPW),./experiments/mbkp-control/lps/2/4_18.lp,Sat,3.262968,8.308934,110953,392315,992710
1754,SavileRow (GPW),./experiments/mbssp-control/lps/2/076.lp,Unknown,1.0775257,,8712,32167,82309
1756,SavileRow (GMTO),./experiments/mbssp-control/lps/2/076.lp,Unknown,1.3286448,,5206,18319,49364
1756,SavileRow (GMTO),./experiments/mbkp-control/lps/2/4_18.lp,Sat,6.171187,10.617244,62988,233882,635322
1757,Fun-sCOP (),./experiments/mbkp-control/lps/2/4_18.lp,Sat,58.793194,10.790456,5610016,15654579,45528735
1757,Fun-sCOP (),./experiments/mbssp-control/lps/2/076.lp,Unknown,3.8983293,,165061,464717,1363899
1760,Picat-SAT,./experiments/mbssp-control/lps/2/076.lp,Sat,0.6136471,1.4011326,1589,13522,61600
1760,Picat-SAT,./experiments/mbkp-control/lps/2/4_18.lp,Sat,1.6125824,14.618021,41822,359606,1658128
1761,SavileRow (GT),./experiments/mbkp-control/lps/2/1_19.lp,Timeout,,,,,
1761,SavileRow (GT),./experiments/mbssp-control/lps/2/077.lp,Unknown,26.313671,,72743,19260034,57748074
1762,SavileRow (SWC),./experiments/mbkp-control/lps/2/1_19.lp,Memory,,,,,
1762,SavileRow (SWC),./experiments/mbssp-control/lps/2/077.lp,Unknown,2.6312401,,275326,2795264,7861516
1763,SavileRow (BDD),./experiments/mbkp-control/lps/2/1_19.lp,Sat,23.169046,2.971892,2033668,19289873,54001064
1763,SavileRow (BDD),./experiments/mbssp-control/lps/2/077.lp,Unknown,2.6532674,,82684,805123,2250127
1764,SavileRow (GPW),./experiments/mbkp-control/lps/2/1_19.lp,Sat,3.270634,0.66067755,111160,393694,996721
1764,SavileRow (GPW),./experiments/mbssp-control/lps/2/077.lp,Unknown,1.0219077,,8749,32187,82394
1766,SavileRow (GMTO),./experiments/mbssp-control/lps/2/077.lp,Unknown,1.167865,,5194,18261,49271
1766,SavileRow (GMTO),./experiments/mbkp-control/lps/2/1_19.lp,Sat,5.682346,3.410511,62968,233600,634910
1767,Fun-sCOP (),./experiments/mbkp-control/lps/2/1_19.lp,Sat,58.631363,12.612393,5773929,16114212,46886605
1767,Fun-sCOP (),./experiments/mbssp-control/lps/2/077.lp,Unknown,4.1349487,,160782,452468,1327746
1770,Picat-SAT,./experiments/mbssp-control/lps/2/077.lp,Sat,0.7397746,2.9783843,1582,13252,60307
1770,Picat-SAT,./experiments/mbkp-control/lps/2/1_19.lp,Sat,1.9014349,18.785797,41472,357124,1648264
1771,SavileRow (GT),./experiments/mbssp-control/lps/2/078.lp,Unknown,24.426546,,69825,17289431,51836522
1771,SavileRow (GT),./experiments/mbkp-control/lps/2/2_19.lp,Timeout,,,,,
1772,SavileRow (SWC),./experiments/mbkp-control/lps/2/2_19.lp,Memory,,,,,
1772,SavileRow (SWC),./experiments/mbssp-control/lps/2/078.lp,Unknown,2.8906295,,273346,2773154,7801166
1773,SavileRow (BDD),./experiments/mbkp-control/lps/2/2_19.lp,Sat,22.849918,2.4934566,1987719,18750330,52385417
1773,SavileRow (BDD),./experiments/mbssp-control/lps/2/078.lp,Unknown,2.5699778,,78711,770168,2156530
1774,SavileRow (GPW),./experiments/mbkp-control/lps/2/2_19.lp,Sat,3.2807639,0.52366865,111162,394214,998137
1774,SavileRow (GPW),./experiments/mbssp-control/lps/2/078.lp,Sat,1.0805975,15.15275,8746,32380,82980
1776,SavileRow (GMTO),./experiments/mbssp-control/lps/2/078.lp,Unknown,1.1552243,,5174,18230,49210
1776,SavileRow (GMTO),./experiments/mbkp-control/lps/2/2_19.lp,Sat,5.1369305,2.4470348,62805,232442,631430
1777,Fun-sCOP (),./experiments/mbkp-control/lps/2/2_19.lp,Sat,52.40104,9.728418,5554658,15481649,45021443
1777,Fun-sCOP (),./experiments/mbssp-control/lps/2/078.lp,Unknown,3.7711906,,171713,484311,1422337
1780,Picat-SAT,./experiments/mbkp-control/lps/2/2_19.lp,Sat,1.5302385,6.2048864,41645,359135,1657326
1780,Picat-SAT,./experiments/mbssp-control/lps/2/078.lp,Sat,0.5738966,2.5427861,1652,14089,64152
1781,SavileRow (GT),./experiments/mbkp-control/lps/2/3_19.lp,Timeout,,,,,
1781,SavileRow (GT),./experiments/mbssp-control/lps/2/079.lp,Unknown,21.14712,,63906,14045805,42108972
1782,SavileRow (SWC),./experiments/mbkp-control/lps/2/3_19.lp,Memory,,,,,
1782,SavileRow (SWC),./experiments/mbssp-control/lps/2/079.lp,Unknown,2.4372444,,252116,2561844,7207216
1783,SavileRow (BDD),./experiments/mbssp-control/lps/2/079.lp,Unknown,2.833039,,71210,692899,1936095
1783,SavileRow (BDD),./experiments/mbkp-control/lps/2/3_19.lp,Sat,23.974062,0.8622322,2007994,18889838,52729673
1784,SavileRow (GPW),./experiments/mbkp-control/lps/2/3_19.lp,Sat,3.5000486,1.9335433,111555,395777,1001971
1784,SavileRow (GPW),./experiments/mbssp-control/lps/2/079.lp,Sat,1.082387,4.8670797,8462,30992,79176
1786,SavileRow (GMTO),./experiments/mbkp-control/lps/2/3_19.lp,Sat,5.8330326,5.5117292,62965,234458,637897
1786,SavileRow (GMTO),./experiments/mbssp-control/lps/2/079.lp,Sat,1.2363225,39.280464,5064,17660,47779
1787,Fun-sCOP (),./experiments/mbssp-control/lps/2/079.lp,Sat,4.0394015,27.46778,143207,402407,1180207
1787,Fun-sCOP (),./experiments/mbkp-control/lps/2/3_19.lp,Sat,59.01034,9.171961,5624466,15681493,45608701
1790,Picat-SAT,./experiments/mbssp-control/lps/2/079.lp,Sat,0.5695982,0.26664972,1531,12682,57374
1790,Picat-SAT,./experiments/mbkp-control/lps/2/3_19.lp,Sat,1.6495044,11.788075,41643,359447,1658611
1791,SavileRow (GT),./experiments/mbkp-control/lps/2/4_19.lp,Timeout,,,,,
1791,SavileRow (GT),./experiments/mbssp-control/lps/2/080.lp,Unknown,18.465858,,63721,14434108,43272658
1792,SavileRow (SWC),./experiments/mbkp-control/lps/2/4_19.lp,Memory,,,,,
1792,SavileRow (SWC),./experiments/mbssp-control/lps/2/080.lp,Unknown,2.515276,,249586,2537204,7136696
1793,SavileRow (BDD),./experiments/mbssp-control/lps/2/080.lp,Unknown,2.4776998,,71753,694085,1935158
1793,SavileRow (BDD),./experiments/mbkp-control/lps/2/4_19.lp,Unknown,23.260649,,2080315,19716397,55172705
1794,SavileRow (GPW),./experiments/mbkp-control/lps/2/4_19.lp,Sat,3.2283182,0.8455991,110981,392568,993441
1794,SavileRow (GPW),./experiments/mbssp-control/lps/2/080.lp,Sat,1.1013848,14.686358,8033,28973,73806
1796,SavileRow (GMTO),./experiments/mbssp-control/lps/2/080.lp,Unknown,1.2283887,,5029,16917,45515
1796,SavileRow (GMTO),./experiments/mbkp-control/lps/2/4_19.lp,Sat,5.6897135,4.6231318,63030,233937,635366
1797,Fun-sCOP (),./experiments/mbkp-control/lps/2/4_19.lp,Sat,56.362675,8.826129,5636292,15724855,45741537
1797,Fun-sCOP (),./experiments/mbssp-control/lps/2/080.lp,Unknown,4.0514746,,147583,415121,1217933
1800,Picat-SAT,./experiments/mbssp-control/lps/2/080.lp,Sat,0.6786853,2.3338187,1556,12588,56072
1800,Picat-SAT,./experiments/mbkp-control/lps/2/4_19.lp,Sat,1.6200693,10.302895,41836,359777,1658622
1801,SavileRow (GT),./experiments/mbkp-control/lps/2/1_20.lp,Timeout,,,,,
1801,SavileRow (GT),./experiments/mbssp-control/lps/2/081.lp,Unknown,24.18471,,67240,15876878,47599098
1802,SavileRow (SWC),./experiments/mbssp-control/lps/2/081.lp,Unknown,2.8935833,,266416,2704514,7608146
1802,SavileRow (SWC),./experiments/mbkp-control/lps/2/1_20.lp,Memory,,,,,
1803,SavileRow (BDD),./experiments/mbssp-control/lps/2/081.lp,Unknown,2.6823988,,75691,736081,2056365
1803,SavileRow (BDD),./experiments/mbkp-control/lps/2/1_20.lp,Sat,23.43919,2.878522,2021999,19127457,53586011
1804,SavileRow (GPW),./experiments/mbkp-control/lps/2/1_20.lp,Sat,3.461041,1.8443258,111137,393553,996321
1804,SavileRow (GPW),./experiments/mbssp-control/lps/2/081.lp,Unknown,1.0692443,,8846,32659,83675
1806,SavileRow (GMTO),./experiments/mbkp-control/lps/2/1_20.lp,Sat,5.8750253,4.5175886,62980,233536,634905
1806,SavileRow (GMTO),./experiments/mbssp-control/lps/2/081.lp,Unknown,1.1679633,,5180,18405,49740
1807,Fun-sCOP (),./experiments/mbssp-control/lps/2/081.lp,Unknown,3.970406,,161744,455746,1337950
1807,Fun-sCOP (),./experiments/mbkp-control/lps/2/1_20.lp,Sat,61.480984,7.918035,5798743,16180336,47087567
1810,Picat-SAT,./experiments/mbssp-control/lps/2/081.lp,Sat,0.6612336,2.3679454,1547,13561,62801
1810,Picat-SAT,./experiments/mbkp-control/lps/2/1_20.lp,Sat,1.5678916,7.9822717,41476,357007,1648276
1811,SavileRow (GT),./experiments/mbkp-control/lps/2/2_20.lp,Timeout,,,,,
1811,SavileRow (GT),./experiments/mbssp-control/lps/2/082.lp,Unknown,16.5073,,60623,12046200,36109762
1812,SavileRow (SWC),./experiments/mbkp-control/lps/2/2_20.lp,Memory,,,,,
1812,SavileRow (SWC),./experiments/mbssp-control/lps/2/082.lp,Unknown,2.518035,,248156,2523344,7099716
1813,SavileRow (BDD),./experiments/mbssp-control/lps/2/082.lp,Unknown,2.3588624,,66088,648578,1818226
1813,SavileRow (BDD),./experiments/mbkp-control/lps/2/2_20.lp,Sat,24.648827,1.0353771,1976301,18591014,51979290
1814,SavileRow (GPW),./experiments/mbkp-control/lps/2/2_20.lp,Sat,3.2468045,0.18606436,111073,393385,995739
1814,SavileRow (GPW),./experiments/mbssp-control/lps/2/082.lp,Sat,1.0760267,50.847607,8148,29608,75542
1816,SavileRow (GMTO),./experiments/mbssp-control/lps/2/082.lp,Sat,1.1606106,41.436142,5030,17298,46495
1816,SavileRow (GMTO),./experiments/mbkp-control/lps/2/2_20.lp,Sat,5.8488827,1.5457126,62829,232426,631386
1817,Fun-sCOP (),./experiments/mbssp-control/lps/2/082.lp,Unknown,3.6496305,,127945,359537,1054526
1817,Fun-sCOP (),./experiments/mbkp-control/lps/2/2_20.lp,Sat,60.82801,9.4393215,5578420,15544773,45213179
1820,Picat-SAT,./experiments/mbssp-control/lps/2/082.lp,Sat,0.7263929,0.58722717,1560,12381,55331
1820,Picat-SAT,./experiments/mbkp-control/lps/2/2_20.lp,Sat,1.7192428,8.343292,41653,359081,1657402
1821,SavileRow (GT),./experiments/mbkp-control/lps/2/3_20.lp,Timeout,,,,,
1821,SavileRow (GT),./experiments/mbssp-control/lps/2/083.lp,Unknown,26.38447,,72569,18121351,54330460
1822,SavileRow (SWC),./experiments/mbssp-control/lps/2/083.lp,Unknown,2.721049,,287096,2910874,8185436
1822,SavileRow (SWC),./experiments/mbkp-control/lps/2/3_20.lp,Memory,,,,,
1823,SavileRow (BDD),./experiments/mbssp-control/lps/2/083.lp,Unknown,2.0126674,,85035,825897,2305856
1823,SavileRow (BDD),./experiments/mbkp-control/lps/2/3_20.lp,Sat,23.026628,0.8143239,1996799,18732512,52329151
1824,SavileRow (GPW),./experiments/mbssp-control/lps/2/083.lp,Unknown,1.0107726,,8632,31705,81057
1824,SavileRow (GPW),./experiments/mbkp-control/lps/2/3_20.lp,Sat,3.4453835,0.6943049,111525,395480,1001110
1826,SavileRow (GMTO),./experiments/mbssp-control/lps/2/083.lp,Unknown,1.2575359,,5164,18059,48891
1826,SavileRow (GMTO),./experiments/mbkp-control/lps/2/3_20.lp,Sat,5.643359,5.5975323,63007,234471,637867
1827,Fun-sCOP (),./experiments/mbkp-control/lps/2/3_20.lp,Sat,62.881668,10.49908,5648868,15746515,45805675
1827,Fun-sCOP (),./experiments/mbssp-control/lps/2/083.lp,Unknown,3.7307253,,158936,447118,1311878
1830,Picat-SAT,./experiments/mbkp-control/lps/2/3_20.lp,Sat,1.6130624,19.278282,41655,359500,1658692
1830,Picat-SAT,./experiments/mbssp-control/lps/2/083.lp,Sat,0.5681232,0.8020799,1527,12943,59210
1831,SavileRow (GT),./experiments/mbkp-control/lps/2/4_20.lp,Timeout,,,,,
1831,SavileRow (GT),./experiments/mbssp-control/lps/2/084.lp,Unknown,18.828022,,63914,13709928,41099812
1832,SavileRow (SWC),./experiments/mbssp-control/lps/2/084.lp,Unknown,2.6515918,,254756,2587914,7279176
1832,SavileRow (SWC),./experiments/mbkp-control/lps/2/4_20.lp,Memory,,,,,
1833,SavileRow (BDD),./experiments/mbkp-control/lps/2/4_20.lp,Sat,24.25587,3.2669835,2068374,19551684,54751591
1833,SavileRow (BDD),./experiments/mbssp-control/lps/2/084.lp,Unknown,2.497784,,69355,670008,1867227
1834,SavileRow (GPW),./experiments/mbkp-control/lps/2/4_20.lp,Sat,3.808498,1.3416289,111066,393380,995792
1834,SavileRow (GPW),./experiments/mbssp-control/lps/2/084.lp,Unknown,1.0039052,,8368,30402,77668
1836,SavileRow (GMTO),./experiments/mbssp-control/lps/2/084.lp,Unknown,1.2655383,,5092,17626,47760
1836,SavileRow (GMTO),./experiments/mbkp-control/lps/2/4_20.lp,Sat,5.217602,7.0512033,63061,233963,635388
1837,Fun-sCOP (),./experiments/mbssp-control/lps/2/084.lp,Unknown,4.2650056,,146060,410202,1202818
1837,Fun-sCOP (),./experiments/mbkp-control/lps/2/4_20.lp,Sat,59.87118,8.057444,5661088,15790969,45941977
1840,Picat-SAT,./experiments/mbkp-control/lps/2/4_20.lp,Sat,1.6623108,21.268587,41841,359825,1658756
1840,Picat-SAT,./experiments/mbssp-control/lps/2/084.lp,Sat,0.60115725,0.8242816,1542,12315,55194
1841,SavileRow (GT),./experiments/mbssp-control/lps/2/085.lp,Unknown,18.099928,,55769,8639764,25892445
1841,SavileRow (GT),./experiments/mbkp-control/lps/2/1_21.lp,Timeout,,,,,
1842,SavileRow (SWC),./experiments/mbkp-control/lps/2/1_21.lp,Memory,,,,,
1842,SavileRow (SWC),./experiments/mbssp-control/lps/2/085.lp,Sat,2.499991,24.732744,237407,2368752,6658164
1843,SavileRow (BDD),./experiments/mbssp-control/lps/2/085.lp,Unknown,2.3792655,,58340,545892,1509458
1843,SavileRow (BDD),./experiments/mbkp-control/lps/2/1_21.lp,Sat,22.375248,2.8591156,2008927,18952223,53133145
1844,SavileRow (GPW),./experiments/mbssp-control/lps/2/085.lp,Unknown,0.9668124,,8232,29644,75698
1844,SavileRow (GPW),./experiments/mbkp-control/lps/2/1_21.lp,Sat,3.3114693,0.71047074,111159,393703,996749
1846,SavileRow (GMTO),./experiments/mbssp-control/lps/2/085.lp,Unknown,1.2611045,,5024,17334,46762
1846,SavileRow (GMTO),./experiments/mbkp-control/lps/2/1_21.lp,Sat,5.8786783,2.5822532,63022,233572,634875
1847,Fun-sCOP (),./experiments/mbkp-control/lps/2/1_21.lp,Sat,62.121933,7.93681,5821996,16242047,47275104
1847,Fun-sCOP (),./experiments/mbssp-control/lps/2/085.lp,Sat,3.3113654,23.062738,117381,327213,956907
1850,Picat-SAT,./experiments/mbssp-control/lps/2/085.lp,Sat,0.72270495,0.58052796,1479,12419,56113
1850,Picat-SAT,./experiments/mbkp-control/lps/2/1_21.lp,Sat,1.5964651,16.966694,41494,357164,1648622
1851,SavileRow (GT),./experiments/mbssp-control/lps/2/086.lp,Unknown,23.780758,,66725,14989289,44937734
1851,SavileRow (GT),./experiments/mbkp-control/lps/2/2_21.lp,Timeout,,,,,
1852,SavileRow (SWC),./experiments/mbkp-control/lps/2/2_21.lp,Memory,,,,,
1852,SavileRow (SWC),./experiments/mbssp-control/lps/2/086.lp,Unknown,2.837147,,263556,2677894,7532756
1853,SavileRow (BDD),./experiments/mbkp-control/lps/2/2_21.lp,Sat,22.704014,0.94242245,1963463,18418514,51534031
1853,SavileRow (BDD),./experiments/mbssp-control/lps/2/086.lp,Unknown,2.4552023,,73079,704599,1962357
1854,SavileRow (GPW),./experiments/mbssp-control/lps/2/086.lp,Unknown,1.0687661,,8680,31906,81570
1854,SavileRow (GPW),./experiments/mbkp-control/lps/2/2_21.lp,Sat,3.3983877,1.027136,111073,393309,995511
1856,SavileRow (GMTO),./experiments/mbkp-control/lps/2/2_21.lp,Sat,5.8939734,0.2418551,62874,232438,631400
1856,SavileRow (GMTO),./experiments/mbssp-control/lps/2/086.lp,Unknown,1.2157834,,5138,18109,48853
1857,Fun-sCOP (),./experiments/mbssp-control/lps/2/086.lp,Unknown,3.9075992,,149641,420095,1231679
1857,Fun-sCOP (),./experiments/mbkp-control/lps/2/2_21.lp,Sat,61.163113,7.467256,5601128,15604749,45395103
1860,Picat-SAT,./experiments/mbkp-control/lps/2/2_21.lp,Sat,4.4311867,1.2073382,41669,359164,1657451
1860,Picat-SAT,./experiments/mbssp-control/lps/2/086.lp,Sat,0.6360061,1.823349,1598,13348,60451
1861,SavileRow (GT),./experiments/mbkp-control/lps/2/3_21.lp,Timeout,,,,,
1861,SavileRow (GT),./experiments/mbssp-control/lps/2/087.lp,Unknown,18.939981,,62575,13154460,39434306
1862,SavileRow (SWC),./experiments/mbssp-control/lps/2/087.lp,Unknown,2.6876717,,265866,2698794,7590386
1862,SavileRow (SWC),./experiments/mbkp-control/lps/2/3_21.lp,Memory,,,,,
1863,SavileRow (BDD),./experiments/mbkp-control/lps/2/3_21.lp,Sat,22.090195,0.8416015,1984225,18561354,51888022
1863,SavileRow (BDD),./experiments/mbssp-control/lps/2/087.lp,Unknown,2.3006074,,69221,665513,1851439
1864,SavileRow (GPW),./experiments/mbkp-control/lps/2/3_21.lp,Sat,3.8896527,0.38278678,111524,395417,1000922
1864,SavileRow (GPW),./experiments/mbssp-control/lps/2/087.lp,Unknown,1.0213747,,8077,29117,74224
1866,SavileRow (GMTO),./experiments/mbkp-control/lps/2/3_21.lp,Sat,6.5315437,4.3017488,63045,234503,638110
1866,SavileRow (GMTO),./experiments/mbssp-control/lps/2/087.lp,Unknown,1.1373708,,5076,17241,46347
1867,Fun-sCOP (),./experiments/mbssp-control/lps/2/087.lp,Unknown,4.079817,,149748,421574,1237258
1867,Fun-sCOP (),./experiments/mbkp-control/lps/2/3_21.lp,Sat,60.402763,7.7611184,5672236,15808483,45993717
1870,Picat-SAT,./experiments/mbkp-control/lps/2/3_21.lp,Sat,1.6135228,4.3675222,41668,359602,1659379
1870,Picat-SAT,./experiments/mbssp-control/lps/2/087.lp,Sat,0.6529357,0.7059359,1495,12316,56002
1871,SavileRow (GT),./experiments/mbkp-control/lps/2/4_21.lp,Timeout,,,,,
1871,SavileRow (GT),./experiments/mbssp-control/lps/2/088.lp,Unknown,20.813742,,67494,16628797,49857271
1872,SavileRow (SWC),./experiments/mbkp-control/lps/2/4_21.lp,Memory,,,,,
1872,SavileRow (SWC),./experiments/mbssp-control/lps/2/088.lp,Unknown,2.5889156,,253326,2574934,7244066
1873,SavileRow (BDD),./experiments/mbssp-control/lps/2/088.lp,Unknown,2.6847262,,80271,787862,2208339
1873,SavileRow (BDD),./experiments/mbkp-control/lps/2/4_21.lp,Sat,23.353441,2.3553474,2055145,19374018,54291367
1874,SavileRow (GPW),./experiments/mbkp-control/lps/2/4_21.lp,Sat,3.2926855,0.47592828,111021,392956,994565
1874,SavileRow (GPW),./experiments/mbssp-control/lps/2/088.lp,Unknown,1.0705172,,8579,31517,80628
1876,SavileRow (GMTO),./experiments/mbkp-control/lps/2/4_21.lp,Sat,5.489057,5.4866033,63091,233976,635505
1876,SavileRow (GMTO),./experiments/mbssp-control/lps/2/088.lp,Unknown,1.2340711,,5132,17867,48198
1877,Fun-sCOP (),./experiments/mbkp-control/lps/2/4_21.lp,Sat,58.592506,6.895537,5684766,15853633,46132233
1877,Fun-sCOP (),./experiments/mbssp-control/lps/2/088.lp,Unknown,4.4055004,,149817,422047,1238945
1880,Picat-SAT,./experiments/mbssp-control/lps/2/088.lp,Sat,0.662762,1.162214,1587,13418,61002
1880,Picat-SAT,./experiments/mbkp-control/lps/2/4_21.lp,Sat,1.9181432,5.4339137,41849,359837,1658877
1881,SavileRow (GT),./experiments/mbkp-control/lps/2/1_22.lp,Timeout,,,,,
1881,SavileRow (GT),./experiments/mbssp-control/lps/2/089.lp,Unknown,27.067764,,74814,20051718,60122461
1882,SavileRow (SWC),./experiments/mbkp-control/lps/2/1_22.lp,Memory,,,,,
1882,SavileRow (SWC),./experiments/mbssp-control/lps/2/089.lp,Unknown,2.8104963,,288636,2928914,8236946
1883,SavileRow (BDD),./experiments/mbssp-control/lps/2/089.lp,Unknown,2.5771098,,86894,840845,2344327
1883,SavileRow (BDD),./experiments/mbkp-control/lps/2/1_22.lp,Sat,22.127161,2.230557,1994377,18761173,52633875
1884,SavileRow (GPW),./experiments/mbkp-control/lps/2/1_22.lp,Sat,3.8731096,1.0892413,111189,393890,997280
1884,SavileRow (GPW),./experiments/mbssp-control/lps/2/089.lp,Unknown,1.0729083,,8913,33005,84564
1886,SavileRow (GMTO),./experiments/mbkp-control/lps/2/1_22.lp,Sat,6.013954,0.20572291,63058,233640,634998
1886,SavileRow (GMTO),./experiments/mbssp-control/lps/2/089.lp,Unknown,1.2083598,,5228,18571,50209
1887,Fun-sCOP (),./experiments/mbssp-control/lps/2/089.lp,Unknown,3.6764874,,167830,472250,1385696
1887,Fun-sCOP (),./experiments/mbkp-control/lps/2/1_22.lp,Sat,68.48298,5.801433,5844441,16301228,47455237
1890,Picat-SAT,./experiments/mbssp-control/lps/2/089.lp,Sat,0.6159656,0.6647006,1640,13581,61631
1890,Picat-SAT,./experiments/mbkp-control/lps/2/1_22.lp,Sat,2.008952,9.105721,41512,357313,1648964
1891,SavileRow (GT),./experiments/mbssp-control/lps/2/090.lp,Unknown,17.666607,,62003,12174513,36495013
1891,SavileRow (GT),./experiments/mbkp-control/lps/2/2_22.lp,Timeout,,,,,
1892,SavileRow (SWC),./experiments/mbssp-control/lps/2/090.lp,Unknown,2.725773,,247716,2517734,7081086
1892,SavileRow (SWC),./experiments/mbkp-control/lps/2/2_22.lp,Memory,,,,,
1893,SavileRow (BDD),./experiments/mbkp-control/lps/2/2_22.lp,Sat,22.955555,0.735192,1949068,18228474,51039149
1893,SavileRow (BDD),./experiments/mbssp-control/lps/2/090.lp,Unknown,2.3367124,,63581,607357,1685669
1894,SavileRow (GPW),./experiments/mbssp-control/lps/2/090.lp,Unknown,1.0023494,,8181,29642,75555
1894,SavileRow (GPW),./experiments/mbkp-control/lps/2/2_22.lp,Sat,3.2072735,0.3034932,111109,393738,996762
1896,SavileRow (GMTO),./experiments/mbkp-control/lps/2/2_22.lp,Sat,5.8264194,2.9488814,62886,232471,631526
1896,SavileRow (GMTO),./experiments/mbssp-control/lps/2/090.lp,Unknown,1.1828157,,5038,17575,47590
1897,Fun-sCOP (),./experiments/mbssp-control/lps/2/090.lp,Unknown,4.550834,,133442,374320,1097140
1897,Fun-sCOP (),./experiments/mbkp-control/lps/2/2_22.lp,Sat,60.19751,11.11653,5622885,15661920,45569266
1900,Picat-SAT,./experiments/mbkp-control/lps/2/2_22.lp,Sat,1.5502603,3.3857915,41673,359205,1657875
1900,Picat-SAT,./experiments/mbssp-control/lps/2/090.lp,Sat,0.72157276,2.2035756,1528,12628,56881
1901,SavileRow (GT),./experiments/mbssp-control/lps/2/091.lp,Unknown,20.291342,,61571,11043985,33102145
1901,SavileRow (GT),./experiments/mbkp-control/lps/2/3_22.lp,Timeout,,,,,
1902,SavileRow (SWC),./experiments/mbkp-control/lps/2/3_22.lp,Memory,,,,,
1902,SavileRow (SWC),./experiments/mbssp-control/lps/2/091.lp,Unknown,2.636901,,248816,2528184,7111986
1903,SavileRow (BDD),./experiments/mbssp-control/lps/2/091.lp,Unknown,1.9259573,,66153,640442,1786588
1903,SavileRow (BDD),./experiments/mbkp-control/lps/2/3_22.lp,Sat,22.0263,0.94280064,1970212,18375449,51404300
1904,SavileRow (GPW),./experiments/mbkp-control/lps/2/3_22.lp,Sat,3.146792,0.2073118,111541,395561,1001337
1904,SavileRow (GPW),./experiments/mbssp-control/lps/2/091.lp,Unknown,1.0184891,,8238,30015,76631
1906,SavileRow (GMTO),./experiments/mbssp-control/lps/2/091.lp,Unknown,1.1788878,,5079,17537,47147
1906,SavileRow (GMTO),./experiments/mbkp-control/lps/2/3_22.lp,Sat,6.1424193,4.2041097,63063,234514,638117
1907,Fun-sCOP (),./experiments/mbssp-control/lps/2/091.lp,Unknown,3.72953,,124853,349411,1023301
1907,Fun-sCOP (),./experiments/mbkp-control/lps/2/3_22.lp,Sat,59.418633,11.07686,5694399,15867440,46172766
1910,Picat-SAT,./experiments/mbkp-control/lps/2/3_22.lp,Sat,1.7192526,9.401439,41679,359660,1659579
1910,Picat-SAT,./experiments/mbssp-control/lps/2/091.lp,Sat,0.5962313,0.7056443,1552,12657,56613
1911,SavileRow (GT),./experiments/mbkp-control/lps/2/4_22.lp,Timeout,,,,,
1911,SavileRow (GT),./experiments/mbssp-control/lps/2/092.lp,Unknown,22.219679,,64968,13640763,40892114
1912,SavileRow (SWC),./experiments/mbkp-control/lps/2/4_22.lp,Memory,,,,,
1912,SavileRow (SWC),./experiments/mbssp-control/lps/2/092.lp,Unknown,2.6916003,,253326,2572844,7237576
1913,SavileRow (BDD),./experiments/mbkp-control/lps/2/4_22.lp,Sat,23.51138,3.3063087,2040128,19179306,53782790
1913,SavileRow (BDD),./experiments/mbssp-control/lps/2/092.lp,Unknown,2.5689495,,74586,728061,2036908
1914,SavileRow (GPW),./experiments/mbkp-control/lps/2/4_22.lp,Sat,3.4997785,0.6827867,110990,392645,993663
1914,SavileRow (GPW),./experiments/mbssp-control/lps/2/092.lp,Unknown,1.036208,,8526,31263,80013
1916,SavileRow (GMTO),./experiments/mbssp-control/lps/2/092.lp,Unknown,1.3818029,,5108,17652,47780
1916,SavileRow (GMTO),./experiments/mbkp-control/lps/2/4_22.lp,Sat,6.1138434,2.5987344,63117,233962,635447
1917,Fun-sCOP (),./experiments/mbssp-control/lps/2/092.lp,Unknown,3.5524297,,135945,381597,1118803
1917,Fun-sCOP (),./experiments/mbkp-control/lps/2/4_22.lp,Sat,59.63759,6.5585604,5707414,15913379,46314069
1920,Picat-SAT,./experiments/mbssp-control/lps/2/092.lp,Sat,0.6989356,1.1664088,1550,12328,54724
1920,Picat-SAT,./experiments/mbkp-control/lps/2/4_22.lp,Sat,4.089852,0.5928896,41857,359864,1658957
1921,SavileRow (GT),./experiments/mbssp-control/lps/2/093.lp,Unknown,22.730043,,67919,16377097,49102335
1921,SavileRow (GT),./experiments/mbkp-control/lps/2/1_23.lp,Timeout,,,,,
1922,SavileRow (SWC),./experiments/mbkp-control/lps/2/1_23.lp,Memory,,,,,
1922,SavileRow (SWC),./experiments/mbssp-control/lps/2/093.lp,Unknown,2.9218347,,269496,2735864,7694336
1923,SavileRow (BDD),./experiments/mbssp-control/lps/2/093.lp,Unknown,1.9598081,,79272,768774,2145460
1923,SavileRow (BDD),./experiments/mbkp-control/lps/2/1_23.lp,Sat,22.331738,3.045174,1978724,18558732,52099652
1924,SavileRow (GPW),./experiments/mbkp-control/lps/2/1_23.lp,Sat,3.735413,1.0300915,111173,393776,996954
1924,SavileRow (GPW),./experiments/mbssp-control/lps/2/093.lp,Unknown,1.0251356,,8410,30697,78419
1926,SavileRow (GMTO),./experiments/mbssp-control/lps/2/093.lp,Unknown,1.3425691,,5130,17740,47748
1926,SavileRow (GMTO),./experiments/mbkp-control/lps/2/1_23.lp,Sat,5.424782,1.9734192,63094,233610,634953
1927,Fun-sCOP (),./experiments/mbssp-control/lps/2/093.lp,Unknown,3.8841972,,159761,449593,1319285
1927,Fun-sCOP (),./experiments/mbkp-control/lps/2/1_23.lp,Sat,65.547455,5.971261,5865906,16357425,47626698
1930,Picat-SAT,./experiments/mbssp-control/lps/2/093.lp,Sat,0.68876755,0.7102116,1580,12695,57140
1930,Picat-SAT,./experiments/mbkp-control/lps/2/1_23.lp,Sat,2.2982233,4.5457835,41524,357363,1649212
1931,SavileRow (GT),./experiments/mbkp-control/lps/2/2_23.lp,Timeout,,,,,
1931,SavileRow (GT),./experiments/mbssp-control/lps/2/094.lp,Unknown,21.281902,,60272,11098629,33268166
1932,SavileRow (SWC),./experiments/mbssp-control/lps/2/094.lp,Unknown,2.7289708,,258056,2623444,7378916
1932,SavileRow (SWC),./experiments/mbkp-control/lps/2/2_23.lp,Memory,,,,,
1933,SavileRow (BDD),./experiments/mbssp-control/lps/2/094.lp,Unknown,2.4324389,,63085,597449,1652854
1933,SavileRow (BDD),./experiments/mbkp-control/lps/2/2_23.lp,Sat,21.934925,0.7360511,1933290,18026222,50507110
1934,SavileRow (GPW),./experiments/mbkp-control/lps/2/2_23.lp,Sat,3.3020258,0.22429384,111086,393483,996020
1934,SavileRow (GPW),./experiments/mbssp-control/lps/2/094.lp,Unknown,0.96663654,,8074,28992,73806
1936,SavileRow (GMTO),./experiments/mbssp-control/lps/2/094.lp,Unknown,1.1175213,,5045,17306,46510
1936,SavileRow (GMTO),./experiments/mbkp-control/lps/2/2_23.lp,Sat,5.896171,1.9355462,62929,232517,631662
1937,Fun-sCOP (),./experiments/mbkp-control/lps/2/2_23.lp,Sat,55.17588,9.25728,5643622,15716409,45735325
1937,Fun-sCOP (),./experiments/mbssp-control/lps/2/094.lp,Unknown,4.381801,,161990,456178,1338924
1940,Picat-SAT,./experiments/mbssp-control/lps/2/094.lp,Sat,0.55855507,1.8469536,1537,12017,52900
1940,Picat-SAT,./experiments/mbkp-control/lps/2/2_23.lp,Sat,1.7023911,3.6453836,41683,359277,1658137
1941,SavileRow (GT),./experiments/mbkp-control/lps/2/3_23.lp,Timeout,,,,,
1941,SavileRow (GT),./experiments/mbssp-control/lps/2/095.lp,Unknown,18.527176,,63241,13257568,39743254
1942,SavileRow (SWC),./experiments/mbkp-control/lps/2/3_23.lp,Memory,,,,,
1942,SavileRow (SWC),./experiments/mbssp-control/lps/2/095.lp,Unknown,2.5072858,,254316,2583294,7265606
1943,SavileRow (BDD),./experiments/mbssp-control/lps/2/095.lp,Unknown,2.325487,,68837,664479,1851184
1943,SavileRow (BDD),./experiments/mbkp-control/lps/2/3_23.lp,Sat,21.804188,0.6877536,1954933,18177536,50883963
1944,SavileRow (GPW),./experiments/mbkp-control/lps/2/3_23.lp,Sat,3.1907291,1.0400782,111571,395914,1002366
1944,SavileRow (GPW),./experiments/mbssp-control/lps/2/095.lp,Unknown,0.9848674,,8574,31336,80068
1946,SavileRow (GMTO),./experiments/mbkp-control/lps/2/3_23.lp,Sat,5.9083877,2.8677316,63112,234532,638016
1946,SavileRow (GMTO),./experiments/mbssp-control/lps/2/095.lp,Unknown,1.3264439,,5094,17771,47985
1947,Fun-sCOP (),./experiments/mbkp-control/lps/2/3_23.lp,Sat,56.3875,8.542044,5715397,15922618,46340914
1947,Fun-sCOP (),./experiments/mbssp-control/lps/2/095.lp,Unknown,3.5877843,,154767,435235,1276827
1950,Picat-SAT,./experiments/mbssp-control/lps/2/095.lp,Sat,0.6583454,0.4829702,1541,13187,60218
1950,Picat-SAT,./experiments/mbkp-control/lps/2/3_23.lp,Sat,1.6856351,8.998426,41693,359706,1659565
1951,SavileRow (GT),./experiments/mbssp-control/lps/2/096.lp,Unknown,22.744097,,68798,16673848,49991906
1951,SavileRow (GT),./experiments/mbkp-control/lps/2/4_23.lp,Timeout,,,,,
1952,SavileRow (SWC),./experiments/mbssp-control/lps/2/096.lp,Unknown,2.7199163,,270266,2744334,7719046
1952,SavileRow (SWC),./experiments/mbkp-control/lps/2/4_23.lp,Memory,,,,,
1953,SavileRow (BDD),./experiments/mbkp-control/lps/2/4_23.lp,Sat,22.592978,2.858592,2023914,18970839,53232797
1953,SavileRow (BDD),./experiments/mbssp-control/lps/2/096.lp,Unknown,2.0247395,,78779,764696,2134819
1954,SavileRow (GPW),./experiments/mbkp-control/lps/2/4_23.lp,Sat,3.1101367,0.36101896,111012,392833,994205
1954,SavileRow (GPW),./experiments/mbssp-control/lps/2/096.lp,Unknown,1.1099637,,8496,31258,79900
1956,SavileRow (GMTO),./experiments/mbssp-control/lps/2/096.lp,Unknown,1.2170552,,5110,17830,48059
1956,SavileRow (GMTO),./experiments/mbkp-control/lps/2/4_23.lp,Sat,5.9929376,3.0207417,63159,233972,635518
1957,Fun-sCOP (),./experiments/mbssp-control/lps/2/096.lp,Unknown,3.794284,,161280,453906,1332008
1957,Fun-sCOP (),./experiments/mbkp-control/lps/2/4_23.lp,Sat,59.219776,5.9523764,5728826,15969575,46485367
1960,Picat-SAT,./experiments/mbkp-control/lps/2/4_23.lp,Sat,2.5389814,2.740825,41869,359920,1659250
1960,Picat-SAT,./experiments/mbssp-control/lps/2/096.lp,Sat,0.58181983,0.57058626,1576,13009,58365
1961,SavileRow (GT),./experiments/mbssp-control/lps/2/097.lp,Unknown,27.645584,,71286,19273062,57787390
1961,SavileRow (GT),./experiments/mbkp-control/lps/2/1_24.lp,Timeout,,,,,
1962,SavileRow (SWC),./experiments/mbssp-control/lps/2/097.lp,Unknown,2.8409514,,266416,2704184,7607156
1962,SavileRow (SWC),./experiments/mbkp-control/lps/2/1_24.lp,Memory,,,,,
1963,SavileRow (BDD),./experiments/mbkp-control/lps/2/1_24.lp,Sat,22.996449,2.4940479,1961624,18341620,51523307
1963,SavileRow (BDD),./experiments/mbssp-control/lps/2/097.lp,Unknown,3.0746891,,84887,833302,2335799
1964,SavileRow (GPW),./experiments/mbssp-control/lps/2/097.lp,Unknown,1.085757,,8607,31552,80665
1964,SavileRow (GPW),./experiments/mbkp-control/lps/2/1_24.lp,Sat,3.107667,1.2811946,111170,393752,996885
1966,SavileRow (GMTO),./experiments/mbssp-control/lps/2/097.lp,Unknown,1.1437465,,5154,18042,48614
1966,SavileRow (GMTO),./experiments/mbkp-control/lps/2/1_24.lp,Sat,7.872746,0.20910545,63132,233643,634972
1967,Fun-sCOP (),./experiments/mbssp-control/lps/2/097.lp,Unknown,3.5948727,,153506,431708,1266548
1967,Fun-sCOP (),./experiments/mbkp-control/lps/2/1_24.lp,Sat,59.777203,6.60783,5886408,16411019,47790298
1970,Picat-SAT,./experiments/mbkp-control/lps/2/1_24.lp,Sat,1.6388564,5.6173134,41531,357405,1649465
1970,Picat-SAT,./experiments/mbssp-control/lps/2/097.lp,Sat,0.6689975,2.5631142,1625,13058,58309
1971,SavileRow (GT),./experiments/mbkp-control/lps/2/2_24.lp,Timeout,,,,,
1971,SavileRow (GT),./experiments/mbssp-control/lps/2/098.lp,Unknown,27.785297,,71666,18727301,56149127
1972,SavileRow (SWC),./experiments/mbssp-control/lps/2/098.lp,Unknown,3.0062795,,287756,2918794,8210906
1972,SavileRow (SWC),./experiments/mbkp-control/lps/2/2_24.lp,Memory,,,,,
1973,SavileRow (BDD),./experiments/mbkp-control/lps/2/2_24.lp,Sat,21.477497,0.71238905,1916256,17809619,49933658
1973,SavileRow (BDD),./experiments/mbssp-control/lps/2/098.lp,Unknown,2.619062,,82798,813048,2279618
1974,SavileRow (GPW),./experiments/mbssp-control/lps/2/098.lp,Unknown,1.0238093,,8907,32942,84361
1974,SavileRow (GPW),./experiments/mbkp-control/lps/2/2_24.lp,Sat,3.1055505,0.37980247,111114,393718,996697
1976,SavileRow (GMTO),./experiments/mbssp-control/lps/2/098.lp,Unknown,1.2657733,,5250,18577,50114
1976,SavileRow (GMTO),./experiments/mbkp-control/lps/2/2_24.lp,Sat,7.2095556,1.3923309,62947,232555,631776
1977,Fun-sCOP (),./experiments/mbkp-control/lps/2/2_24.lp,Sat,60.63455,6.266985,5663303,15768118,45892898
1977,Fun-sCOP (),./experiments/mbssp-control/lps/2/098.lp,Unknown,4.632366,,178523,503193,1477437
1980,Picat-SAT,./experiments/mbkp-control/lps/2/2_24.lp,Sat,1.576904,3.2045653,41691,359406,1658482
1980,Picat-SAT,./experiments/mbssp-control/lps/2/098.lp,Sat,0.60473186,3.392475,1621,13894,63640
1981,SavileRow (GT),./experiments/mbssp-control/lps/2/099.lp,Unknown,22.936726,,66882,15109681,45298030
1981,SavileRow (GT),./experiments/mbkp-control/lps/2/3_24.lp,Timeout,,,,,
1982,SavileRow (SWC),./experiments/mbssp-control/lps/2/099.lp,Unknown,2.758577,,279286,2834864,7973196
1982,SavileRow (SWC),./experiments/mbkp-control/lps/2/3_24.lp,Memory,,,,,
1983,SavileRow (BDD),./experiments/mbssp-control/lps/2/099.lp,Unknown,2.416031,,68627,656810,1824175
1983,SavileRow (BDD),./experiments/mbkp-control/lps/2/3_24.lp,Sat,20.394484,0.6032558,1938259,17964119,50319968
1984,SavileRow (GPW),./experiments/mbkp-control/lps/2/3_24.lp,Sat,3.3949065,0.03460792,111499,395171,1000209
1984,SavileRow (GPW),./experiments/mbssp-control/lps/2/099.lp,Unknown,1.0162231,,8213,29574,75359
1986,SavileRow (GMTO),./experiments/mbkp-control/lps/2/3_24.lp,Sat,6.1354837,0.1822667,63142,234564,638189
1986,SavileRow (GMTO),./experiments/mbssp-control/lps/2/099.lp,Unknown,1.1157602,,5060,17470,47183
1987,Fun-sCOP (),./experiments/mbkp-control/lps/2/3_24.lp,Sat,62.141705,9.1086445,5735033,15973776,46497396
1987,Fun-sCOP (),./experiments/mbssp-control/lps/2/099.lp,Unknown,3.924396,,152596,428534,1256508
1990,Picat-SAT,./experiments/mbssp-control/lps/2/099.lp,Sat,0.612112,1.7185295,1553,12681,56962
1990,Picat-SAT,./experiments/mbkp-control/lps/2/3_24.lp,Sat,1.4687845,4.9168596,41702,359747,1660009
1991,SavileRow (GT),./experiments/mbkp-control/lps/2/4_24.lp,Timeout,,,,,
1991,SavileRow (GT),./experiments/mbssp-control/lps/2/100.lp,Unknown,21.776875,,66309,15788956,47336242
1992,SavileRow (SWC),./experiments/mbkp-control/lps/2/4_24.lp,Memory,,,,,
1992,SavileRow (SWC),./experiments/mbssp-control/lps/2/100.lp,Unknown,2.8468852,,271146,2752584,7742556
1993,SavileRow (BDD),./experiments/mbkp-control/lps/2/4_24.lp,Sat,22.644505,2.4735322,2006086,18747510,52640009
1993,SavileRow (BDD),./experiments/mbssp-control/lps/2/100.lp,Unknown,2.1114986,,71597,694109,1936996
1994,SavileRow (GPW),./experiments/mbssp-control/lps/2/100.lp,Sat,1.0467482,13.89186,8594,31469,80361
1994,SavileRow (GPW),./experiments/mbkp-control/lps/2/4_24.lp,Sat,3.066136,0.69132614,111000,392742,993944
1996,SavileRow (GMTO),./experiments/mbssp-control/lps/2/100.lp,Unknown,1.202404,,5170,18133,49051
1996,SavileRow (GMTO),./experiments/mbkp-control/lps/2/4_24.lp,Sat,5.4594812,2.9563556,63177,234003,635550
1997,Fun-sCOP (),./experiments/mbkp-control/lps/2/4_24.lp,Sat,58.710545,6.8475685,5749183,16022898,46648408
1997,Fun-sCOP (),./experiments/mbssp-control/lps/2/100.lp,Unknown,3.983182,,153713,431999,1267071
2000,Picat-SAT,./experiments/mbkp-control/lps/2/4_24.lp,Sat,1.6046818,10.353214,41877,360028,1659651
2000,Picat-SAT,./experiments/mbssp-control/lps/2/100.lp,Sat,0.66471684,0.6555567,1550,13142,59909
2001,SavileRow (GT),./experiments/mbkp-control/lps/3/1_00.lp,Unknown,7.952519,,57226,5518696,16522142
2001,SavileRow (GT),./experiments/mbssp-control/lps/3/001.lp,Timeout,,,,,
2002,SavileRow (SWC),./experiments/mbssp-control/lps/3/001.lp,Unknown,8.225423,,1278856,12995014,36554616
2002,SavileRow (SWC),./experiments/mbkp-control/lps/3/1_00.lp,Unknown,2.969323,,638373,1253124,3100253
2003,SavileRow (BDD),./experiments/mbkp-control/lps/3/1_00.lp,Unknown,2.8621433,,221662,432924,1072077
2003,SavileRow (BDD),./experiments/mbssp-control/lps/3/001.lp,Unknown,4.9017067,,287251,2784675,7769333
2004,SavileRow (GPW),./experiments/mbssp-control/lps/3/001.lp,Unknown,1.0566249,,10946,40640,104072
2004,SavileRow (GPW),./experiments/mbkp-control/lps/3/1_00.lp,Unknown,2.0682888,,21837,117464,330553
2006,SavileRow (GMTO),./experiments/mbkp-control/lps/3/1_00.lp,Unknown,2.1533613,,19214,42481,124017
2006,SavileRow (GMTO),./experiments/mbssp-control/lps/3/001.lp,Unknown,1.559061,,6316,22786,61826
2007,Fun-sCOP (),./experiments/mbkp-control/lps/3/1_00.lp,Unknown,5.3255367,,224953,651265,1919609
2007,Fun-sCOP (),./experiments/mbssp-control/lps/3/001.lp,Unknown,8.184667,,666090,1867332,5471600
2010,Picat-SAT,./experiments/mbssp-control/lps/3/001.lp,Sat,0.660316,2.792229,2065,18580,86056
2010,Picat-SAT,./experiments/mbkp-control/lps/3/1_00.lp,Unknown,1.2880081,,10298,62032,238630
2011,SavileRow (GT),./experiments/mbssp-control/lps/3/002.lp,Timeout,,,,,
2011,SavileRow (GT),./experiments/mbkp-control/lps/3/2_00.lp,Unknown,7.9167056,,56725,5487906,16429991
2012,SavileRow (SWC),./experiments/mbssp-control/lps/3/002.lp,Unknown,8.682419,,1437806,14592104,41047716
2012,SavileRow (SWC),./experiments/mbkp-control/lps/3/2_00.lp,Unknown,3.412246,,635923,1248323,3088372
2013,SavileRow (BDD),./experiments/mbkp-control/lps/3/2_00.lp,Unknown,3.765637,,220932,430844,1066429
2013,SavileRow (BDD),./experiments/mbssp-control/lps/3/002.lp,Unknown,5.3479376,,345620,3381812,9467208
2014,SavileRow (GPW),./experiments/mbssp-control/lps/3/002.lp,Unknown,1.0142506,,11498,43128,110798
2014,SavileRow (GPW),./experiments/mbkp-control/lps/3/2_00.lp,Unknown,2.3773239,,21797,117255,329966
2016,SavileRow (GMTO),./experiments/mbssp-control/lps/3/002.lp,Unknown,1.4499242,,6464,23556,63844
2016,SavileRow (GMTO),./experiments/mbkp-control/lps/3/2_00.lp,Unknown,1.9805343,,19281,42267,123046
2017,Fun-sCOP (),./experiments/mbkp-control/lps/3/2_00.lp,Unknown,4.8894677,,222579,644269,1898784
2017,Fun-sCOP (),./experiments/mbssp-control/lps/3/002.lp,Unknown,8.265452,,692012,1936576,5670904
2020,Picat-SAT,./experiments/mbssp-control/lps/3/002.lp,Sat,0.7830407,1.5538571,2211,19794,91252
2020,Picat-SAT,./experiments/mbkp-control/lps/3/2_00.lp,Unknown,0.8223598,,10331,62262,240573
2021,SavileRow (GT),./experiments/mbssp-control/lps/3/003.lp,Timeout,,,,,
2021,SavileRow (GT),./experiments/mbkp-control/lps/3/3_00.lp,Unknown,7.838769,,56878,5508851,16492776
2022,SavileRow (SWC),./experiments/mbssp-control/lps/3/003.lp,Unknown,10.652034,,1566176,15872284,44653746
2022,SavileRow (SWC),./experiments/mbkp-control/lps/3/3_00.lp,Unknown,2.8672874,,643763,1263687,3126386
2023,SavileRow (BDD),./experiments/mbssp-control/lps/3/003.lp,Unknown,6.0312057,,364559,3610205,10153465
2023,SavileRow (BDD),./experiments/mbkp-control/lps/3/3_00.lp,Unknown,2.9017105,,217399,423839,1048951
2024,SavileRow (GPW),./experiments/mbkp-control/lps/3/3_00.lp,Unknown,1.9750977,,21829,117446,330507
2024,SavileRow (GPW),./experiments/mbssp-control/lps/3/003.lp,Unknown,1.174812,,11799,44600,114601
2026,SavileRow (GMTO),./experiments/mbssp-control/lps/3/003.lp,Unknown,1.4082823,,6568,24342,66168
2026,SavileRow (GMTO),./experiments/mbkp-control/lps/3/3_00.lp,Unknown,2.294454,,19231,42375,123592
2027,Fun-sCOP (),./experiments/mbkp-control/lps/3/3_00.lp,Unknown,5.2431912,,219399,634593,1869554
2027,Fun-sCOP (),./experiments/mbssp-control/lps/3/003.lp,Unknown,8.782338,,787344,2210748,6481832
2030,Picat-SAT,./experiments/mbkp-control/lps/3/3_00.lp,Unknown,1.3006811,,10276,62156,239924
2030,Picat-SAT,./experiments/mbssp-control/lps/3/003.lp,Sat,1.0588765,0.440778,2233,20397,94896
2031,SavileRow (GT),./experiments/mbkp-control/lps/3/4_00.lp,Unknown,8.20899,,57703,5724975,17140767
2031,SavileRow (GT),./experiments/mbssp-control/lps/3/004.lp,Timeout,,,,,
2032,SavileRow (SWC),./experiments/mbssp-control/lps/3/004.lp,Unknown,8.303476,,1412506,14338554,40337676
2032,SavileRow (SWC),./experiments/mbkp-control/lps/3/4_00.lp,Unknown,3.2488449,,647291,1270602,3143492
2033,SavileRow (BDD),./experiments/mbssp-control/lps/3/004.lp,Unknown,5.136171,,301670,2935290,8200649
2033,SavileRow (BDD),./experiments/mbkp-control/lps/3/4_00.lp,Unknown,2.8839629,,231405,451803,1118810
2034,SavileRow (GPW),./experiments/mbkp-control/lps/3/4_00.lp,Unknown,2.1089594,,21752,116844,328778
2034,SavileRow (GPW),./experiments/mbssp-control/lps/3/004.lp,Unknown,1.167111,,11441,43039,110564
2036,SavileRow (GMTO),./experiments/mbkp-control/lps/3/4_00.lp,Unknown,1.9585888,,19146,42158,122843
2036,SavileRow (GMTO),./experiments/mbssp-control/lps/3/004.lp,Unknown,1.4762728,,6414,23271,63105
2037,Fun-sCOP (),./experiments/mbkp-control/lps/3/4_00.lp,Unknown,5.2235794,,233844,677472,1997496
2037,Fun-sCOP (),./experiments/mbssp-control/lps/3/004.lp,Unknown,9.89259,,821584,2309666,6774600
2040,Picat-SAT,./experiments/mbssp-control/lps/3/004.lp,Sat,0.65358335,2.3385718,2183,19858,91978
2040,Picat-SAT,./experiments/mbkp-control/lps/3/4_00.lp,Unknown,0.8923099,,10352,62709,241539
2041,SavileRow (GT),./experiments/mbssp-control/lps/3/005.lp,Timeout,,,,,
2041,SavileRow (GT),./experiments/mbkp-control/lps/3/1_01.lp,Unknown,7.9474554,,57685,5619750,16825304
2042,SavileRow (SWC),./experiments/mbssp-control/lps/3/005.lp,Unknown,9.159346,,1338586,13584394,38210486
2042,SavileRow (SWC),./experiments/mbkp-control/lps/3/1_01.lp,Unknown,3.3769178,,651113,1278084,3162653
2043,SavileRow (BDD),./experiments/mbkp-control/lps/3/1_01.lp,Unknown,2.9659297,,223281,435937,1079929
2043,SavileRow (BDD),./experiments/mbssp-control/lps/3/005.lp,Unknown,4.602994,,296430,2888715,8074703
2044,SavileRow (GPW),./experiments/mbssp-control/lps/3/005.lp,Unknown,1.1153828,,11470,43421,111609
2044,SavileRow (GPW),./experiments/mbkp-control/lps/3/1_01.lp,Unknown,2.0530028,,21827,117276,329999
2046,SavileRow (GMTO),./experiments/mbssp-control/lps/3/005.lp,Unknown,1.6950746,,6356,23183,62714
2046,SavileRow (GMTO),./experiments/mbkp-control/lps/3/1_01.lp,Unknown,2.0347831,,19214,42470,123992
2047,Fun-sCOP (),./experiments/mbssp-control/lps/3/005.lp,Unknown,8.44904,,718119,2015391,5907763
2047,Fun-sCOP (),./experiments/mbkp-control/lps/3/1_01.lp,Unknown,5.2742076,,226590,655704,1933326
2050,Picat-SAT,./experiments/mbssp-control/lps/3/005.lp,Sat,0.7038969,0.5616945,2182,19538,90608
2050,Picat-SAT,./experiments/mbkp-control/lps/3/1_01.lp,Unknown,1.2190034,,10301,62028,238645
2051,SavileRow (GT),./experiments/mbssp-control/lps/3/006.lp,Timeout,,,,,
2051,SavileRow (GT),./experiments/mbkp-control/lps/3/2_01.lp,Unknown,9.520134,,57200,5597169,16757780
2052,SavileRow (SWC),./experiments/mbssp-control/lps/3/006.lp,Unknown,8.089157,,1333636,13542374,38091346
2052,SavileRow (SWC),./experiments/mbkp-control/lps/3/2_01.lp,Unknown,2.9607575,,648516,1272995,3150052
2053,SavileRow (BDD),./experiments/mbkp-control/lps/3/2_01.lp,Unknown,2.9123683,,222574,433881,1074309
2053,SavileRow (BDD),./experiments/mbssp-control/lps/3/006.lp,Unknown,4.7700157,,272989,2654416,7414762
2054,SavileRow (GPW),./experiments/mbssp-control/lps/3/006.lp,Unknown,1.1059711,,11038,41113,105397
2054,SavileRow (GPW),./experiments/mbkp-control/lps/3/2_01.lp,Unknown,2.0248747,,21789,117023,329278
2056,SavileRow (GMTO),./experiments/mbssp-control/lps/3/006.lp,Unknown,1.3988836,,6333,22949,62386
2056,SavileRow (GMTO),./experiments/mbkp-control/lps/3/2_01.lp,Unknown,2.1935992,,19281,42255,123007
2057,Fun-sCOP (),./experiments/mbkp-control/lps/3/2_01.lp,Unknown,5.087134,,224207,648671,1912334
2057,Fun-sCOP (),./experiments/mbssp-control/lps/3/006.lp,Unknown,7.875526,,678069,1903567,5580657
2060,Picat-SAT,./experiments/mbkp-control/lps/3/2_01.lp,Unknown,0.8334938,,10331,62238,240484
2060,Picat-SAT,./experiments/mbssp-control/lps/3/006.lp,Sat,0.8717447,2.0405996,2109,19038,88267
2061,SavileRow (GT),./experiments/mbkp-control/lps/3/3_01.lp,Unknown,9.019701,,57346,5616283,16815072
2061,SavileRow (GT),./experiments/mbssp-control/lps/3/007.lp,Timeout,,,,,
2062,SavileRow (SWC),./experiments/mbkp-control/lps/3/3_01.lp,Unknown,2.9716651,,656405,1288455,3188306
2062,SavileRow (SWC),./experiments/mbssp-control/lps/3/007.lp,Unknown,7.5500617,,1205376,12262304,34495886
2063,SavileRow (BDD),./experiments/mbkp-control/lps/3/3_01.lp,Unknown,2.5549097,,219021,426845,1056744
2063,SavileRow (BDD),./experiments/mbssp-control/lps/3/007.lp,Unknown,3.9111347,,227576,2199816,6131184
2064,SavileRow (GPW),./experiments/mbkp-control/lps/3/3_01.lp,Unknown,2.239692,,21842,117731,331349
2064,SavileRow (GPW),./experiments/mbssp-control/lps/3/007.lp,Sat,1.0418944,22.500929,10960,40859,104815
2066,SavileRow (GMTO),./experiments/mbssp-control/lps/3/007.lp,Sat,1.3065394,44.170444,6226,22566,61025
2066,SavileRow (GMTO),./experiments/mbkp-control/lps/3/3_01.lp,Unknown,1.9371264,,19274,42403,123630
2067,Fun-sCOP (),./experiments/mbssp-control/lps/3/007.lp,Unknown,6.6950064,,529873,1478865,4326359
2067,Fun-sCOP (),./experiments/mbkp-control/lps/3/3_01.lp,Unknown,5.2080474,,221018,638950,1882973
2070,Picat-SAT,./experiments/mbkp-control/lps/3/3_01.lp,Unknown,1.2309818,,10282,62235,240315
2070,Picat-SAT,./experiments/mbssp-control/lps/3/007.lp,Sat,0.67875314,2.3976982,2099,18787,86810
2071,SavileRow (GT),./experiments/mbkp-control/lps/3/4_01.lp,Unknown,8.613642,,58186,5838004,17479854
2071,SavileRow (GT),./experiments/mbssp-control/lps/3/008.lp,Timeout,,,,,
2072,SavileRow (SWC),./experiments/mbssp-control/lps/3/008.lp,Unknown,8.2103815,,1344416,13657984,38424416
2072,SavileRow (SWC),./experiments/mbkp-control/lps/3/4_01.lp,Unknown,3.737958,,660178,1295850,3206612
2073,SavileRow (BDD),./experiments/mbssp-control/lps/3/008.lp,Unknown,4.688397,,295746,2903696,8139960
2073,SavileRow (BDD),./experiments/mbkp-control/lps/3/4_01.lp,Unknown,2.6018543,,233059,454905,1126827
2074,SavileRow (GPW),./experiments/mbkp-control/lps/3/4_01.lp,Unknown,1.94191,,21747,116753,328510
2074,SavileRow (GPW),./experiments/mbssp-control/lps/3/008.lp,Unknown,1.121923,,11352,42799,109885
2076,SavileRow (GMTO),./experiments/mbkp-control/lps/3/4_01.lp,Unknown,2.1667476,,19229,42180,122747
2076,SavileRow (GMTO),./experiments/mbssp-control/lps/3/008.lp,Unknown,1.4424263,,6390,23400,63255
2077,Fun-sCOP (),./experiments/mbkp-control/lps/3/4_01.lp,Unknown,5.3514137,,235481,681921,2011245
2077,Fun-sCOP (),./experiments/mbssp-control/lps/3/008.lp,Unknown,8.619913,,703339,1974637,5789217
2080,Picat-SAT,./experiments/mbkp-control/lps/3/4_01.lp,Unknown,1.3839715,,10358,62771,241814
2080,Picat-SAT,./experiments/mbssp-control/lps/3/008.lp,Sat,0.73600674,1.3350908,2161,19575,90632
2081,SavileRow (GT),./experiments/mbssp-control/lps/3/009.lp,Timeout,,,,,
2081,SavileRow (GT),./experiments/mbkp-control/lps/3/1_02.lp,Unknown,7.863809,,58186,5744518,17199608
2082,SavileRow (SWC),./experiments/mbkp-control/lps/3/1_02.lp,Unknown,2.9300332,,663902,1303140,3225293
2082,SavileRow (SWC),./experiments/mbssp-control/lps/3/009.lp,Unknown,8.807661,,1410746,14314134,40271076
2083,SavileRow (BDD),./experiments/mbkp-control/lps/3/1_02.lp,Unknown,2.7463112,,224833,438821,1087388
2083,SavileRow (BDD),./experiments/mbssp-control/lps/3/009.lp,Unknown,5.1530833,,298639,2926910,8200250
2084,SavileRow (GPW),./experiments/mbssp-control/lps/3/009.lp,Unknown,1.0652174,,11632,44050,113298
2084,SavileRow (GPW),./experiments/mbkp-control/lps/3/1_02.lp,Sat,2.0997953,38.880688,21844,117651,331107
2086,SavileRow (GMTO),./experiments/mbkp-control/lps/3/1_02.lp,Sat,2.140132,58.50098,19257,42481,123946
2086,SavileRow (GMTO),./experiments/mbssp-control/lps/3/009.lp,Unknown,1.4541641,,6433,23744,64381
2087,Fun-sCOP (),./experiments/mbkp-control/lps/3/1_02.lp,Unknown,5.1389856,,228114,659800,1945984
2087,Fun-sCOP (),./experiments/mbssp-control/lps/3/009.lp,Unknown,9.310591,,803478,2260646,6632886
2090,Picat-SAT,./experiments/mbkp-control/lps/3/1_02.lp,Sat,1.269381,37.937305,10312,62152,239063
2090,Picat-SAT,./experiments/mbssp-control/lps/3/009.lp,Sat,0.6710996,2.8121762,2182,19953,92748
2091,SavileRow (GT),./experiments/mbssp-control/lps/3/010.lp,Timeout,,,,,
2091,SavileRow (GT),./experiments/mbkp-control/lps/3/2_02.lp,Unknown,8.201077,,57641,5689621,17035136
2092,SavileRow (SWC),./experiments/mbssp-control/lps/3/010.lp,Unknown,7.262641,,1180636,11911753,33496308
2092,SavileRow (SWC),./experiments/mbkp-control/lps/3/2_02.lp,Unknown,3.5320308,,661207,1297859,3212212
2093,SavileRow (BDD),./experiments/mbssp-control/lps/3/010.lp,Unknown,3.639308,,212033,1973825,5447775
2093,SavileRow (BDD),./experiments/mbkp-control/lps/3/2_02.lp,Unknown,2.8707933,,223949,436464,1081056
2094,SavileRow (GPW),./experiments/mbkp-control/lps/3/2_02.lp,Unknown,1.887892,,21784,116965,329109
2094,SavileRow (GPW),./experiments/mbssp-control/lps/3/010.lp,Sat,1.3500838,35.032127,10648,39379,100855
2096,SavileRow (GMTO),./experiments/mbkp-control/lps/3/2_02.lp,Unknown,2.1275837,,19281,42250,123033
2096,SavileRow (GMTO),./experiments/mbssp-control/lps/3/010.lp,Sat,1.486495,41.0692,6184,22131,59793
2097,Fun-sCOP (),./experiments/mbkp-control/lps/3/2_02.lp,Unknown,5.2223177,,225617,652499,1924228
2097,Fun-sCOP (),./experiments/mbssp-control/lps/3/010.lp,Unknown,6.656227,,467467,1298267,3791015
2100,Picat-SAT,./experiments/mbssp-control/lps/3/010.lp,Sat,0.67452943,0.5540891,2059,18015,82461
2100,Picat-SAT,./experiments/mbkp-control/lps/3/2_02.lp,Unknown,1.1615198,,10331,62241,240653
2101,SavileRow (GT),./experiments/mbkp-control/lps/3/3_02.lp,Unknown,7.631456,,57816,5724848,17140767
2101,SavileRow (GT),./experiments/mbssp-control/lps/3/011.lp,Timeout,,,,,
2102,SavileRow (SWC),./experiments/mbkp-control/lps/3/3_02.lp,Unknown,3.1762486,,669243,1313607,3251186
2102,SavileRow (SWC),./experiments/mbssp-control/lps/3/011.lp,Unknown,8.77722,,1402913,14136749,39762416
2103,SavileRow (BDD),./experiments/mbkp-control/lps/3/3_02.lp,Unknown,2.8220367,,220390,429402,1063431
2103,SavileRow (BDD),./experiments/mbssp-control/lps/3/011.lp,Unknown,4.132751,,238891,2285265,6358637
2104,SavileRow (GPW),./experiments/mbkp-control/lps/3/3_02.lp,Unknown,1.9535084,,21833,117511,330698
2104,SavileRow (GPW),./experiments/mbssp-control/lps/3/011.lp,Unknown,1.035663,,11726,44492,114494
2106,SavileRow (GMTO),./experiments/mbssp-control/lps/3/011.lp,Unknown,1.4385262,,6379,23396,63628
2106,SavileRow (GMTO),./experiments/mbkp-control/lps/3/3_02.lp,Unknown,1.9313488,,19317,42416,123593
2107,Fun-sCOP (),./experiments/mbkp-control/lps/3/3_02.lp,Unknown,4.763351,,222403,642687,1894616
2107,Fun-sCOP (),./experiments/mbssp-control/lps/3/011.lp,Unknown,10.085497,,820994,2312852,6789206
2110,Picat-SAT,./experiments/mbkp-control/lps/3/3_02.lp,Unknown,1.2095615,,10288,62277,240525
2110,Picat-SAT,./experiments/mbssp-control/lps/3/011.lp,Sat,0.7486961,1.4900656,2217,20428,94970
2111,SavileRow (GT),./experiments/mbssp-control/lps/3/012.lp,Timeout,,,,,
2111,SavileRow (GT),./experiments/mbkp-control/lps/3/4_02.lp,Unknown,8.18888,,58658,5946046,17803980
2112,SavileRow (SWC),./experiments/mbssp-control/lps/3/012.lp,Unknown,7.428034,,1218466,12376594,34817946
2112,SavileRow (SWC),./experiments/mbkp-control/lps/3/4_02.lp,Unknown,2.9540923,,673212,1321386,3270452
2113,SavileRow (BDD),./experiments/mbssp-control/lps/3/012.lp,Unknown,4.5533757,,266543,2593485,7246119
2113,SavileRow (BDD),./experiments/mbkp-control/lps/3/4_02.lp,Unknown,2.8282857,,234580,457713,1134160
2114,SavileRow (GPW),./experiments/mbssp-control/lps/3/012.lp,Unknown,1.2123277,,10990,41012,105216
2114,SavileRow (GPW),./experiments/mbkp-control/lps/3/4_02.lp,Unknown,2.1609306,,21742,116666,328254
2116,SavileRow (GMTO),./experiments/mbssp-control/lps/3/012.lp,Unknown,1.3822387,,6292,22679,61350
2116,SavileRow (GMTO),./experiments/mbkp-control/lps/3/4_02.lp,Unknown,2.1398613,,19272,42188,122694
2117,Fun-sCOP (),./experiments/mbssp-control/lps/3/012.lp,Unknown,8.459295,,671041,1885721,5530289
2117,Fun-sCOP (),./experiments/mbkp-control/lps/3/4_02.lp,Unknown,5.356455,,237006,686000,2023894
2120,Picat-SAT,./experiments/mbkp-control/lps/3/4_02.lp,Unknown,0.9000202,,10360,62745,241765
2120,Picat-SAT,./experiments/mbssp-control/lps/3/012.lp,Sat,0.5947849,0.70866865,2141,18876,86863
2121,SavileRow (GT),./experiments/mbkp-control/lps/3/1_03.lp,Sat,9.425902,25.011541,58677,5865976,17563982
2121,SavileRow (GT),./experiments/mbssp-control/lps/3/013.lp,Timeout,,,,,
2122,SavileRow (SWC),./experiments/mbkp-control/lps/3/1_03.lp,Unknown,3.205358,,676740,1328292,3288173
2122,SavileRow (SWC),./experiments/mbssp-control/lps/3/013.lp,Unknown,8.540565,,1435276,14557344,40955526
2123,SavileRow (BDD),./experiments/mbkp-control/lps/3/1_03.lp,Sat,2.925381,0.17704369,226138,441218,1093660
2123,SavileRow (BDD),./experiments/mbssp-control/lps/3/013.lp,Unknown,5.5997925,,371605,3707655,10454063
2124,SavileRow (GPW),./experiments/mbssp-control/lps/3/013.lp,Unknown,1.0993727,,11578,44058,113290
2124,SavileRow (GPW),./experiments/mbkp-control/lps/3/1_03.lp,Sat,2.257518,36.298042,21850,117745,331383
2126,SavileRow (GMTO),./experiments/mbkp-control/lps/3/1_03.lp,Sat,2.2179816,12.250078,19343,42534,123955
2126,SavileRow (GMTO),./experiments/mbssp-control/lps/3/013.lp,Unknown,1.4359542,,6436,23720,64491
2127,Fun-sCOP (),./experiments/mbssp-control/lps/3/013.lp,Unknown,9.141312,,780183,2194411,6437929
2127,Fun-sCOP (),./experiments/mbkp-control/lps/3/1_03.lp,Sat,5.077802,0.31079423,229418,663256,1956730
2130,Picat-SAT,./experiments/mbssp-control/lps/3/013.lp,Sat,0.6716294,2.3571155,2226,20300,94125
2130,Picat-SAT,./experiments/mbkp-control/lps/3/1_03.lp,Unknown,1.2285023,,10317,62212,239341
2131,SavileRow (GT),./experiments/mbkp-control/lps/3/2_03.lp,Unknown,8.167662,,58056,5770274,17277096
2131,SavileRow (GT),./experiments/mbssp-control/lps/3/014.lp,Timeout,,,,,
2132,SavileRow (SWC),./experiments/mbkp-control/lps/3/2_03.lp,Unknown,3.3908858,,673898,1322723,3274372
2132,SavileRow (SWC),./experiments/mbssp-control/lps/3/014.lp,Unknown,8.354262,,1367186,13885684,39059536
2133,SavileRow (BDD),./experiments/mbssp-control/lps/3/014.lp,Unknown,4.9723616,,308781,2993316,8351330
2133,SavileRow (BDD),./experiments/mbkp-control/lps/3/2_03.lp,Sat,3.1045105,0.21286495,225222,438770,1087149
2134,SavileRow (GPW),./experiments/mbkp-control/lps/3/2_03.lp,Sat,2.093082,11.954497,21782,116868,328820
2134,SavileRow (GPW),./experiments/mbssp-control/lps/3/014.lp,Unknown,1.0488896,,11569,43799,112532
2136,SavileRow (GMTO),./experiments/mbkp-control/lps/3/2_03.lp,Sat,2.010885,52.622444,19324,42258,122974
2136,SavileRow (GMTO),./experiments/mbssp-control/lps/3/014.lp,Unknown,1.3441687,,6428,23625,64019
2137,Fun-sCOP (),./experiments/mbssp-control/lps/3/014.lp,Unknown,9.301126,,774177,2175081,6378319
2137,Fun-sCOP (),./experiments/mbkp-control/lps/3/2_03.lp,Unknown,5.641725,,226874,655796,1934561
2140,Picat-SAT,./experiments/mbkp-control/lps/3/2_03.lp,Unknown,1.1573957,,10333,62242,240694
2140,Picat-SAT,./experiments/mbssp-control/lps/3/014.lp,Sat,0.7088318,0.74940324,2192,19754,91369
2141,SavileRow (GT),./experiments/mbssp-control/lps/3/015.lp,Timeout,,,,,
2141,SavileRow (GT),./experiments/mbkp-control/lps/3/3_03.lp,Unknown,7.9170494,,58260,5822153,17432683
2142,SavileRow (SWC),./experiments/mbkp-control/lps/3/3_03.lp,Unknown,3.3043475,,682081,1338759,3314066
2142,SavileRow (SWC),./experiments/mbssp-control/lps/3/015.lp,Unknown,8.273755,,1372026,13927154,39180426
2143,SavileRow (BDD),./experiments/mbkp-control/lps/3/3_03.lp,Unknown,2.9287944,,221633,431651,1069387
2143,SavileRow (BDD),./experiments/mbssp-control/lps/3/015.lp,Unknown,5.474867,,329471,3238918,9084156
2144,SavileRow (GPW),./experiments/mbssp-control/lps/3/015.lp,Unknown,1.1194354,,11351,42694,109587
2144,SavileRow (GPW),./experiments/mbkp-control/lps/3/3_03.lp,Unknown,1.9500973,,21851,117955,332012
2146,SavileRow (GMTO),./experiments/mbkp-control/lps/3/3_03.lp,Unknown,2.221617,,19360,42446,123612
2146,SavileRow (GMTO),./experiments/mbssp-control/lps/3/015.lp,Unknown,1.4732888,,6394,23334,63250
2147,Fun-sCOP (),./experiments/mbssp-control/lps/3/015.lp,Unknown,9.223061,,799849,2251005,6605115
2147,Fun-sCOP (),./experiments/mbkp-control/lps/3/3_03.lp,Unknown,5.034503,,223643,645949,1904822
2150,Picat-SAT,./experiments/mbkp-control/lps/3/3_03.lp,Unknown,1.2107532,,10293,62350,240865
2150,Picat-SAT,./experiments/mbssp-control/lps/3/015.lp,Sat,0.7426645,3.137595,2162,19494,90206
2151,SavileRow (GT),./experiments/mbssp-control/lps/3/016.lp,Timeout,,,,,
2151,SavileRow (GT),./experiments/mbkp-control/lps/3/4_03.lp,Unknown,8.641903,,59103,6040948,18088686
2152,SavileRow (SWC),./experiments/mbssp-control/lps/3/016.lp,Unknown,8.047226,,1287546,13077624,36793666
2152,SavileRow (SWC),./experiments/mbkp-control/lps/3/4_03.lp,Unknown,3.4617634,,686148,1346730,3333812
2153,SavileRow (BDD),./experiments/mbssp-control/lps/3/016.lp,Unknown,4.9463477,,282467,2775198,7781767
2153,SavileRow (BDD),./experiments/mbkp-control/lps/3/4_03.lp,Sat,2.6774933,0.1713891,236002,460326,1141022
2154,SavileRow (GPW),./experiments/mbkp-control/lps/3/4_03.lp,Sat,2.1008017,39.953167,21760,117051,329391
2154,SavileRow (GPW),./experiments/mbssp-control/lps/3/016.lp,Unknown,1.2756302,,11451,43317,111382
2156,SavileRow (GMTO),./experiments/mbssp-control/lps/3/016.lp,Unknown,1.5254025,,6404,23346,63475
2156,SavileRow (GMTO),./experiments/mbkp-control/lps/3/4_03.lp,Sat,2.0925317,40.59391,19358,42244,122705
2157,Fun-sCOP (),./experiments/mbssp-control/lps/3/016.lp,Unknown,9.063936,,744746,2091514,6132504
2157,Fun-sCOP (),./experiments/mbkp-control/lps/3/4_03.lp,Unknown,5.3657255,,238434,689816,2035764
2160,Picat-SAT,./experiments/mbssp-control/lps/3/016.lp,Sat,0.632944,3.1498291,2145,19569,90976
2160,Picat-SAT,./experiments/mbkp-control/lps/3/4_03.lp,Unknown,0.87609535,,10363,62804,242034
2161,SavileRow (GT),./experiments/mbkp-control/lps/3/1_04.lp,Sat,8.26529,36.219257,59122,5963491,17856527
2161,SavileRow (GT),./experiments/mbssp-control/lps/3/017.lp,Timeout,,,,,
2162,SavileRow (SWC),./experiments/mbkp-control/lps/3/1_04.lp,Sat,3.4445953,43.359512,689627,1353540,3351293
2162,SavileRow (SWC),./experiments/mbssp-control/lps/3/017.lp,Unknown,8.844669,,1381926,14022524,39447086
2163,SavileRow (BDD),./experiments/mbssp-control/lps/3/017.lp,Unknown,5.6024137,,328612,3247181,9123785
2163,SavileRow (BDD),./experiments/mbkp-control/lps/3/1_04.lp,Sat,2.9874573,0.16441077,227282,443289,1099174
2164,SavileRow (GPW),./experiments/mbssp-control/lps/3/017.lp,Unknown,1.0755398,,11495,43377,111492
2164,SavileRow (GPW),./experiments/mbkp-control/lps/3/1_04.lp,Sat,1.9678152,3.197327,21828,117279,330007
2166,SavileRow (GMTO),./experiments/mbssp-control/lps/3/017.lp,Unknown,1.4358807,,6434,23566,63833
2166,SavileRow (GMTO),./experiments/mbkp-control/lps/3/1_04.lp,Sat,2.086235,7.078635,19429,42572,123886
2167,Fun-sCOP (),./experiments/mbssp-control/lps/3/017.lp,Unknown,8.953037,,755793,2122729,6224301
2167,Fun-sCOP (),./experiments/mbkp-control/lps/3/1_04.lp,Sat,4.9181213,0.28126034,230586,666304,1966304
2170,Picat-SAT,./experiments/mbssp-control/lps/3/017.lp,Sat,0.6851162,2.2645462,2154,19606,91276
2170,Picat-SAT,./experiments/mbkp-control/lps/3/1_04.lp,Sat,1.2153516,36.687363,10321,62225,239413
2171,SavileRow (GT),./experiments/mbssp-control/lps/3/018.lp,Timeout,,,,,
2171,SavileRow (GT),./experiments/mbkp-control/lps/3/2_04.lp,Sat,7.859295,0.5437208,58514,5874993,17591253
2172,SavileRow (SWC),./experiments/mbkp-control/lps/3/2_04.lp,Sat,3.2327402,55.37525,686589,1347587,3336532
2172,SavileRow (SWC),./experiments/mbssp-control/lps/3/018.lp,Unknown,8.302595,,1363996,13841794,38935936
2173,SavileRow (BDD),./experiments/mbssp-control/lps/3/018.lp,Unknown,5.8474174,,340988,3388638,9540220
2173,SavileRow (BDD),./experiments/mbkp-control/lps/3/2_04.lp,Sat,2.9958057,0.18191026,226498,441070,1093205
2174,SavileRow (GPW),./experiments/mbkp-control/lps/3/2_04.lp,Sat,2.059832,35.285522,21781,116848,328761
2174,SavileRow (GPW),./experiments/mbssp-control/lps/3/018.lp,Unknown,1.1409957,,11465,43065,110576
2176,SavileRow (GMTO),./experiments/mbkp-control/lps/3/2_04.lp,Sat,2.0809367,30.326447,19367,42279,122928
2176,SavileRow (GMTO),./experiments/mbssp-control/lps/3/018.lp,Unknown,1.3813434,,6430,23506,63814
2177,Fun-sCOP (),./experiments/mbssp-control/lps/3/018.lp,Unknown,8.725715,,722186,2027672,5944968
2177,Fun-sCOP (),./experiments/mbkp-control/lps/3/2_04.lp,Sat,4.9805155,0.19977193,228137,659087,1944814
2180,Picat-SAT,./experiments/mbkp-control/lps/3/2_04.lp,Unknown,1.1863183,,10335,62254,240703
2180,Picat-SAT,./experiments/mbssp-control/lps/3/018.lp,Sat,0.77252984,2.1012063,2135,19893,93339
2181,SavileRow (GT),./experiments/mbkp-control/lps/3/3_04.lp,Unknown,8.738096,,58691,5910818,17698678
2181,SavileRow (GT),./experiments/mbssp-control/lps/3/019.lp,Timeout,,,,,
2182,SavileRow (SWC),./experiments/mbssp-control/lps/3/019.lp,Unknown,8.651285,,1385666,14069604,39576456
2182,SavileRow (SWC),./experiments/mbkp-control/lps/3/3_04.lp,Unknown,3.4890347,,695066,1364199,3377666
2183,SavileRow (BDD),./experiments/mbkp-control/lps/3/3_04.lp,Unknown,2.9651918,,222870,433885,1075290
2183,SavileRow (BDD),./experiments/mbssp-control/lps/3/019.lp,Unknown,5.2881584,,320208,3137334,8787567
2184,SavileRow (GPW),./experiments/mbssp-control/lps/3/019.lp,Unknown,1.1950833,,11559,43914,112831
2184,SavileRow (GPW),./experiments/mbkp-control/lps/3/3_04.lp,Unknown,1.9449046,,21834,117504,330676
2186,SavileRow (GMTO),./experiments/mbkp-control/lps/3/3_04.lp,Sat,1.9550402,35.08928,19403,42451,123537
2186,SavileRow (GMTO),./experiments/mbssp-control/lps/3/019.lp,Unknown,1.398799,,6436,23782,64252
2187,Fun-sCOP (),./experiments/mbssp-control/lps/3/019.lp,Unknown,8.935393,,774651,2175295,6377817
2187,Fun-sCOP (),./experiments/mbkp-control/lps/3/3_04.lp,Unknown,4.8597875,,224891,649201,1914964
2190,Picat-SAT,./experiments/mbkp-control/lps/3/3_04.lp,Unknown,0.87909925,,10298,62363,240909
2190,Picat-SAT,./experiments/mbssp-control/lps/3/019.lp,Sat,0.68702686,1.097487,2194,19708,91233
2191,SavileRow (GT),./experiments/mbkp-control/lps/3/4_04.lp,Sat,8.164418,52.125698,59539,6132863,18364432
2191,SavileRow (GT),./experiments/mbssp-control/lps/3/020.lp,Timeout,,,,,
2192,SavileRow (SWC),./experiments/mbssp-control/lps/3/020.lp,Unknown,8.973587,,1394796,14150894,39802786
2192,SavileRow (SWC),./experiments/mbkp-control/lps/3/4_04.lp,Unknown,3.5727832,,699084,1372074,3397172
2193,SavileRow (BDD),./experiments/mbkp-control/lps/3/4_04.lp,Sat,3.0610154,0.23369116,237263,462643,1147101
2193,SavileRow (BDD),./experiments/mbssp-control/lps/3/020.lp,Unknown,5.2915916,,310170,3047140,8543753
2194,SavileRow (GPW),./experiments/mbkp-control/lps/3/4_04.lp,Sat,2.1354103,9.27626,21749,116752,328505
2194,SavileRow (GPW),./experiments/mbssp-control/lps/3/020.lp,Unknown,1.1598496,,11192,41935,107735
2196,SavileRow (GMTO),./experiments/mbssp-control/lps/3/020.lp,Unknown,1.4709165,,6379,23042,62426
2196,SavileRow (GMTO),./experiments/mbkp-control/lps/3/4_04.lp,Sat,2.2649083,7.0160832,19530,42321,122562
2197,Fun-sCOP (),./experiments/mbkp-control/lps/3/4_04.lp,Sat,5.8016453,0.2983231,239716,693208,2046310
2197,Fun-sCOP (),./experiments/mbssp-control/lps/3/020.lp,Unknown,8.1767645,,634615,1774413,5194501
2200,Picat-SAT,./experiments/mbkp-control/lps/3/4_04.lp,Unknown,1.3649869,,10371,62855,242167
2200,Picat-SAT,./experiments/mbssp-control/lps/3/020.lp,Sat,0.78476804,2.1784933,2116,19218,89186
2201,SavileRow (GT),./experiments/mbssp-control/lps/3/021.lp,Timeout,,,,,
2201,SavileRow (GT),./experiments/mbkp-control/lps/3/1_05.lp,Sat,9.709771,0.6472444,59533,6045487,18102515
2202,SavileRow (SWC),./experiments/mbssp-control/lps/3/021.lp,Unknown,8.545824,,1328466,13490894,37955906
2202,SavileRow (SWC),./experiments/mbkp-control/lps/3/1_05.lp,Unknown,2.9371238,,702367,1378500,3413693
2203,SavileRow (BDD),./experiments/mbkp-control/lps/3/1_05.lp,Sat,2.8866208,0.18749993,228401,445312,1104514
2203,SavileRow (BDD),./experiments/mbssp-control/lps/3/021.lp,Unknown,4.5623727,,292146,2843196,7945168
2204,SavileRow (GPW),./experiments/mbkp-control/lps/3/1_05.lp,Sat,2.146883,4.534586,21850,117788,331512
2204,SavileRow (GPW),./experiments/mbssp-control/lps/3/021.lp,Unknown,1.0303841,,11307,42503,109090
2206,SavileRow (GMTO),./experiments/mbkp-control/lps/3/1_05.lp,Sat,2.0771728,7.19141,19644,42684,123807
2206,SavileRow (GMTO),./experiments/mbssp-control/lps/3/021.lp,Unknown,1.4482735,,6366,23129,62670
2207,Fun-sCOP (),./experiments/mbkp-control/lps/3/1_05.lp,Sat,5.495434,0.20375243,231705,669191,1975355
2207,Fun-sCOP (),./experiments/mbssp-control/lps/3/021.lp,Unknown,8.161094,,692989,1945807,5704907
2210,Picat-SAT,./experiments/mbssp-control/lps/3/021.lp,Sat,0.6199004,2.4459357,2146,19463,90026
2210,Picat-SAT,./experiments/mbkp-control/lps/3/1_05.lp,Sat,0.8605365,32.17968,10327,62288,239653
2211,SavileRow (GT),./experiments/mbssp-control/lps/3/022.lp,Timeout,,,,,
2211,SavileRow (GT),./experiments/mbkp-control/lps/3/2_05.lp,Sat,9.001513,33.914852,58962,5972428,17883560
2212,SavileRow (SWC),./experiments/mbssp-control/lps/3/022.lp,Unknown,8.494969,,1358936,13796364,38815906
2212,SavileRow (SWC),./experiments/mbkp-control/lps/3/2_05.lp,Unknown,2.879468,,699623,1373123,3400372
2213,SavileRow (BDD),./experiments/mbssp-control/lps/3/022.lp,Unknown,5.0182886,,304722,3005459,8440196
2213,SavileRow (BDD),./experiments/mbkp-control/lps/3/2_05.lp,Sat,3.003757,51.33372,227583,443050,1098438
2214,SavileRow (GPW),./experiments/mbkp-control/lps/3/2_05.lp,Sat,2.2052915,11.176293,21787,117044,329343
2214,SavileRow (GPW),./experiments/mbssp-control/lps/3/022.lp,Unknown,1.1221263,,11421,43007,110418
2216,SavileRow (GMTO),./experiments/mbkp-control/lps/3/2_05.lp,Sat,2.0245748,1.6909978,19453,42318,122917
2216,SavileRow (GMTO),./experiments/mbssp-control/lps/3/022.lp,Unknown,1.4614352,,6405,23536,63848
2217,Fun-sCOP (),./experiments/mbssp-control/lps/3/022.lp,Unknown,8.265331,,664529,1859705,5445961
2217,Fun-sCOP (),./experiments/mbkp-control/lps/3/2_05.lp,Unknown,5.458813,,229246,661976,1953867
2220,Picat-SAT,./experiments/mbssp-control/lps/3/022.lp,Sat,0.6775122,1.7423885,2163,19583,90719
2220,Picat-SAT,./experiments/mbkp-control/lps/3/2_05.lp,Sat,0.78469133,21.387487,10341,62289,240885
2221,SavileRow (GT),./experiments/mbssp-control/lps/3/023.lp,Timeout,,,,,
2221,SavileRow (GT),./experiments/mbkp-control/lps/3/3_05.lp,Unknown,8.020153,,59104,5992856,17944792
2222,SavileRow (SWC),./experiments/mbssp-control/lps/3/023.lp,Unknown,7.997772,,1290956,13119204,36908376
2222,SavileRow (SWC),./experiments/mbkp-control/lps/3/3_05.lp,Unknown,2.9191437,,708002,1389543,3441026
2223,SavileRow (BDD),./experiments/mbssp-control/lps/3/023.lp,Unknown,4.825131,,278531,2689615,7493018
2223,SavileRow (BDD),./experiments/mbkp-control/lps/3/3_05.lp,Sat,3.1460998,0.20754562,223939,435839,1080428
2224,SavileRow (GPW),./experiments/mbkp-control/lps/3/3_05.lp,Sat,1.9711069,37.17144,21835,117565,330858
2224,SavileRow (GPW),./experiments/mbssp-control/lps/3/023.lp,Unknown,1.2034615,,11182,42200,108388
2226,SavileRow (GMTO),./experiments/mbssp-control/lps/3/023.lp,Unknown,1.3546902,,6325,23086,62650
2226,SavileRow (GMTO),./experiments/mbkp-control/lps/3/3_05.lp,Unknown,2.133547,,19403,42449,123547
2227,Fun-sCOP (),./experiments/mbssp-control/lps/3/023.lp,Unknown,8.197956,,643778,1802452,5278956
2227,Fun-sCOP (),./experiments/mbkp-control/lps/3/3_05.lp,Sat,5.1219454,0.3359748,225963,651993,1923712
2230,Picat-SAT,./experiments/mbkp-control/lps/3/3_05.lp,Unknown,1.2791722,,10300,62373,240984
2230,Picat-SAT,./experiments/mbssp-control/lps/3/023.lp,Sat,0.61869997,0.3996977,2155,19337,89172
2231,SavileRow (GT),./experiments/mbssp-control/lps/3/024.lp,Timeout,,,,,
2231,SavileRow (GT),./experiments/mbkp-control/lps/3/4_05.lp,Sat,9.16087,0.9603018,59969,6224264,18638635
2232,SavileRow (SWC),./experiments/mbkp-control/lps/3/4_05.lp,Sat,3.3882897,46.66876,712020,1397418,3460532
2232,SavileRow (SWC),./experiments/mbssp-control/lps/3/024.lp,Unknown,8.83515,,1304486,13231844,37224866
2233,SavileRow (BDD),./experiments/mbkp-control/lps/3/4_05.lp,Sat,2.9101582,0.24982688,238352,464586,1152252
2233,SavileRow (BDD),./experiments/mbssp-control/lps/3/024.lp,Unknown,4.706254,,291078,2852218,7990386
2234,SavileRow (GPW),./experiments/mbssp-control/lps/3/024.lp,Unknown,1.037043,,11362,42901,110149
2234,SavileRow (GPW),./experiments/mbkp-control/lps/3/4_05.lp,Sat,2.1294456,10.436742,21750,116861,328831
2236,SavileRow (GMTO),./experiments/mbkp-control/lps/3/4_05.lp,Sat,2.2554247,10.144522,19616,42378,122625
2236,SavileRow (GMTO),./experiments/mbssp-control/lps/3/024.lp,Unknown,1.3737917,,6374,23074,62445
2237,Fun-sCOP (),./experiments/mbkp-control/lps/3/4_05.lp,Sat,5.4393044,0.35374543,240775,695909,2054831
2237,Fun-sCOP (),./experiments/mbssp-control/lps/3/024.lp,Unknown,8.620797,,622540,1741292,5098268
2240,Picat-SAT,./experiments/mbssp-control/lps/3/024.lp,Sat,0.6412402,0.45493624,2208,19441,89416
2240,Picat-SAT,./experiments/mbkp-control/lps/3/4_05.lp,Sat,0.89303756,41.808926,10375,62904,242452
2241,SavileRow (GT),./experiments/mbkp-control/lps/3/1_06.lp,Sat,8.291886,0.66953886,59966,6141577,18390785
2241,SavileRow (GT),./experiments/mbssp-control/lps/3/025.lp,Timeout,,,,,
2242,SavileRow (SWC),./experiments/mbssp-control/lps/3/025.lp,Unknown,8.929898,,1369166,13899214,39098546
2242,SavileRow (SWC),./experiments/mbkp-control/lps/3/1_06.lp,Unknown,3.4716659,,715156,1403556,3476333
2243,SavileRow (BDD),./experiments/mbssp-control/lps/3/025.lp,Unknown,4.8530555,,272917,2611490,7251149
2243,SavileRow (BDD),./experiments/mbkp-control/lps/3/1_06.lp,Sat,3.0807705,0.2384137,229358,447002,1109013
2244,SavileRow (GPW),./experiments/mbssp-control/lps/3/025.lp,Unknown,1.1795642,,11570,43635,112125
2244,SavileRow (GPW),./experiments/mbkp-control/lps/3/1_06.lp,Sat,2.103896,13.267602,21837,117477,330592
2246,SavileRow (GMTO),./experiments/mbssp-control/lps/3/025.lp,Unknown,1.4654579,,6444,23709,64239
2246,SavileRow (GMTO),./experiments/mbkp-control/lps/3/1_06.lp,Sat,2.2000892,6.4613366,19644,42679,123834
2247,Fun-sCOP (),./experiments/mbkp-control/lps/3/1_06.lp,Sat,5.524183,0.25217825,232632,671512,1982714
2247,Fun-sCOP (),./experiments/mbssp-control/lps/3/025.lp,Unknown,9.627896,,783193,2202193,6459803
2250,Picat-SAT,./experiments/mbkp-control/lps/3/1_06.lp,Sat,0.8119303,5.011466,10327,62256,239612
2250,Picat-SAT,./experiments/mbssp-control/lps/3/025.lp,Sat,0.69413733,2.4782784,2244,20309,93807
2251,SavileRow (GT),./experiments/mbssp-control/lps/3/026.lp,Timeout,,,,,
2251,SavileRow (GT),./experiments/mbkp-control/lps/3/2_06.lp,Sat,8.8331175,1.402255,59342,6039054,18083438
2252,SavileRow (SWC),./experiments/mbssp-control/lps/3/026.lp,Unknown,7.9459867,,1289966,13107324,36877596
2252,SavileRow (SWC),./experiments/mbkp-control/lps/3/2_06.lp,Sat,3.5293233,46.527187,712118,1397603,3461572
2253,SavileRow (BDD),./experiments/mbkp-control/lps/3/2_06.lp,Sat,3.1413162,0.17786439,228410,444492,1102350
2253,SavileRow (BDD),./experiments/mbssp-control/lps/3/026.lp,Unknown,4.9618998,,312331,3081825,8654966
2254,SavileRow (GPW),./experiments/mbkp-control/lps/3/2_06.lp,Sat,1.922373,11.008016,21792,117104,329518
2254,SavileRow (GPW),./experiments/mbssp-control/lps/3/026.lp,Unknown,1.0232139,,11461,43300,111321
2256,SavileRow (GMTO),./experiments/mbkp-control/lps/3/2_06.lp,Sat,2.1024704,7.033317,19625,42423,122891
2256,SavileRow (GMTO),./experiments/mbssp-control/lps/3/026.lp,Unknown,1.4791219,,6380,23342,63531
2257,Fun-sCOP (),./experiments/mbssp-control/lps/3/026.lp,Unknown,9.162346,,699929,1964221,5757729
2257,Fun-sCOP (),./experiments/mbkp-control/lps/3/2_06.lp,Sat,5.1451707,0.2187584,230068,664018,1960405
2260,Picat-SAT,./experiments/mbkp-control/lps/3/2_06.lp,Sat,1.202857,23.152384,10349,62375,241171
2260,Picat-SAT,./experiments/mbssp-control/lps/3/026.lp,Sat,0.9315724,1.7219257,2207,19723,90914
2261,SavileRow (GT),./experiments/mbkp-control/lps/3/3_06.lp,Unknown,8.577544,,59503,6069075,18173451
2261,SavileRow (GT),./experiments/mbssp-control/lps/3/027.lp,Timeout,,,,,
2262,SavileRow (SWC),./experiments/mbssp-control/lps/3/027.lp,Unknown,8.25065,,1315156,13353944,37570246
2262,SavileRow (SWC),./experiments/mbkp-control/lps/3/3_06.lp,Sat,3.7148848,46.800247,720889,1414791,3504146
2263,SavileRow (BDD),./experiments/mbkp-control/lps/3/3_06.lp,Sat,2.7794547,0.15709527,224767,437274,1084329
2263,SavileRow (BDD),./experiments/mbssp-control/lps/3/027.lp,Unknown,4.872274,,279452,2733538,7653665
2264,SavileRow (GPW),./experiments/mbkp-control/lps/3/3_06.lp,Sat,2.0036318,10.439027,21845,117801,331556
2264,SavileRow (GPW),./experiments/mbssp-control/lps/3/027.lp,Unknown,1.0352769,,11339,42772,109777
2266,SavileRow (GMTO),./experiments/mbssp-control/lps/3/027.lp,Unknown,1.5110042,,6382,23340,63431
2266,SavileRow (GMTO),./experiments/mbkp-control/lps/3/3_06.lp,Sat,2.0436857,41.171455,19403,42450,123564
2267,Fun-sCOP (),./experiments/mbkp-control/lps/3/3_06.lp,Sat,5.3027573,0.23284775,226784,654018,1930203
2267,Fun-sCOP (),./experiments/mbssp-control/lps/3/027.lp,Unknown,8.789717,,715522,2013114,5906652
2270,Picat-SAT,./experiments/mbkp-control/lps/3/3_06.lp,Sat,1.1960112,36.137238,10302,62396,241100
2270,Picat-SAT,./experiments/mbssp-control/lps/3/027.lp,Sat,0.8017111,2.3213465,2173,19503,90379
2271,SavileRow (GT),./experiments/mbssp-control/lps/3/028.lp,Timeout,,,,,
2271,SavileRow (GT),./experiments/mbkp-control/lps/3/4_06.lp,Sat,8.615633,1.3483076,60382,6306020,18883905
2272,SavileRow (SWC),./experiments/mbssp-control/lps/3/028.lp,Unknown,7.7327566,,1197236,12179584,34262496
2272,SavileRow (SWC),./experiments/mbkp-control/lps/3/4_06.lp,Sat,3.1088073,47.710014,725005,1422858,3524132
2273,SavileRow (BDD),./experiments/mbkp-control/lps/3/4_06.lp,Sat,2.7372105,0.19578665,239312,466284,1156844
2273,SavileRow (BDD),./experiments/mbssp-control/lps/3/028.lp,Unknown,4.357143,,242438,2322503,6450823
2274,SavileRow (GPW),./experiments/mbssp-control/lps/3/028.lp,Unknown,1.0049831,,11228,42142,108194
2274,SavileRow (GPW),./experiments/mbkp-control/lps/3/4_06.lp,Sat,1.9844633,2.624492,21749,116799,328646
2276,SavileRow (GMTO),./experiments/mbkp-control/lps/3/4_06.lp,Sat,2.060588,15.117948,19702,42408,122535
2276,SavileRow (GMTO),./experiments/mbssp-control/lps/3/028.lp,Unknown,1.5018308,,6299,23106,62656
2277,Fun-sCOP (),./experiments/mbssp-control/lps/3/028.lp,Unknown,7.6084,,585362,1639332,4801690
2277,Fun-sCOP (),./experiments/mbkp-control/lps/3/4_06.lp,Sat,5.1438217,0.23181513,241759,698385,2062715
2280,Picat-SAT,./experiments/mbssp-control/lps/3/028.lp,Sat,0.7268456,2.4405668,2098,19195,89239
2280,Picat-SAT,./experiments/mbkp-control/lps/3/4_06.lp,Sat,1.2687304,46.924927,10379,62909,242470
2281,SavileRow (GT),./experiments/mbkp-control/lps/3/1_07.lp,Sat,8.458685,0.4603848,60394,6237681,18679098
2281,SavileRow (GT),./experiments/mbssp-control/lps/3/029.lp,Timeout,,,,,
2282,SavileRow (SWC),./experiments/mbssp-control/lps/3/029.lp,Unknown,8.908869,,1343976,13647644,38391266
2282,SavileRow (SWC),./experiments/mbkp-control/lps/3/1_07.lp,Sat,2.9890041,59.840164,727798,1428324,3538253
2283,SavileRow (BDD),./experiments/mbssp-control/lps/3/029.lp,Unknown,5.032823,,299668,2895190,8067252
2283,SavileRow (BDD),./experiments/mbkp-control/lps/3/1_07.lp,Sat,2.6915255,0.16038537,230088,448264,1112490
2284,SavileRow (GPW),./experiments/mbssp-control/lps/3/029.lp,Unknown,1.0580614,,11321,42591,109366
2284,SavileRow (GPW),./experiments/mbkp-control/lps/3/1_07.lp,Sat,1.9382961,2.6052394,21848,117744,331382
2286,SavileRow (GMTO),./experiments/mbkp-control/lps/3/1_07.lp,Sat,2.1846452,5.6617875,19644,42680,123870
2286,SavileRow (GMTO),./experiments/mbssp-control/lps/3/029.lp,Unknown,1.4138031,,6408,23358,63259
2287,Fun-sCOP (),./experiments/mbssp-control/lps/3/029.lp,Unknown,8.882466,,702432,1972494,5783254
2287,Fun-sCOP (),./experiments/mbkp-control/lps/3/1_07.lp,Sat,5.3670917,0.21322733,233388,673360,1988676
2290,Picat-SAT,./experiments/mbssp-control/lps/3/029.lp,Sat,0.6948567,0.391684,2170,19165,88143
2290,Picat-SAT,./experiments/mbkp-control/lps/3/1_07.lp,Sat,1.1426638,7.1345377,10327,62258,239696
2291,SavileRow (GT),./experiments/mbkp-control/lps/3/2_07.lp,Sat,8.160284,0.5826845,59715,6099922,18266042
2291,SavileRow (GT),./experiments/mbssp-control/lps/3/030.lp,Timeout,,,,,
2292,SavileRow (SWC),./experiments/mbssp-control/lps/3/030.lp,Unknown,7.7414474,,1220226,12409814,34909846
2292,SavileRow (SWC),./experiments/mbkp-control/lps/3/2_07.lp,Unknown,3.3339303,,724907,1422659,3524212
2293,SavileRow (BDD),./experiments/mbssp-control/lps/3/030.lp,Unknown,4.364178,,248192,2386075,6636040
2293,SavileRow (BDD),./experiments/mbkp-control/lps/3/2_07.lp,Sat,2.809458,0.17623775,229239,445908,1106216
2294,SavileRow (GPW),./experiments/mbssp-control/lps/3/030.lp,Unknown,1.4615986,,10962,40967,105019
2294,SavileRow (GPW),./experiments/mbkp-control/lps/3/2_07.lp,Sat,1.8924315,3.026489,21785,116947,329054
2296,SavileRow (GMTO),./experiments/mbkp-control/lps/3/2_07.lp,Sat,1.9357135,3.6315546,19625,42418,122897
2296,SavileRow (GMTO),./experiments/mbssp-control/lps/3/030.lp,Unknown,1.4810747,,6272,22724,61408
2297,Fun-sCOP (),./experiments/mbssp-control/lps/3/030.lp,Unknown,7.870632,,599777,1677573,4911387
2297,Fun-sCOP (),./experiments/mbkp-control/lps/3/2_07.lp,Sat,5.221139,0.2627731,230881,665981,1966728
2300,Picat-SAT,./experiments/mbkp-control/lps/3/2_07.lp,Sat,0.8390261,25.436357,10353,62402,241276
2300,Picat-SAT,./experiments/mbssp-control/lps/3/030.lp,Sat,2.5779717,0.6563741,2103,18865,87146
2301,SavileRow (GT),./experiments/mbssp-control/lps/3/031.lp,Timeout,,,,,
2301,SavileRow (GT),./experiments/mbkp-control/lps/3/3_07.lp,Sat,8.33126,1.1417959,59885,6137449,18378576
2302,SavileRow (SWC),./experiments/mbssp-control/lps/3/031.lp,Unknown,8.377816,,1384566,14046284,39508266
2302,SavileRow (SWC),./experiments/mbkp-control/lps/3/3_07.lp,Unknown,2.9503775,,733727,1439943,3567026
2303,SavileRow (BDD),./experiments/mbkp-control/lps/3/3_07.lp,Sat,2.797274,0.17908359,225570,438636,1088071
2303,SavileRow (BDD),./experiments/mbssp-control/lps/3/031.lp,Unknown,5.2756023,,316768,3098853,8676009
2304,SavileRow (GPW),./experiments/mbkp-control/lps/3/3_07.lp,Sat,1.9618373,3.3716252,21844,117743,331383
2304,SavileRow (GPW),./experiments/mbssp-control/lps/3/031.lp,Unknown,1.0171876,,11426,42932,110298
2306,SavileRow (GMTO),./experiments/mbkp-control/lps/3/3_07.lp,Sat,1.9909056,1.6582762,19489,42495,123540
2306,SavileRow (GMTO),./experiments/mbssp-control/lps/3/031.lp,Unknown,1.7131381,,6404,23298,63233
2307,Fun-sCOP (),./experiments/mbkp-control/lps/3/3_07.lp,Sat,5.0101514,0.23616944,227589,655937,1936394
2307,Fun-sCOP (),./experiments/mbssp-control/lps/3/031.lp,Unknown,8.807468,,675164,1891658,5541826
2310,Picat-SAT,./experiments/mbssp-control/lps/3/031.lp,Sat,0.62759984,1.4387631,2194,19664,90786
2310,Picat-SAT,./experiments/mbkp-control/lps/3/3_07.lp,Sat,1.142775,52.469334,10304,62409,241179
2311,SavileRow (GT),./experiments/mbkp-control/lps/3/4_07.lp,Sat,8.379358,0.91857976,60765,6373316,19085794
2311,SavileRow (GT),./experiments/mbssp-control/lps/3/032.lp,Timeout,,,,,
2312,SavileRow (SWC),./experiments/mbkp-control/lps/3/4_07.lp,Unknown,2.811689,,737843,1448010,3587012
2312,SavileRow (SWC),./experiments/mbssp-control/lps/3/032.lp,Unknown,8.209478,,1327586,13477474,37920626
2313,SavileRow (BDD),./experiments/mbkp-control/lps/3/4_07.lp,Sat,2.762823,0.19339685,240174,467797,1160935
2313,SavileRow (BDD),./experiments/mbssp-control/lps/3/032.lp,Unknown,4.75056,,252686,2467099,6903285
2314,SavileRow (GPW),./experiments/mbssp-control/lps/3/032.lp,Unknown,1.3452934,,11575,43691,112304
2314,SavileRow (GPW),./experiments/mbkp-control/lps/3/4_07.lp,Sat,2.06494,2.27209,21751,116827,328728
2316,SavileRow (GMTO),./experiments/mbssp-control/lps/3/032.lp,Unknown,1.4207224,,6406,23429,63430
2316,SavileRow (GMTO),./experiments/mbkp-control/lps/3/4_07.lp,Sat,2.1149402,6.9113574,19788,42461,122544
2317,Fun-sCOP (),./experiments/mbssp-control/lps/3/032.lp,Unknown,7.475182,,581286,1619660,4735578
2317,Fun-sCOP (),./experiments/mbkp-control/lps/3/4_07.lp,Sat,5.1181335,0.24823746,242631,700559,2069643
2320,Picat-SAT,./experiments/mbkp-control/lps/3/4_07.lp,Sat,1.5638074,25.534575,10383,62938,242585
2320,Picat-SAT,./experiments/mbssp-control/lps/3/032.lp,Sat,0.86617815,1.6460689,2197,19736,91115
2321,SavileRow (GT),./experiments/mbkp-control/lps/3/1_08.lp,Sat,9.209154,0.44881737,60755,6292978,18844993
2321,SavileRow (GT),./experiments/mbssp-control/lps/3/033.lp,Timeout,,,,,
2322,SavileRow (SWC),./experiments/mbkp-control/lps/3/1_08.lp,Sat,3.5138288,48.89852,740685,1453572,3601373
2322,SavileRow (SWC),./experiments/mbssp-control/lps/3/033.lp,Unknown,8.480552,,1207246,12260434,34483956
2323,SavileRow (BDD),./experiments/mbkp-control/lps/3/1_08.lp,Sat,3.035464,0.179586,230761,449411,1115657
2323,SavileRow (BDD),./experiments/mbssp-control/lps/3/033.lp,Unknown,4.920183,,270674,2614761,7285402
2324,SavileRow (GPW),./experiments/mbkp-control/lps/3/1_08.lp,Sat,1.9676893,0.07348897,21831,117355,330232
2324,SavileRow (GPW),./experiments/mbssp-control/lps/3/033.lp,Unknown,1.1774291,,11166,41838,107396
2326,SavileRow (GMTO),./experiments/mbssp-control/lps/3/033.lp,Unknown,1.4110467,,6316,22987,62211
2326,SavileRow (GMTO),./experiments/mbkp-control/lps/3/1_08.lp,Sat,1.9967552,1.7284167,19644,42657,123774
2327,Fun-sCOP (),./experiments/mbkp-control/lps/3/1_08.lp,Sat,5.12491,0.25429994,234082,674982,1993962
2327,Fun-sCOP (),./experiments/mbssp-control/lps/3/033.lp,Unknown,7.806643,,612504,1714718,5021806
2330,Picat-SAT,./experiments/mbssp-control/lps/3/033.lp,Sat,0.64654124,0.75525564,2098,18945,87708
2330,Picat-SAT,./experiments/mbkp-control/lps/3/1_08.lp,Sat,0.8580722,1.3085206,10327,62216,239540
2331,SavileRow (GT),./experiments/mbkp-control/lps/3/2_08.lp,Sat,8.74415,0.787333,60076,6156520,18435838
2331,SavileRow (GT),./experiments/mbssp-control/lps/3/034.lp,Timeout,,,,,
2332,SavileRow (SWC),./experiments/mbssp-control/lps/3/034.lp,Unknown,8.2762375,,1224516,12449304,35023756
2332,SavileRow (SWC),./experiments/mbkp-control/lps/3/2_08.lp,Sat,3.373843,33.378857,737598,1447523,3586372
2333,SavileRow (BDD),./experiments/mbssp-control/lps/3/034.lp,Unknown,4.1894593,,248375,2417183,6753496
2333,SavileRow (BDD),./experiments/mbkp-control/lps/3/2_08.lp,Sat,2.4883351,0.1770274,229948,447110,1109533
2334,SavileRow (GPW),./experiments/mbssp-control/lps/3/034.lp,Unknown,1.2978747,,11007,41329,106048
2334,SavileRow (GPW),./experiments/mbkp-control/lps/3/2_08.lp,Sat,2.0459433,2.670097,21793,117119,329562
2336,SavileRow (GMTO),./experiments/mbssp-control/lps/3/034.lp,Sat,1.420495,39.98767,6272,22767,61471
2336,SavileRow (GMTO),./experiments/mbkp-control/lps/3/2_08.lp,Sat,1.9817908,1.6471558,19668,42438,122880
2337,Fun-sCOP (),./experiments/mbssp-control/lps/3/034.lp,Unknown,8.016238,,644447,1806155,5291827
2337,Fun-sCOP (),./experiments/mbkp-control/lps/3/2_08.lp,Sat,5.2918344,0.25195563,231610,667706,1972301
2340,Picat-SAT,./experiments/mbkp-control/lps/3/2_08.lp,Sat,0.78708506,26.099407,10355,62415,241384
2340,Picat-SAT,./experiments/mbssp-control/lps/3/034.lp,Sat,1.30036,2.4282343,2080,19083,88864
2341,SavileRow (GT),./experiments/mbkp-control/lps/3/3_08.lp,Sat,8.088085,0.6681734,60240,6190062,18536417
2341,SavileRow (GT),./experiments/mbssp-control/lps/3/035.lp,Timeout,,,,,
2342,SavileRow (SWC),./experiments/mbkp-control/lps/3/3_08.lp,Sat,3.1413786,44.599583,746712,1465383,3630626
2342,SavileRow (SWC),./experiments/mbssp-control/lps/3/035.lp,Unknown,8.936664,,1326706,13472524,37901846
2343,SavileRow (BDD),./experiments/mbssp-control/lps/3/035.lp,Unknown,4.8198333,,260026,2539778,7106445
2343,SavileRow (BDD),./experiments/mbkp-control/lps/3/3_08.lp,Sat,3.092488,0.2342861,226265,439820,1091334
2344,SavileRow (GPW),./experiments/mbssp-control/lps/3/035.lp,Unknown,1.015185,,11180,41880,107498
2344,SavileRow (GPW),./experiments/mbkp-control/lps/3/3_08.lp,Sat,2.078055,4.137614,21841,117686,331215
2346,SavileRow (GMTO),./experiments/mbssp-control/lps/3/035.lp,Unknown,1.7322991,,6329,22924,61995
2346,SavileRow (GMTO),./experiments/mbkp-control/lps/3/3_08.lp,Sat,2.1171832,6.898294,19489,42481,123495
2347,Fun-sCOP (),./experiments/mbssp-control/lps/3/035.lp,Unknown,8.78787,,692036,1945412,5706168
2347,Fun-sCOP (),./experiments/mbkp-control/lps/3/3_08.lp,Sat,5.320006,0.23668168,228294,657606,1941815
2350,Picat-SAT,./experiments/mbssp-control/lps/3/035.lp,Sat,0.629345,1.4212029,2146,19346,89453
2350,Picat-SAT,./experiments/mbkp-control/lps/3/3_08.lp,Sat,1.1611181,6.0506997,10304,62376,241070
2351,SavileRow (GT),./experiments/mbssp-control/lps/3/036.lp,Timeout,,,,,
2351,SavileRow (GT),./experiments/mbkp-control/lps/3/4_08.lp,Sat,9.525515,1.3644859,61139,6434477,19269280
2352,SavileRow (SWC),./experiments/mbkp-control/lps/3/4_08.lp,Sat,3.6053617,52.42548,750877,1473546,3650852
2352,SavileRow (SWC),./experiments/mbssp-control/lps/3/036.lp,Unknown,7.9664145,,1321866,13421484,37754776
2353,SavileRow (BDD),./experiments/mbkp-control/lps/3/4_08.lp,Sat,2.9804482,0.1988638,240878,468992,1164196
2353,SavileRow (BDD),./experiments/mbssp-control/lps/3/036.lp,Unknown,5.294245,,307711,2993314,8361878
2354,SavileRow (GPW),./experiments/mbkp-control/lps/3/4_08.lp,Sat,2.0825145,1.1578664,21755,116985,329198
2354,SavileRow (GPW),./experiments/mbssp-control/lps/3/036.lp,Unknown,1.2692201,,11341,42617,109420
2356,SavileRow (GMTO),./experiments/mbssp-control/lps/3/036.lp,Unknown,1.5511,,6358,23138,62836
2356,SavileRow (GMTO),./experiments/mbkp-control/lps/3/4_08.lp,Sat,1.9601135,6.417389,19788,42452,122544
2357,Fun-sCOP (),./experiments/mbkp-control/lps/3/4_08.lp,Sat,5.5253825,0.2692609,243311,702145,2074811
2357,Fun-sCOP (),./experiments/mbssp-control/lps/3/036.lp,Unknown,8.34277,,733493,2060991,6044027
2360,Picat-SAT,./experiments/mbssp-control/lps/3/036.lp,Sat,0.6841976,2.621739,2180,19351,89225
2360,Picat-SAT,./experiments/mbkp-control/lps/3/4_08.lp,Sat,1.406014,18.680529,10383,62930,242655
2361,SavileRow (GT),./experiments/mbssp-control/lps/3/037.lp,Timeout,,,,,
2361,SavileRow (GT),./experiments/mbkp-control/lps/3/1_09.lp,Sat,8.587652,0.5380458,61089,6338071,18980275
2362,SavileRow (SWC),./experiments/mbssp-control/lps/3/037.lp,Unknown,9.407415,,1441766,14621914,41119576
2362,SavileRow (SWC),./experiments/mbkp-control/lps/3/1_09.lp,Sat,3.1699135,28.012617,753278,1478244,3663053
2363,SavileRow (BDD),./experiments/mbkp-control/lps/3/1_09.lp,Sat,3.5996,0.18521318,231319,450307,1118182
2363,SavileRow (BDD),./experiments/mbssp-control/lps/3/037.lp,Unknown,6.019495,,342142,3348366,9374082
2364,SavileRow (GPW),./experiments/mbssp-control/lps/3/037.lp,Unknown,1.1445104,,11456,43106,110806
2364,SavileRow (GPW),./experiments/mbkp-control/lps/3/1_09.lp,Sat,1.9502921,0.8583519,21835,117398,330357
2366,SavileRow (GMTO),./experiments/mbkp-control/lps/3/1_09.lp,Sat,1.9771509,1.6100638,19687,42691,123789
2366,SavileRow (GMTO),./experiments/mbssp-control/lps/3/037.lp,Unknown,1.4610398,,6430,23369,63390
2367,Fun-sCOP (),./experiments/mbssp-control/lps/3/037.lp,Unknown,8.402318,,699696,1960314,5742838
2367,Fun-sCOP (),./experiments/mbkp-control/lps/3/1_09.lp,Sat,5.0658956,0.22584112,234617,676151,1997861
2370,Picat-SAT,./experiments/mbkp-control/lps/3/1_09.lp,Sat,1.279366,2.1199584,10329,62246,239639
2370,Picat-SAT,./experiments/mbssp-control/lps/3/037.lp,Sat,0.91355634,0.87796,2188,19774,91696
2371,SavileRow (GT),./experiments/mbssp-control/lps/3/038.lp,Timeout,,,,,
2371,SavileRow (GT),./experiments/mbkp-control/lps/3/2_09.lp,Sat,8.9421215,0.7923747,60436,6212169,18602788
2372,SavileRow (SWC),./experiments/mbssp-control/lps/3/038.lp,Unknown,7.4090924,,1232656,12526634,35240316
2372,SavileRow (SWC),./experiments/mbkp-control/lps/3/2_09.lp,Sat,3.451834,55.358196,750338,1472483,3648772
2373,SavileRow (BDD),./experiments/mbssp-control/lps/3/038.lp,Unknown,5.11656,,293815,2892995,8117904
2373,SavileRow (BDD),./experiments/mbkp-control/lps/3/2_09.lp,Sat,2.8690593,0.18873492,230416,447867,1111715
2374,SavileRow (GPW),./experiments/mbkp-control/lps/3/2_09.lp,Sat,1.9953117,0.1458548,21769,116647,328170
2374,SavileRow (GPW),./experiments/mbssp-control/lps/3/038.lp,Unknown,1.1110095,,10973,40978,105073
2376,SavileRow (GMTO),./experiments/mbssp-control/lps/3/038.lp,Unknown,1.4214048,,6261,22725,61509
2376,SavileRow (GMTO),./experiments/mbkp-control/lps/3/2_09.lp,Sat,2.2960482,1.4721401,19668,42426,122865
2377,Fun-sCOP (),./experiments/mbssp-control/lps/3/038.lp,Unknown,8.782073,,681728,1912292,5604528
2377,Fun-sCOP (),./experiments/mbkp-control/lps/3/2_09.lp,Sat,5.345451,0.25853395,232087,668741,1975826
2380,Picat-SAT,./experiments/mbkp-control/lps/3/2_09.lp,Sat,1.1742176,11.458795,10355,62373,241282
2380,Picat-SAT,./experiments/mbssp-control/lps/3/038.lp,Sat,0.70375663,0.61785203,2138,19091,87894
2381,SavileRow (GT),./experiments/mbssp-control/lps/3/039.lp,Timeout,,,,,
2381,SavileRow (GT),./experiments/mbkp-control/lps/3/3_09.lp,Sat,8.470154,0.77302015,60555,6223995,18638219
2382,SavileRow (SWC),./experiments/mbkp-control/lps/3/3_09.lp,Sat,3.0723162,31.533463,759354,1490151,3692546
2382,SavileRow (SWC),./experiments/mbssp-control/lps/3/039.lp,Unknown,8.539169,,1360146,13804834,38833616
2383,SavileRow (BDD),./experiments/mbssp-control/lps/3/039.lp,Unknown,5.290063,,299788,2921808,8168377
2383,SavileRow (BDD),./experiments/mbkp-control/lps/3/3_09.lp,Sat,3.0833974,0.19742306,226716,440544,1093431
2384,SavileRow (GPW),./experiments/mbkp-control/lps/3/3_09.lp,Sat,2.142965,0.42180243,21839,117643,331088
2384,SavileRow (GPW),./experiments/mbssp-control/lps/3/039.lp,Unknown,1.2608261,,11228,41925,107517
2386,SavileRow (GMTO),./experiments/mbkp-control/lps/3/3_09.lp,Sat,1.9526294,4.1035166,19532,42498,123466
2386,SavileRow (GMTO),./experiments/mbssp-control/lps/3/039.lp,Unknown,1.4272228,,6400,23255,63074
2387,Fun-sCOP (),./experiments/mbssp-control/lps/3/039.lp,Unknown,8.484257,,711697,1997317,5854777
2387,Fun-sCOP (),./experiments/mbkp-control/lps/3/3_09.lp,Sat,5.3978014,0.23247455,228732,658552,1945087
2390,Picat-SAT,./experiments/mbkp-control/lps/3/3_09.lp,Sat,1.1540082,26.440687,10306,62396,241133
2390,Picat-SAT,./experiments/mbssp-control/lps/3/039.lp,Sat,0.67607373,3.825871,2141,19387,90038
2391,SavileRow (GT),./experiments/mbssp-control/lps/3/040.lp,Timeout,,,,,
2391,SavileRow (GT),./experiments/mbkp-control/lps/3/4_09.lp,Sat,8.931305,1.2536954,61483,6480664,19407842
2392,SavileRow (SWC),./experiments/mbssp-control/lps/3/040.lp,Unknown,8.784532,,1347386,13682514,38492886
2392,SavileRow (SWC),./experiments/mbkp-control/lps/3/4_09.lp,Sat,2.923594,48.393795,763862,1498986,3714452
2393,SavileRow (BDD),./experiments/mbkp-control/lps/3/4_09.lp,Sat,3.108015,0.22939254,241387,469793,1166520
2393,SavileRow (BDD),./experiments/mbssp-control/lps/3/040.lp,Unknown,5.069415,,301941,2933711,8192204
2394,SavileRow (GPW),./experiments/mbkp-control/lps/3/4_09.lp,Sat,2.0171585,0.05816619,21738,116541,327883
2394,SavileRow (GPW),./experiments/mbssp-control/lps/3/040.lp,Unknown,1.0238327,,11367,42767,109764
2396,SavileRow (GMTO),./experiments/mbkp-control/lps/3/4_09.lp,Sat,2.3065436,1.3326203,19788,42443,122499
2396,SavileRow (GMTO),./experiments/mbssp-control/lps/3/040.lp,Unknown,1.4324433,,6410,23494,63570
2397,Fun-sCOP (),./experiments/mbkp-control/lps/3/4_09.lp,Sat,5.670391,0.30367872,243832,703242,2078536
2397,Fun-sCOP (),./experiments/mbssp-control/lps/3/040.lp,Unknown,9.325331,,728232,2042632,5986384
2400,Picat-SAT,./experiments/mbssp-control/lps/3/040.lp,Sat,0.9293486,2.5513215,2177,19455,89908
2400,Picat-SAT,./experiments/mbkp-control/lps/3/4_09.lp,Sat,0.8857987,3.789805,10383,62917,242570
2401,SavileRow (GT),./experiments/mbssp-control/lps/3/041.lp,Timeout,,,,,
2401,SavileRow (GT),./experiments/mbkp-control/lps/3/1_10.lp,Sat,8.973988,0.5282732,61405,6371936,19081875
2402,SavileRow (SWC),./experiments/mbkp-control/lps/3/1_10.lp,Sat,3.4151933,30.401043,766214,1503588,3726413
2402,SavileRow (SWC),./experiments/mbssp-control/lps/3/041.lp,Unknown,8.241961,,1333416,13544684,38099246
2403,SavileRow (BDD),./experiments/mbssp-control/lps/3/041.lp,Unknown,4.456587,,281867,2720328,7576946
2403,SavileRow (BDD),./experiments/mbkp-control/lps/3/1_10.lp,Sat,2.8869672,0.19820319,231704,450893,1119936
2404,SavileRow (GPW),./experiments/mbkp-control/lps/3/1_10.lp,Sat,1.990768,0.16428144,21841,117522,330723
2404,SavileRow (GPW),./experiments/mbssp-control/lps/3/041.lp,Unknown,1.496445,,11319,42650,109557
2406,SavileRow (GMTO),./experiments/mbssp-control/lps/3/041.lp,Unknown,1.3930573,,6352,23038,62575
2406,SavileRow (GMTO),./experiments/mbkp-control/lps/3/1_10.lp,Sat,2.172232,2.9384837,19687,42691,123804
2407,Fun-sCOP (),./experiments/mbssp-control/lps/3/041.lp,Unknown,9.009622,,720042,2020150,5920998
2407,Fun-sCOP (),./experiments/mbkp-control/lps/3/1_10.lp,Sat,5.5845,0.35301268,235007,676897,2000539
2410,Picat-SAT,./experiments/mbkp-control/lps/3/1_10.lp,Sat,1.2341771,1.1502919,10329,62248,239666
2410,Picat-SAT,./experiments/mbssp-control/lps/3/041.lp,Sat,0.69270813,1.4717383,2193,19629,90398
2411,SavileRow (GT),./experiments/mbssp-control/lps/3/042.lp,Timeout,,,,,
2411,SavileRow (GT),./experiments/mbkp-control/lps/3/2_10.lp,Sat,9.457285,1.2162983,60765,6250357,18717356
2412,SavileRow (SWC),./experiments/mbssp-control/lps/3/042.lp,Unknown,7.8775654,,1297116,13174204,37063156
2412,SavileRow (SWC),./experiments/mbkp-control/lps/3/2_10.lp,Sat,3.5510795,39.576694,763176,1497635,3711652
2413,SavileRow (BDD),./experiments/mbkp-control/lps/3/2_10.lp,Sat,2.97745,0.24687584,230807,448406,1113380
2413,SavileRow (BDD),./experiments/mbssp-control/lps/3/042.lp,Unknown,5.2036324,,322823,3163998,8862586
2414,SavileRow (GPW),./experiments/mbkp-control/lps/3/2_10.lp,Sat,2.1631403,0.12993798,21798,117234,329902
2414,SavileRow (GPW),./experiments/mbssp-control/lps/3/042.lp,Unknown,1.0651454,,11206,42091,107999
2416,SavileRow (GMTO),./experiments/mbssp-control/lps/3/042.lp,Unknown,1.364747,,6352,23091,62661
2416,SavileRow (GMTO),./experiments/mbkp-control/lps/3/2_10.lp,Sat,2.024619,1.2634836,19711,42467,122920
2417,Fun-sCOP (),./experiments/mbkp-control/lps/3/2_10.lp,Sat,5.89292,0.35782844,232454,669376,1978151
2417,Fun-sCOP (),./experiments/mbssp-control/lps/3/042.lp,Unknown,8.625855,,698340,1959774,5744634
2420,Picat-SAT,./experiments/mbkp-control/lps/3/2_10.lp,Sat,1.2307246,2.7350721,10359,62442,241534
2420,Picat-SAT,./experiments/mbssp-control/lps/3/042.lp,Sat,0.69890535,2.4755445,2188,19336,88954
2421,SavileRow (GT),./experiments/mbssp-control/lps/3/043.lp,Timeout,,,,,
2421,SavileRow (GT),./experiments/mbkp-control/lps/3/3_10.lp,Sat,8.981733,2.9318254,60861,6250674,18718261
2422,SavileRow (SWC),./experiments/mbkp-control/lps/3/3_10.lp,Unknown,3.4624164,,772339,1515591,3756146
2422,SavileRow (SWC),./experiments/mbssp-control/lps/3/043.lp,Unknown,7.9859176,,1180296,12003254,33770796
2423,SavileRow (BDD),./experiments/mbkp-control/lps/3/3_10.lp,Sat,3.122953,0.16317333,227120,441108,1095171
2423,SavileRow (BDD),./experiments/mbssp-control/lps/3/043.lp,Unknown,4.5459814,,246773,2393573,6679376
2424,SavileRow (GPW),./experiments/mbssp-control/lps/3/043.lp,Unknown,1.0275633,,11012,41458,106330
2424,SavileRow (GPW),./experiments/mbkp-control/lps/3/3_10.lp,Sat,2.2069643,0.09768564,21831,117463,330556
2426,SavileRow (GMTO),./experiments/mbssp-control/lps/3/043.lp,Unknown,1.3806087,,6250,22823,61590
2426,SavileRow (GMTO),./experiments/mbkp-control/lps/3/3_10.lp,Sat,2.1065025,6.5541534,19575,42520,123448
2427,Fun-sCOP (),./experiments/mbssp-control/lps/3/043.lp,Unknown,6.883867,,518230,1449318,4243102
2427,Fun-sCOP (),./experiments/mbkp-control/lps/3/3_10.lp,Sat,5.400741,0.20717256,229142,659286,1947701
2430,Picat-SAT,./experiments/mbkp-control/lps/3/3_10.lp,Sat,1.2539606,1.6053972,10306,62390,241145
2430,Picat-SAT,./experiments/mbssp-control/lps/3/043.lp,Sat,0.6141716,2.0159304,2115,18733,86045
2431,SavileRow (GT),./experiments/mbkp-control/lps/3/4_10.lp,Sat,8.706777,0.5734987,61811,6519478,19524289
2431,SavileRow (GT),./experiments/mbssp-control/lps/3/044.lp,Timeout,,,,,
2432,SavileRow (SWC),./experiments/mbssp-control/lps/3/044.lp,Unknown,7.933589,,1294036,13147144,36993796
2432,SavileRow (SWC),./experiments/mbkp-control/lps/3/4_10.lp,Sat,3.460701,10.322771,776749,1524234,3777572
2433,SavileRow (BDD),./experiments/mbkp-control/lps/3/4_10.lp,Sat,2.8337636,0.17367688,241838,470473,1168559
2433,SavileRow (BDD),./experiments/mbssp-control/lps/3/044.lp,Unknown,4.4043636,,274263,2685211,7519679
2434,SavileRow (GPW),./experiments/mbkp-control/lps/3/4_10.lp,Sat,2.071767,0.94119006,21755,116925,329018
2434,SavileRow (GPW),./experiments/mbssp-control/lps/3/044.lp,Unknown,1.0000547,,11135,41653,106970
2436,SavileRow (GMTO),./experiments/mbssp-control/lps/3/044.lp,Unknown,1.4348093,,6316,22826,61821
2436,SavileRow (GMTO),./experiments/mbkp-control/lps/3/4_10.lp,Sat,1.9538622,1.6173496,19831,42481,122554
2437,Fun-sCOP (),./experiments/mbkp-control/lps/3/4_10.lp,Sat,5.393512,0.27979833,244294,704186,2081800
2437,Fun-sCOP (),./experiments/mbssp-control/lps/3/044.lp,Unknown,8.411771,,680434,1912552,5609622
2440,Picat-SAT,./experiments/mbkp-control/lps/3/4_10.lp,Sat,1.2586155,6.7043304,10383,62946,242722
2440,Picat-SAT,./experiments/mbssp-control/lps/3/044.lp,Sat,0.6758991,0.8917383,2131,19140,88664
2441,SavileRow (GT),./experiments/mbssp-control/lps/3/045.lp,Timeout,,,,,
2441,SavileRow (GT),./experiments/mbkp-control/lps/3/1_11.lp,Sat,10.010599,0.37771276,61680,6385559,19122750
2442,SavileRow (SWC),./experiments/mbssp-control/lps/3/045.lp,Unknown,7.841453,,1264226,12844644,36129896
2442,SavileRow (SWC),./experiments/mbkp-control/lps/3/1_11.lp,Sat,3.7688308,10.250702,778905,1528452,3788573
2443,SavileRow (BDD),./experiments/mbkp-control/lps/3/1_11.lp,Sat,3.018529,0.15997663,231929,451141,1120879
2443,SavileRow (BDD),./experiments/mbssp-control/lps/3/045.lp,Unknown,4.6713114,,287208,2799510,7826523
2444,SavileRow (GPW),./experiments/mbkp-control/lps/3/1_11.lp,Sat,1.9904969,0.13935073,21832,117381,330309
2444,SavileRow (GPW),./experiments/mbssp-control/lps/3/045.lp,Unknown,0.9741337,,11222,42029,107989
2446,SavileRow (GMTO),./experiments/mbkp-control/lps/3/1_11.lp,Sat,2.054823,1.7443875,19730,42724,123821
2446,SavileRow (GMTO),./experiments/mbssp-control/lps/3/045.lp,Unknown,1.4649754,,6320,22909,62009
2447,Fun-sCOP (),./experiments/mbssp-control/lps/3/045.lp,Unknown,8.127048,,620518,1736938,5086764
2447,Fun-sCOP (),./experiments/mbkp-control/lps/3/1_11.lp,Sat,5.481786,0.2715749,235248,677186,2001848
2450,Picat-SAT,./experiments/mbssp-control/lps/3/045.lp,Sat,0.7304162,1.1147372,2121,19210,89101
2450,Picat-SAT,./experiments/mbkp-control/lps/3/1_11.lp,Sat,1.3461375,0.98574203,10331,62266,239729
2451,SavileRow (GT),./experiments/mbssp-control/lps/3/046.lp,Timeout,,,,,
2451,SavileRow (GT),./experiments/mbkp-control/lps/3/2_11.lp,Sat,9.1348505,0.655858,61042,6261955,18752154
2452,SavileRow (SWC),./experiments/mbssp-control/lps/3/046.lp,Unknown,7.4422684,,1215936,12359434,34765136
2452,SavileRow (SWC),./experiments/mbkp-control/lps/3/2_11.lp,Sat,2.784347,13.191743,775867,1522499,3773812
2453,SavileRow (BDD),./experiments/mbssp-control/lps/3/046.lp,Unknown,4.2408586,,255814,2445666,6787147
2453,SavileRow (BDD),./experiments/mbkp-control/lps/3/2_11.lp,Sat,2.622328,0.20153908,231123,448826,1114742
2454,SavileRow (GPW),./experiments/mbssp-control/lps/3/046.lp,Unknown,1.0439378,,11015,41110,105463
2454,SavileRow (GPW),./experiments/mbkp-control/lps/3/2_11.lp,Sat,2.229153,0.102465935,21789,117037,329320
2456,SavileRow (GMTO),./experiments/mbssp-control/lps/3/046.lp,Unknown,1.5657456,,6270,22622,61180
2456,SavileRow (GMTO),./experiments/mbkp-control/lps/3/2_11.lp,Sat,2.1010919,1.7160573,19711,42462,122892
2457,Fun-sCOP (),./experiments/mbkp-control/lps/3/2_11.lp,Sat,5.730417,0.3207549,232777,669905,1980152
2457,Fun-sCOP (),./experiments/mbssp-control/lps/3/046.lp,Unknown,7.653922,,621284,1738972,5092456
2460,Picat-SAT,./experiments/mbkp-control/lps/3/2_11.lp,Sat,1.4990482,2.1864738,10359,62437,241508
2460,Picat-SAT,./experiments/mbssp-control/lps/3/046.lp,Sat,0.8302601,0.6870467,2075,18590,85821
2461,SavileRow (GT),./experiments/mbkp-control/lps/3/3_11.lp,Sat,8.578377,0.839239,61125,6254998,18731237
2461,SavileRow (GT),./experiments/mbssp-control/lps/3/047.lp,Timeout,,,,,
2462,SavileRow (SWC),./experiments/mbssp-control/lps/3/047.lp,Unknown,8.692508,,1381376,14024284,39453526
2462,SavileRow (SWC),./experiments/mbkp-control/lps/3/3_11.lp,Sat,3.555079,40.32932,785275,1540935,3819506
2463,SavileRow (BDD),./experiments/mbkp-control/lps/3/3_11.lp,Sat,2.9330885,0.16659772,227393,441440,1096320
2463,SavileRow (BDD),./experiments/mbssp-control/lps/3/047.lp,Unknown,5.0582843,,325643,3200532,8974947
2464,SavileRow (GPW),./experiments/mbssp-control/lps/3/047.lp,Unknown,1.1260993,,11438,43024,110572
2464,SavileRow (GPW),./experiments/mbkp-control/lps/3/3_11.lp,Sat,2.0885878,0.8234629,21840,117683,331207
2466,SavileRow (GMTO),./experiments/mbkp-control/lps/3/3_11.lp,Sat,2.0332386,1.6241944,19618,42541,123434
2466,SavileRow (GMTO),./experiments/mbssp-control/lps/3/047.lp,Unknown,2.0339487,,6396,23285,63370
2467,Fun-sCOP (),./experiments/mbssp-control/lps/3/047.lp,Unknown,8.214303,,660933,1850819,5421111
2467,Fun-sCOP (),./experiments/mbkp-control/lps/3/3_11.lp,Sat,5.548814,0.26838386,229420,659664,1949277
2470,Picat-SAT,./experiments/mbssp-control/lps/3/047.lp,Sat,0.61237377,2.1664922,2183,19757,91357
2470,Picat-SAT,./experiments/mbkp-control/lps/3/3_11.lp,Sat,1.2000059,1.0153698,10308,62409,241242
2471,SavileRow (GT),./experiments/mbkp-control/lps/3/4_11.lp,Sat,9.7935295,0.57756984,62102,6536250,19574610
2471,SavileRow (GT),./experiments/mbssp-control/lps/3/048.lp,Timeout,,,,,
2472,SavileRow (SWC),./experiments/mbssp-control/lps/3/048.lp,Unknown,8.896001,,1390506,14116244,39709666
2472,SavileRow (SWC),./experiments/mbkp-control/lps/3/4_11.lp,Sat,3.8390634,28.101278,789734,1549674,3841172
2473,SavileRow (BDD),./experiments/mbkp-control/lps/3/4_11.lp,Sat,3.01423,0.18850671,242138,470862,1169821
2473,SavileRow (BDD),./experiments/mbssp-control/lps/3/048.lp,Unknown,4.905123,,304849,2972382,8310496
2474,SavileRow (GPW),./experiments/mbkp-control/lps/3/4_11.lp,Sat,2.0068808,0.16477625,21743,116651,328208
2474,SavileRow (GPW),./experiments/mbssp-control/lps/3/048.lp,Unknown,1.0294385,,11569,43964,113037
2476,SavileRow (GMTO),./experiments/mbkp-control/lps/3/4_11.lp,Sat,2.0833607,1.4913869,19831,42466,122499
2476,SavileRow (GMTO),./experiments/mbssp-control/lps/3/048.lp,Unknown,1.4112159,,6406,23673,64240
2477,Fun-sCOP (),./experiments/mbkp-control/lps/3/4_11.lp,Sat,5.76759,0.2709987,244568,704550,2083348
2477,Fun-sCOP (),./experiments/mbssp-control/lps/3/048.lp,Unknown,8.063175,,737243,2068661,6063553
2480,Picat-SAT,./experiments/mbkp-control/lps/3/4_11.lp,Sat,1.1741912,1.4031135,10383,62914,242580
2480,Picat-SAT,./experiments/mbssp-control/lps/3/048.lp,Sat,0.8817248,5.212411,2226,20310,93990
2481,SavileRow (GT),./experiments/mbkp-control/lps/3/1_12.lp,Sat,9.189811,0.35894525,61931,6382738,19114290
2481,SavileRow (GT),./experiments/mbssp-control/lps/3/049.lp,Timeout,,,,,
2482,SavileRow (SWC),./experiments/mbssp-control/lps/3/049.lp,Unknown,8.256135,,1366746,13872594,39020666
2482,SavileRow (SWC),./experiments/mbkp-control/lps/3/1_12.lp,Sat,3.0458245,14.211021,791890,1553892,3852173
2483,SavileRow (BDD),./experiments/mbssp-control/lps/3/049.lp,Unknown,4.821295,,286228,2794391,7817462
2483,SavileRow (BDD),./experiments/mbkp-control/lps/3/1_12.lp,Sat,2.7688766,0.18775333,232105,451268,1121510
2484,SavileRow (GPW),./experiments/mbssp-control/lps/3/049.lp,Unknown,1.0222541,,11134,41574,106642
2484,SavileRow (GPW),./experiments/mbkp-control/lps/3/1_12.lp,Sat,2.2423673,0.07102904,21833,117365,330260
2486,SavileRow (GMTO),./experiments/mbssp-control/lps/3/049.lp,Sat,1.3892121,47.795837,6356,23056,62380
2486,SavileRow (GMTO),./experiments/mbkp-control/lps/3/1_12.lp,Sat,2.2634077,1.6307455,19730,42717,123816
2487,Fun-sCOP (),./experiments/mbkp-control/lps/3/1_12.lp,Sat,5.4472456,0.22277515,235410,677210,2002362
2487,Fun-sCOP (),./experiments/mbssp-control/lps/3/049.lp,Unknown,9.127997,,722023,2030357,5955955
2490,Picat-SAT,./experiments/mbkp-control/lps/3/1_12.lp,Sat,1.3097097,1.710912,10331,62254,239723
2490,Picat-SAT,./experiments/mbssp-control/lps/3/049.lp,Sat,0.65068674,0.49860656,2178,19843,91915
2491,SavileRow (GT),./experiments/mbssp-control/lps/3/050.lp,Timeout,,,,,
2491,SavileRow (GT),./experiments/mbkp-control/lps/3/2_12.lp,Sat,9.017463,0.60040444,61271,6252960,18725177
2492,SavileRow (SWC),./experiments/mbkp-control/lps/3/2_12.lp,Sat,3.0662231,7.638095,788411,1547075,3835252
2492,SavileRow (SWC),./experiments/mbssp-control/lps/3/050.lp,Unknown,7.3047266,,1268874,11711535,32841603
2493,SavileRow (BDD),./experiments/mbssp-control/lps/3/050.lp,Unknown,5.166049,,208452,1807412,5001317
2493,SavileRow (BDD),./experiments/mbkp-control/lps/3/2_12.lp,Sat,2.6745229,0.18249276,231203,448798,1114986
2494,SavileRow (GPW),./experiments/mbkp-control/lps/3/2_12.lp,Sat,2.0497682,0.1656015,21788,117001,329213
2494,SavileRow (GPW),./experiments/mbssp-control/lps/3/050.lp,Sat,1.1417855,16.09599,11328,41903,108119
2496,SavileRow (GMTO),./experiments/mbkp-control/lps/3/2_12.lp,Sat,1.9919968,6.0277243,19711,42449,122861
2496,SavileRow (GMTO),./experiments/mbssp-control/lps/3/050.lp,Unknown,1.4268184,,6299,22373,61259
2497,Fun-sCOP (),./experiments/mbssp-control/lps/3/050.lp,Unknown,8.658494,,780196,2190860,6423440
2497,Fun-sCOP (),./experiments/mbkp-control/lps/3/2_12.lp,Sat,5.321438,0.2686406,232875,669777,1980218
2500,Picat-SAT,./experiments/mbkp-control/lps/3/2_12.lp,Sat,1.191143,1.0244981,10359,62408,241458
2500,Picat-SAT,./experiments/mbssp-control/lps/3/050.lp,Sat,0.66446114,0.51742375,2179,20041,92890
2501,SavileRow (GT),./experiments/mbssp-control/lps/3/051.lp,Timeout,,,,,
2501,SavileRow (GT),./experiments/mbkp-control/lps/3/3_12.lp,Sat,9.689161,1.1499468,61364,6246361,18705332
2502,SavileRow (SWC),./experiments/mbssp-control/lps/3/051.lp,Unknown,8.351969,,1388416,14089844,39643146
2502,SavileRow (SWC),./experiments/mbkp-control/lps/3/3_12.lp,Sat,3.7417808,37.619583,798162,1566183,3882626
2503,SavileRow (BDD),./experiments/mbkp-control/lps/3/3_12.lp,Sat,2.8087988,0.19432868,227496,441462,1096674
2503,SavileRow (BDD),./experiments/mbssp-control/lps/3/051.lp,Unknown,4.750886,,280409,2764829,7762309
2504,SavileRow (GPW),./experiments/mbkp-control/lps/3/3_12.lp,Sat,2.1591086,0.53287286,21825,117309,330100
2504,SavileRow (GPW),./experiments/mbssp-control/lps/3/051.lp,Unknown,1.1099321,,11328,42663,109545
2506,SavileRow (GMTO),./experiments/mbkp-control/lps/3/3_12.lp,Sat,2.1341698,1.5750711,19661,42557,123401
2506,SavileRow (GMTO),./experiments/mbssp-control/lps/3/051.lp,Unknown,1.8068492,,6360,23275,62920
2507,Fun-sCOP (),./experiments/mbssp-control/lps/3/051.lp,Unknown,8.5482645,,701018,1969552,5775980
2507,Fun-sCOP (),./experiments/mbkp-control/lps/3/3_12.lp,Sat,5.725515,0.26571962,229517,659565,1949428
2510,Picat-SAT,./experiments/mbkp-control/lps/3/3_12.lp,Sat,1.235846,2.0519006,10308,62387,241184
2510,Picat-SAT,./experiments/mbssp-control/lps/3/051.lp,Sat,0.74767953,1.6191735,2171,19612,90882
2511,SavileRow (GT),./experiments/mbkp-control/lps/3/4_12.lp,Sat,9.506665,0.5161607,62344,6526372,19544983
2511,SavileRow (GT),./experiments/mbssp-control/lps/3/052.lp,Timeout,,,,,
2512,SavileRow (SWC),./experiments/mbssp-control/lps/3/052.lp,Unknown,8.480269,,1354646,13751154,38678236
2512,SavileRow (SWC),./experiments/mbkp-control/lps/3/4_12.lp,Sat,2.784104,10.622315,802768,1575210,3905012
2513,SavileRow (BDD),./experiments/mbkp-control/lps/3/4_12.lp,Sat,3.089141,0.18495865,242228,470854,1170097
2513,SavileRow (BDD),./experiments/mbssp-control/lps/3/052.lp,Unknown,4.57291,,264627,2527552,7012792
2514,SavileRow (GPW),./experiments/mbssp-control/lps/3/052.lp,Unknown,1.0305341,,10861,40402,103493
2514,SavileRow (GPW),./experiments/mbkp-control/lps/3/4_12.lp,Sat,2.0708544,0.21743898,21753,116896,328933
2516,SavileRow (GMTO),./experiments/mbkp-control/lps/3/4_12.lp,Sat,2.1297984,1.2985523,19831,42464,122532
2516,SavileRow (GMTO),./experiments/mbssp-control/lps/3/052.lp,Unknown,1.4536275,,6312,22624,61073
2517,Fun-sCOP (),./experiments/mbssp-control/lps/3/052.lp,Unknown,7.969308,,636851,1779873,5209395
2517,Fun-sCOP (),./experiments/mbkp-control/lps/3/4_12.lp,Sat,5.5511293,0.28036165,244677,704453,2083471
2520,Picat-SAT,./experiments/mbkp-control/lps/3/4_12.lp,Sat,1.1862843,1.5822514,10383,62914,242652
2520,Picat-SAT,./experiments/mbssp-control/lps/3/052.lp,Sat,0.7165901,0.9754329,2127,18876,87113
2521,SavileRow (GT),./experiments/mbkp-control/lps/3/1_13.lp,Sat,9.264133,0.40829694,62120,6352535,19023689
2521,SavileRow (GT),./experiments/mbssp-control/lps/3/053.lp,Timeout,,,,,
2522,SavileRow (SWC),./experiments/mbkp-control/lps/3/1_13.lp,Sat,3.907358,0.66250545,804336,1578276,3913133
2522,SavileRow (SWC),./experiments/mbssp-control/lps/3/053.lp,Unknown,8.742351,,1347056,13674924,38472946
2523,SavileRow (BDD),./experiments/mbkp-control/lps/3/1_13.lp,Sat,2.9693284,0.18306547,232102,451074,1121307
2523,SavileRow (BDD),./experiments/mbssp-control/lps/3/053.lp,Unknown,5.135878,,315871,3101512,8694041
2524,SavileRow (GPW),./experiments/mbssp-control/lps/3/053.lp,Unknown,1.082756,,11380,42737,109793
2524,SavileRow (GPW),./experiments/mbkp-control/lps/3/1_13.lp,Sat,2.1807723,0.10366427,21834,117393,330343
2526,SavileRow (GMTO),./experiments/mbkp-control/lps/3/1_13.lp,Sat,2.122257,1.2056663,19730,42714,123810
2526,SavileRow (GMTO),./experiments/mbssp-control/lps/3/053.lp,Unknown,1.3718294,,6372,23080,62634
2527,Fun-sCOP (),./experiments/mbssp-control/lps/3/053.lp,Unknown,8.708327,,721508,2027548,5946352
2527,Fun-sCOP (),./experiments/mbkp-control/lps/3/1_13.lp,Sat,5.4292774,0.22003102,235406,676786,2001504
2530,Picat-SAT,./experiments/mbkp-control/lps/3/1_13.lp,Sat,1.1447788,5.235427,10331,62247,239722
2530,Picat-SAT,./experiments/mbssp-control/lps/3/053.lp,Sat,0.5546582,0.5497204,2135,19297,89654
2531,SavileRow (GT),./experiments/mbkp-control/lps/3/2_13.lp,Sat,9.66702,0.48238686,61445,6210988,18599265
2531,SavileRow (GT),./experiments/mbssp-control/lps/3/054.lp,Timeout,,,,,
2532,SavileRow (SWC),./experiments/mbssp-control/lps/3/054.lp,Unknown,9.073952,,1323076,13443264,37818466
2532,SavileRow (SWC),./experiments/mbkp-control/lps/3/2_13.lp,Sat,3.6438942,10.760659,801298,1572323,3898372
2533,SavileRow (BDD),./experiments/mbssp-control/lps/3/054.lp,Unknown,4.657916,,291193,2834414,7920053
2533,SavileRow (BDD),./experiments/mbkp-control/lps/3/2_13.lp,Sat,2.8005602,0.17186104,231202,448590,1114772
2534,SavileRow (GPW),./experiments/mbkp-control/lps/3/2_13.lp,Sat,1.922858,0.047772326,21787,116969,329118
2534,SavileRow (GPW),./experiments/mbssp-control/lps/3/054.lp,Unknown,1.0147799,,11186,41810,107256
2536,SavileRow (GMTO),./experiments/mbkp-control/lps/3/2_13.lp,Sat,2.1804318,1.3163514,19757,42503,122924
2536,SavileRow (GMTO),./experiments/mbssp-control/lps/3/054.lp,Unknown,1.3976145,,6331,23058,62456
2537,Fun-sCOP (),./experiments/mbkp-control/lps/3/2_13.lp,Sat,5.5050573,0.2663422,232874,669370,1979395
2537,Fun-sCOP (),./experiments/mbssp-control/lps/3/054.lp,Unknown,8.205997,,684464,1918900,5622752
2540,Picat-SAT,./experiments/mbkp-control/lps/3/2_13.lp,Sat,1.1806152,0.32796493,10359,62437,241521
2540,Picat-SAT,./experiments/mbssp-control/lps/3/054.lp,Sat,0.7621014,1.5241104,2142,19124,88400
2541,SavileRow (GT),./experiments/mbssp-control/lps/3/055.lp,Timeout,,,,,
2541,SavileRow (GT),./experiments/mbkp-control/lps/3/3_13.lp,Sat,8.839754,1.0399977,61574,6221112,18629585
2542,SavileRow (SWC),./experiments/mbssp-control/lps/3/055.lp,Unknown,8.7156925,,1399526,14207324,39973276
2542,SavileRow (SWC),./experiments/mbkp-control/lps/3/3_13.lp,Sat,3.9433956,11.889167,811000,1591335,3945506
2543,SavileRow (BDD),./experiments/mbkp-control/lps/3/3_13.lp,Sat,2.8451061,0.2477883,227498,441250,1096468
2543,SavileRow (BDD),./experiments/mbssp-control/lps/3/055.lp,Unknown,5.2672505,,339040,3365587,9472828
2544,SavileRow (GPW),./experiments/mbkp-control/lps/3/3_13.lp,Sat,1.9555237,0.06388225,21825,117309,330100
2544,SavileRow (GPW),./experiments/mbssp-control/lps/3/055.lp,Unknown,1.0441298,,11477,43334,111415
2546,SavileRow (GMTO),./experiments/mbkp-control/lps/3/3_13.lp,Sat,2.1118839,1.972347,19747,42629,123455
2546,SavileRow (GMTO),./experiments/mbssp-control/lps/3/055.lp,Unknown,1.391091,,6440,23507,63653
2547,Fun-sCOP (),./experiments/mbkp-control/lps/3/3_13.lp,Sat,5.205312,0.25534204,229519,659143,1948590
2547,Fun-sCOP (),./experiments/mbssp-control/lps/3/055.lp,Unknown,9.679943,,766128,2152040,6310524
2550,Picat-SAT,./experiments/mbkp-control/lps/3/3_13.lp,Sat,1.2661896,0.3076062,10310,62416,241282
2550,Picat-SAT,./experiments/mbssp-control/lps/3/055.lp,Sat,0.7158389,1.4952352,2216,19845,91735
2551,SavileRow (GT),./experiments/mbssp-control/lps/3/056.lp,Timeout,,,,,
2551,SavileRow (GT),./experiments/mbkp-control/lps/3/4_13.lp,Sat,10.046018,0.4607773,62568,6510213,19496508
2552,SavileRow (SWC),./experiments/mbssp-control/lps/3/056.lp,Unknown,8.504615,,1418446,14395974,40511356
2552,SavileRow (SWC),./experiments/mbkp-control/lps/3/4_13.lp,Sat,2.9906437,11.529032,815557,1600266,3967652
2553,SavileRow (BDD),./experiments/mbssp-control/lps/3/056.lp,Unknown,5.2327304,,326768,3244495,9133504
2553,SavileRow (BDD),./experiments/mbkp-control/lps/3/4_13.lp,Sat,2.705726,0.18070808,242225,470614,1169851
2554,SavileRow (GPW),./experiments/mbkp-control/lps/3/4_13.lp,Sat,2.1131277,0.04525274,21756,116974,329164
2554,SavileRow (GPW),./experiments/mbssp-control/lps/3/056.lp,Unknown,0.948989,,11645,44085,113410
2556,SavileRow (GMTO),./experiments/mbssp-control/lps/3/056.lp,Unknown,1.4727498,,6482,23737,64318
2556,SavileRow (GMTO),./experiments/mbkp-control/lps/3/4_13.lp,Sat,2.0888739,1.5554593,19831,42468,122553
2557,Fun-sCOP (),./experiments/mbssp-control/lps/3/056.lp,Unknown,9.649421,,824888,2323110,6818568
2557,Fun-sCOP (),./experiments/mbkp-control/lps/3/4_13.lp,Sat,5.513932,0.26829,244674,703996,2082554
2560,Picat-SAT,./experiments/mbssp-control/lps/3/056.lp,Sat,0.7173342,3.3024683,2216,19932,92213
2560,Picat-SAT,./experiments/mbkp-control/lps/3/4_13.lp,Sat,1.20962,1.0345113,10383,62920,242707
2561,SavileRow (GT),./experiments/mbssp-control/lps/3/057.lp,Timeout,,,,,
2561,SavileRow (GT),./experiments/mbkp-control/lps/3/1_14.lp,Sat,9.579746,0.40322673,62278,6300872,18868703
2562,SavileRow (SWC),./experiments/mbssp-control/lps/3/057.lp,Unknown,9.486432,,1438576,14583304,41028536
2562,SavileRow (SWC),./experiments/mbkp-control/lps/3/1_14.lp,Sat,3.319444,16.218325,817321,1603716,3976733
2563,SavileRow (BDD),./experiments/mbkp-control/lps/3/1_14.lp,Sat,3.0906725,0.17651872,231927,450522,1120254
2563,SavileRow (BDD),./experiments/mbssp-control/lps/3/057.lp,Unknown,5.512114,,357240,3589931,10149519
2564,SavileRow (GPW),./experiments/mbkp-control/lps/3/1_14.lp,Sat,2.1649551,0.10949369,21829,117318,330123
2564,SavileRow (GPW),./experiments/mbssp-control/lps/3/057.lp,Unknown,1.1024418,,11607,43824,112769
2566,SavileRow (GMTO),./experiments/mbssp-control/lps/3/057.lp,Unknown,1.4269176,,6500,23662,64190
2566,SavileRow (GMTO),./experiments/mbkp-control/lps/3/1_14.lp,Sat,1.9610479,1.3734461,19730,42699,123787
2567,Fun-sCOP (),./experiments/mbkp-control/lps/3/1_14.lp,Sat,5.1135983,0.25603715,235246,675862,1999194
2567,Fun-sCOP (),./experiments/mbssp-control/lps/3/057.lp,Unknown,9.312163,,768728,2161058,6338956
2570,Picat-SAT,./experiments/mbssp-control/lps/3/057.lp,Sat,1.0305988,3.868216,2238,20059,92708
2570,Picat-SAT,./experiments/mbkp-control/lps/3/1_14.lp,Sat,1.2064519,0.44175655,10331,62226,239698
2571,SavileRow (GT),./experiments/mbkp-control/lps/3/2_14.lp,Sat,8.630809,0.39681706,61603,6165054,18461471
2571,SavileRow (GT),./experiments/mbssp-control/lps/3/058.lp,Timeout,,,,,
2572,SavileRow (SWC),./experiments/mbkp-control/lps/3/2_14.lp,Sat,4.101668,9.089565,813842,1596899,3959812
2572,SavileRow (SWC),./experiments/mbssp-control/lps/3/058.lp,Unknown,7.8130937,,1264556,12855424,36163146
2573,SavileRow (BDD),./experiments/mbssp-control/lps/3/058.lp,Unknown,4.5008917,,258539,2506148,6992456
2573,SavileRow (BDD),./experiments/mbkp-control/lps/3/2_14.lp,Sat,2.8709219,0.21841407,231120,448206,1114113
2574,SavileRow (GPW),./experiments/mbssp-control/lps/3/058.lp,Unknown,1.0516527,,11294,42303,108591
2574,SavileRow (GPW),./experiments/mbkp-control/lps/3/2_14.lp,Sat,2.0100534,0.08730753,21794,117148,329648
2576,SavileRow (GMTO),./experiments/mbkp-control/lps/3/2_14.lp,Sat,2.0951426,1.8494632,19800,42526,122935
2576,SavileRow (GMTO),./experiments/mbssp-control/lps/3/058.lp,Unknown,1.3977796,,6304,23020,62392
2577,Fun-sCOP (),./experiments/mbkp-control/lps/3/2_14.lp,Sat,5.8547363,0.2785362,232774,668620,1977573
2577,Fun-sCOP (),./experiments/mbssp-control/lps/3/058.lp,Unknown,9.106444,,728917,2047961,6005607
2580,Picat-SAT,./experiments/mbkp-control/lps/3/2_14.lp,Sat,1.1830053,0.38007796,10359,62409,241482
2580,Picat-SAT,./experiments/mbssp-control/lps/3/058.lp,Sat,0.6346534,4.2932053,2132,19392,90162
2581,SavileRow (GT),./experiments/mbssp-control/lps/3/059.lp,Timeout,,,,,
2581,SavileRow (GT),./experiments/mbkp-control/lps/3/3_14.lp,Sat,8.846319,0.6298803,61759,6183540,18516875
2582,SavileRow (SWC),./experiments/mbssp-control/lps/3/059.lp,Unknown,7.412223,,1204496,12244044,34449496
2582,SavileRow (SWC),./experiments/mbkp-control/lps/3/3_14.lp,Sat,3.119741,0.6023096,823887,1616583,4008626
2583,SavileRow (BDD),./experiments/mbssp-control/lps/3/059.lp,Unknown,4.7578783,,292413,2910718,8200424
2583,SavileRow (BDD),./experiments/mbkp-control/lps/3/3_14.lp,Sat,3.1551313,0.19883597,227393,440839,1095720
2584,SavileRow (GPW),./experiments/mbssp-control/lps/3/059.lp,Unknown,1.0301824,,11201,42078,108071
2584,SavileRow (GPW),./experiments/mbkp-control/lps/3/3_14.lp,Sat,1.959901,0.052875247,21841,117710,331287
2586,SavileRow (GMTO),./experiments/mbkp-control/lps/3/3_14.lp,Sat,2.0258682,1.2556008,19747,42627,123491
2586,SavileRow (GMTO),./experiments/mbssp-control/lps/3/059.lp,Unknown,1.3399513,,6274,22727,61707
2587,Fun-sCOP (),./experiments/mbssp-control/lps/3/059.lp,Unknown,8.407614,,692889,1950013,5722105
2587,Fun-sCOP (),./experiments/mbkp-control/lps/3/3_14.lp,Sat,5.265722,0.24796477,229426,658416,1946789
2590,Picat-SAT,./experiments/mbssp-control/lps/3/059.lp,Sat,0.60858214,0.85851496,2091,19055,88633
2590,Picat-SAT,./experiments/mbkp-control/lps/3/3_14.lp,Sat,1.1904876,1.1202388,10310,62423,241372
2591,SavileRow (GT),./experiments/mbkp-control/lps/3/4_14.lp,Sat,9.2380905,0.4485352,62740,6464241,19358599
2591,SavileRow (GT),./experiments/mbssp-control/lps/3/060.lp,Timeout,,,,,
2592,SavileRow (SWC),./experiments/mbssp-control/lps/3/060.lp,Unknown,7.959597,,1254216,12740804,35846506
2592,SavileRow (SWC),./experiments/mbkp-control/lps/3/4_14.lp,Sat,3.3250575,0.5781181,828591,1625802,4031492
2593,SavileRow (BDD),./experiments/mbssp-control/lps/3/060.lp,Unknown,3.4022627,,226967,2169488,6021177
2593,SavileRow (BDD),./experiments/mbkp-control/lps/3/4_14.lp,Sat,2.9286947,0.19017552,242136,470231,1169184
2594,SavileRow (GPW),./experiments/mbkp-control/lps/3/4_14.lp,Sat,2.3923552,0.019483052,21742,116622,328122
2594,SavileRow (GPW),./experiments/mbssp-control/lps/3/060.lp,Unknown,1.0374731,,11355,42916,110139
2596,SavileRow (GMTO),./experiments/mbssp-control/lps/3/060.lp,Unknown,1.3990626,,6346,23524,63540
2596,SavileRow (GMTO),./experiments/mbkp-control/lps/3/4_14.lp,Sat,2.1171055,1.4226948,19831,42463,122544
2597,Fun-sCOP (),./experiments/mbssp-control/lps/3/060.lp,Unknown,8.6799755,,727433,2044423,5995957
2597,Fun-sCOP (),./experiments/mbkp-control/lps/3/4_14.lp,Sat,5.0574703,0.24370609,244566,703252,2080746
2600,Picat-SAT,./experiments/mbkp-control/lps/3/4_14.lp,Sat,1.1333779,0.44719738,10383,62908,242681
2600,Picat-SAT,./experiments/mbssp-control/lps/3/060.lp,Sat,0.6995157,1.9039118,2128,19165,88821
2601,SavileRow (GT),./experiments/mbssp-control/lps/3/061.lp,Timeout,,,,,
2601,SavileRow (GT),./experiments/mbkp-control/lps/3/1_15.lp,Sat,8.686173,0.46271095,62373,6219141,18623516
2602,SavileRow (SWC),./experiments/mbssp-control/lps/3/061.lp,Unknown,8.287373,,1307896,13277824,37346286
2602,SavileRow (SWC),./experiments/mbkp-control/lps/3/1_15.lp,Sat,3.2553809,0.66956484,830012,1628580,4038893
2603,SavileRow (BDD),./experiments/mbssp-control/lps/3/061.lp,Unknown,4.4836626,,276785,2665158,7416683
2603,SavileRow (BDD),./experiments/mbkp-control/lps/3/1_15.lp,Sat,2.8764324,0.18706179,231704,449854,1118896
2604,SavileRow (GPW),./experiments/mbssp-control/lps/3/061.lp,Unknown,1.0936819,,11320,42544,109186
2604,SavileRow (GPW),./experiments/mbkp-control/lps/3/1_15.lp,Sat,2.1281002,0.12073427,21841,117522,330723
2606,SavileRow (GMTO),./experiments/mbkp-control/lps/3/1_15.lp,Sat,2.0795715,0.42691413,19773,42735,123822
2606,SavileRow (GMTO),./experiments/mbssp-control/lps/3/061.lp,Unknown,1.446471,,6358,23100,62532
2607,Fun-sCOP (),./experiments/mbssp-control/lps/3/061.lp,Unknown,8.235287,,695528,1952024,5722012
2607,Fun-sCOP (),./experiments/mbkp-control/lps/3/1_15.lp,Sat,5.552685,0.25572675,235006,674700,1996142
2610,Picat-SAT,./experiments/mbssp-control/lps/3/061.lp,Sat,0.6749766,2.533627,2210,19621,90294
2610,Picat-SAT,./experiments/mbkp-control/lps/3/1_15.lp,Sat,1.5378461,0.08863044,10331,62255,239808
2611,SavileRow (GT),./experiments/mbssp-control/lps/3/062.lp,Timeout,,,,,
2611,SavileRow (GT),./experiments/mbkp-control/lps/3/2_15.lp,Sat,9.2022,0.40579405,61727,6098413,18261552
2612,SavileRow (SWC),./experiments/mbssp-control/lps/3/062.lp,Unknown,8.612823,,1376536,13969284,39298866
2612,SavileRow (SWC),./experiments/mbkp-control/lps/3/2_15.lp,Sat,2.857264,18.511494,826631,1621955,4022452
2613,SavileRow (BDD),./experiments/mbssp-control/lps/3/062.lp,Unknown,5.322556,,320720,3160744,8872862
2613,SavileRow (BDD),./experiments/mbkp-control/lps/3/2_15.lp,Sat,2.9158297,0.18205345,230803,447365,1112328
2614,SavileRow (GPW),./experiments/mbkp-control/lps/3/2_15.lp,Sat,2.2346156,0.074622355,21792,117072,329422
2614,SavileRow (GPW),./experiments/mbssp-control/lps/3/062.lp,Unknown,2.1053464,,11261,42240,108345
2616,SavileRow (GMTO),./experiments/mbssp-control/lps/3/062.lp,Unknown,1.6745956,,6426,23318,63075
2616,SavileRow (GMTO),./experiments/mbkp-control/lps/3/2_15.lp,Sat,2.0904524,1.4674551,19800,42514,122921
2617,Fun-sCOP (),./experiments/mbkp-control/lps/3/2_15.lp,Sat,5.6249547,0.25321752,232450,667232,1973853
2617,Fun-sCOP (),./experiments/mbssp-control/lps/3/062.lp,Unknown,8.933897,,719264,2017528,5912996
2620,Picat-SAT,./experiments/mbkp-control/lps/3/2_15.lp,Sat,1.1958183,0.46136287,10359,62401,241510
2620,Picat-SAT,./experiments/mbssp-control/lps/3/062.lp,Sat,0.6046252,2.031433,2161,19129,88566
2621,SavileRow (GT),./experiments/mbssp-control/lps/3/063.lp,Timeout,,,,,
2621,SavileRow (GT),./experiments/mbkp-control/lps/3/3_15.lp,Sat,8.721332,0.31161612,61898,6121555,18330924
2622,SavileRow (SWC),./experiments/mbkp-control/lps/3/3_15.lp,Sat,4.118892,0.30886385,836823,1641927,4071986
2622,SavileRow (SWC),./experiments/mbssp-control/lps/3/063.lp,Unknown,7.76573,,1307126,13276834,37351496
2623,SavileRow (BDD),./experiments/mbkp-control/lps/3/3_15.lp,Sat,3.7083683,0.16682167,227114,440063,1094108
2623,SavileRow (BDD),./experiments/mbssp-control/lps/3/063.lp,Unknown,4.962166,,290058,2848623,7986094
2624,SavileRow (GPW),./experiments/mbkp-control/lps/3/3_15.lp,Sat,2.1449268,0.037667222,21834,117541,330787
2624,SavileRow (GPW),./experiments/mbssp-control/lps/3/063.lp,Unknown,1.2235994,,11739,44564,114663
2626,SavileRow (GMTO),./experiments/mbssp-control/lps/3/063.lp,Unknown,1.5442299,,6415,23735,64746
2626,SavileRow (GMTO),./experiments/mbkp-control/lps/3/3_15.lp,Sat,2.0864344,1.1173908,19747,42614,123464
2627,Fun-sCOP (),./experiments/mbkp-control/lps/3/3_15.lp,Sat,5.448678,0.23163112,229136,657104,1943319
2627,Fun-sCOP (),./experiments/mbssp-control/lps/3/063.lp,Unknown,8.087048,,715461,2011067,5898543
2630,Picat-SAT,./experiments/mbssp-control/lps/3/063.lp,Sat,0.64104533,5.125516,2197,20258,94453
2630,Picat-SAT,./experiments/mbkp-control/lps/3/3_15.lp,Sat,1.1504979,1.5098698,10310,62409,241356
2631,SavileRow (GT),./experiments/mbkp-control/lps/3/4_15.lp,Sat,9.543126,0.49719864,62858,6390646,19137819
2631,SavileRow (GT),./experiments/mbssp-control/lps/3/064.lp,Timeout,,,,,
2632,SavileRow (SWC),./experiments/mbssp-control/lps/3/064.lp,Unknown,8.824862,,1368286,13887774,39060076
2632,SavileRow (SWC),./experiments/mbkp-control/lps/3/4_15.lp,Sat,3.123322,4.136866,841576,1651242,4095092
2633,SavileRow (BDD),./experiments/mbkp-control/lps/3/4_15.lp,Sat,3.2402163,0.19002362,241837,469449,1167531
2633,SavileRow (BDD),./experiments/mbssp-control/lps/3/064.lp,Unknown,4.9730735,,311268,3002917,8361779
2634,SavileRow (GPW),./experiments/mbkp-control/lps/3/4_15.lp,Sat,1.9844661,0.038239896,21752,116847,328787
2634,SavileRow (GPW),./experiments/mbssp-control/lps/3/064.lp,Unknown,1.0403966,,11057,41143,105422
2636,SavileRow (GMTO),./experiments/mbkp-control/lps/3/4_15.lp,Sat,1.8734759,0.42874444,19831,42454,122498
2636,SavileRow (GMTO),./experiments/mbssp-control/lps/3/064.lp,Unknown,1.6088245,,6352,22767,61527
2637,Fun-sCOP (),./experiments/mbssp-control/lps/3/064.lp,Unknown,7.9663653,,632905,1768691,5176491
2637,Fun-sCOP (),./experiments/mbkp-control/lps/3/4_15.lp,Sat,5.5378227,0.24045214,244293,701977,2077377
2640,Picat-SAT,./experiments/mbssp-control/lps/3/064.lp,Sat,1.0619771,1.3467221,2157,19455,89825
2640,Picat-SAT,./experiments/mbkp-control/lps/3/4_15.lp,Sat,1.1633991,0.4542398,10383,62894,242597
2641,SavileRow (GT),./experiments/mbssp-control/lps/3/065.lp,Timeout,,,,,
2641,SavileRow (GT),./experiments/mbkp-control/lps/3/1_16.lp,Sat,9.183766,0.27454394,62438,6119710,18325228
2642,SavileRow (SWC),./experiments/mbkp-control/lps/3/1_16.lp,Sat,3.7151303,0.2424535,842948,1653924,4102253
2642,SavileRow (SWC),./experiments/mbssp-control/lps/3/065.lp,Unknown,8.610447,,1324946,13452614,37847896
2643,SavileRow (BDD),./experiments/mbssp-control/lps/3/065.lp,Unknown,4.827192,,311910,3080202,8652981
2643,SavileRow (BDD),./experiments/mbkp-control/lps/3/1_16.lp,Sat,3.1095574,0.104018375,231317,448884,1116753
2644,SavileRow (GPW),./experiments/mbssp-control/lps/3/065.lp,Unknown,1.1238619,,11625,43791,112588
2644,SavileRow (GPW),./experiments/mbkp-control/lps/3/1_16.lp,Sat,2.0986125,0.055243496,21838,117472,330576
2646,SavileRow (GMTO),./experiments/mbkp-control/lps/3/1_16.lp,Sat,2.1939378,0.5115988,19773,42734,123830
2646,SavileRow (GMTO),./experiments/mbssp-control/lps/3/065.lp,Unknown,1.5591172,,6450,23719,64431
2647,Fun-sCOP (),./experiments/mbssp-control/lps/3/065.lp,Unknown,8.941554,,726419,2043295,5994673
2647,Fun-sCOP (),./experiments/mbkp-control/lps/3/1_16.lp,Sat,5.2725534,0.13904935,234614,673086,1991724
2650,Picat-SAT,./experiments/mbkp-control/lps/3/1_16.lp,Sat,1.2762365,0.16689153,10331,62240,239755
2650,Picat-SAT,./experiments/mbssp-control/lps/3/065.lp,Sat,0.6824575,2.1331728,2233,20071,92597
2651,SavileRow (GT),./experiments/mbkp-control/lps/3/2_16.lp,Sat,9.121918,0.3149996,61817,6015711,18013450
2651,SavileRow (GT),./experiments/mbssp-control/lps/3/066.lp,Timeout,,,,,
2652,SavileRow (SWC),./experiments/mbkp-control/lps/3/2_16.lp,Sat,3.3222725,0.3429472,839371,1646915,4084852
2652,SavileRow (SWC),./experiments/mbssp-control/lps/3/066.lp,Unknown,8.082471,,1323296,13442274,37819586
2653,SavileRow (BDD),./experiments/mbssp-control/lps/3/066.lp,Unknown,4.696717,,288508,2822038,7900287
2653,SavileRow (BDD),./experiments/mbkp-control/lps/3/2_16.lp,Sat,3.072494,0.16785909,230405,446376,1110193
2654,SavileRow (GPW),./experiments/mbkp-control/lps/3/2_16.lp,Sat,1.9788667,0.017474543,21770,116679,328265
2654,SavileRow (GPW),./experiments/mbssp-control/lps/3/066.lp,Sat,1.0578024,21.211018,10888,40407,103539
2656,SavileRow (GMTO),./experiments/mbssp-control/lps/3/066.lp,Sat,1.9479554,11.848495,6291,22594,61011
2656,SavileRow (GMTO),./experiments/mbkp-control/lps/3/2_16.lp,Sat,2.0989826,1.2571206,19800,42504,122876
2657,Fun-sCOP (),./experiments/mbssp-control/lps/3/066.lp,Unknown,8.044755,,630276,1764586,5168164
2657,Fun-sCOP (),./experiments/mbkp-control/lps/3/2_16.lp,Sat,5.4695396,0.2473056,232076,665696,1969707
2660,Picat-SAT,./experiments/mbssp-control/lps/3/066.lp,Sat,0.6485648,3.3481255,2121,18642,85617
2660,Picat-SAT,./experiments/mbkp-control/lps/3/2_16.lp,Sat,1.3980159,0.36661303,10359,62374,241400
2661,SavileRow (GT),./experiments/mbkp-control/lps/3/3_16.lp,Sat,8.944759,0.3801795,61991,6036789,18076631
2661,SavileRow (GT),./experiments/mbssp-control/lps/3/067.lp,Timeout,,,,,
2662,SavileRow (SWC),./experiments/mbkp-control/lps/3/3_16.lp,Sat,3.0048907,0.290861,849808,1667367,4135586
2662,SavileRow (SWC),./experiments/mbssp-control/lps/3/067.lp,Unknown,7.666751,,1265876,12864774,36183616
2663,SavileRow (BDD),./experiments/mbssp-control/lps/3/067.lp,Unknown,4.7863994,,283702,2728154,7587838
2663,SavileRow (BDD),./experiments/mbkp-control/lps/3/3_16.lp,Sat,3.077789,0.13678314,226713,439053,1091931
2664,SavileRow (GPW),./experiments/mbkp-control/lps/3/3_16.lp,Sat,1.9226656,0.06575898,21840,117670,331168
2664,SavileRow (GPW),./experiments/mbssp-control/lps/3/067.lp,Unknown,1.060455,,11024,40950,104968
2666,SavileRow (GMTO),./experiments/mbkp-control/lps/3/3_16.lp,Sat,1.9916743,1.0932326,19747,42622,123490
2666,SavileRow (GMTO),./experiments/mbssp-control/lps/3/067.lp,Unknown,1.5017743,,6320,22854,61913
2667,Fun-sCOP (),./experiments/mbssp-control/lps/3/067.lp,Unknown,8.245258,,688672,1929978,5654324
2667,Fun-sCOP (),./experiments/mbkp-control/lps/3/3_16.lp,Sat,5.052102,0.20791514,228729,655471,1938916
2670,Picat-SAT,./experiments/mbssp-control/lps/3/067.lp,Sat,0.82333463,3.379126,2124,18939,87339
2670,Picat-SAT,./experiments/mbkp-control/lps/3/3_16.lp,Sat,1.3052725,0.096999496,10310,62426,241413
2671,SavileRow (GT),./experiments/mbkp-control/lps/3/4_16.lp,Sat,9.202757,0.46563345,62941,6300859,18868463
2671,SavileRow (GT),./experiments/mbssp-control/lps/3/068.lp,Timeout,,,,,
2672,SavileRow (SWC),./experiments/mbkp-control/lps/3/4_16.lp,Sat,3.7626896,0.807143,854463,1676490,4158212
2672,SavileRow (SWC),./experiments/mbssp-control/lps/3/068.lp,Unknown,8.518756,,1363556,13847074,38953496
2673,SavileRow (BDD),./experiments/mbkp-control/lps/3/4_16.lp,Sat,2.646202,0.20132717,241385,468317,1165038
2673,SavileRow (BDD),./experiments/mbssp-control/lps/3/068.lp,Unknown,4.440184,,262015,2553480,7138781
2674,SavileRow (GPW),./experiments/mbkp-control/lps/3/4_16.lp,Sat,2.0041292,0.016568638,21741,116619,328114
2674,SavileRow (GPW),./experiments/mbssp-control/lps/3/068.lp,Sat,1.0904115,27.12603,11372,42938,110410
2676,SavileRow (GMTO),./experiments/mbssp-control/lps/3/068.lp,Unknown,1.3928826,,6366,23148,62682
2676,SavileRow (GMTO),./experiments/mbkp-control/lps/3/4_16.lp,Sat,2.0304606,1.5713491,19831,42453,122538
2677,Fun-sCOP (),./experiments/mbkp-control/lps/3/4_16.lp,Sat,5.490835,0.24818137,243830,700156,2072358
2677,Fun-sCOP (),./experiments/mbssp-control/lps/3/068.lp,Unknown,8.199148,,655707,1838881,5389099
2680,Picat-SAT,./experiments/mbkp-control/lps/3/4_16.lp,Sat,1.3006611,0.7453423,10383,62891,242645
2680,Picat-SAT,./experiments/mbssp-control/lps/3/068.lp,Sat,0.64426154,0.76996905,2151,19792,92048
2681,SavileRow (GT),./experiments/mbkp-control/lps/3/1_17.lp,Sat,9.572462,0.22775994,62478,6010729,17998288
2681,SavileRow (GT),./experiments/mbssp-control/lps/3/069.lp,Timeout,,,,,
2682,SavileRow (SWC),./experiments/mbssp-control/lps/3/069.lp,Unknown,8.573624,,1385556,14059814,39562476
2682,SavileRow (SWC),./experiments/mbkp-control/lps/3/1_17.lp,Sat,3.3046918,0.24069524,855541,1678596,4163933
2683,SavileRow (BDD),./experiments/mbssp-control/lps/3/069.lp,Unknown,4.8983393,,310188,3094157,8723286
2683,SavileRow (BDD),./experiments/mbkp-control/lps/3/1_17.lp,Sat,2.902153,0.10514054,230753,447581,1113804
2684,SavileRow (GPW),./experiments/mbkp-control/lps/3/1_17.lp,Sat,1.9968548,0.01124871,21830,117327,330149
2684,SavileRow (GPW),./experiments/mbssp-control/lps/3/069.lp,Unknown,1.1101818,,11867,45148,116247
2686,SavileRow (GMTO),./experiments/mbssp-control/lps/3/069.lp,Unknown,1.4410572,,6478,24203,66239
2686,SavileRow (GMTO),./experiments/mbkp-control/lps/3/1_17.lp,Sat,2.2066038,0.45352414,19773,42724,123807
2687,Fun-sCOP (),./experiments/mbssp-control/lps/3/069.lp,Unknown,8.069729,,645472,1804826,5283760
2687,Fun-sCOP (),./experiments/mbkp-control/lps/3/1_17.lp,Sat,5.004893,0.120537624,234075,671075,1986127
2690,Picat-SAT,./experiments/mbssp-control/lps/3/069.lp,Sat,0.7553698,2.820517,2164,19963,93133
2690,Picat-SAT,./experiments/mbkp-control/lps/3/1_17.lp,Sat,1.2929285,0.4027766,10331,62228,239754
2691,SavileRow (GT),./experiments/mbssp-control/lps/3/070.lp,Timeout,,,,,
2691,SavileRow (GT),./experiments/mbkp-control/lps/3/2_17.lp,Sat,8.540075,0.30534077,61872,5916504,17715832
2692,SavileRow (SWC),./experiments/mbkp-control/lps/3/2_17.lp,Sat,3.7218487,0.2627878,852111,1671875,4147252
2692,SavileRow (SWC),./experiments/mbssp-control/lps/3/070.lp,Unknown,7.8740993,,1304376,13248564,37270286
2693,SavileRow (BDD),./experiments/mbssp-control/lps/3/070.lp,Unknown,4.97935,,296719,2906837,8141484
2693,SavileRow (BDD),./experiments/mbkp-control/lps/3/2_17.lp,Sat,3.0379794,0.10121973,229939,445242,1107638
2694,SavileRow (GPW),./experiments/mbssp-control/lps/3/070.lp,Unknown,1.0593344,,11316,42561,109271
2694,SavileRow (GPW),./experiments/mbkp-control/lps/3/2_17.lp,Sat,2.0810814,0.011002448,21792,117087,329467
2696,SavileRow (GMTO),./experiments/mbkp-control/lps/3/2_17.lp,Sat,2.5630715,0.50598365,19843,42543,122936
2696,SavileRow (GMTO),./experiments/mbssp-control/lps/3/070.lp,Unknown,1.3432451,,6324,23125,62589
2697,Fun-sCOP (),./experiments/mbkp-control/lps/3/2_17.lp,Sat,5.1331105,0.12213294,231601,663847,1964556
2697,Fun-sCOP (),./experiments/mbssp-control/lps/3/070.lp,Unknown,9.258228,,720708,2025188,5939232
2700,Picat-SAT,./experiments/mbkp-control/lps/3/2_17.lp,Sat,1.2484738,0.35652503,10359,62397,241525
2700,Picat-SAT,./experiments/mbssp-control/lps/3/070.lp,Sat,0.6667485,3.7738833,2207,19417,89149
2701,SavileRow (GT),./experiments/mbssp-control/lps/3/071.lp,Timeout,,,,,
2701,SavileRow (GT),./experiments/mbkp-control/lps/3/3_17.lp,Sat,9.534933,0.28689915,62063,5944729,17800454
2702,SavileRow (SWC),./experiments/mbssp-control/lps/3/071.lp,Unknown,8.1969595,,1311526,13312254,37455406
2702,SavileRow (SWC),./experiments/mbkp-control/lps/3/3_17.lp,Sat,3.630875,0.4102747,862450,1692135,4197506
2703,SavileRow (BDD),./experiments/mbkp-control/lps/3/3_17.lp,Sat,2.691234,0.17400476,226265,437959,1089473
2703,SavileRow (BDD),./experiments/mbssp-control/lps/3/071.lp,Unknown,3.8070338,,197605,1878173,5202783
2704,SavileRow (GPW),./experiments/mbssp-control/lps/3/071.lp,Unknown,1.1618923,,11406,42950,110190
2704,SavileRow (GPW),./experiments/mbkp-control/lps/3/3_17.lp,Sat,2.1353714,0.011653696,21839,117642,331085
2706,SavileRow (GMTO),./experiments/mbssp-control/lps/3/071.lp,Unknown,1.5773299,,6326,23484,63899
2706,SavileRow (GMTO),./experiments/mbkp-control/lps/3/3_17.lp,Sat,1.9269004,0.4886603,19747,42633,123524
2707,Fun-sCOP (),./experiments/mbkp-control/lps/3/3_17.lp,Sat,5.1310477,0.21931243,228294,653732,1934067
2707,Fun-sCOP (),./experiments/mbssp-control/lps/3/071.lp,Unknown,6.666605,,457364,1261182,3673302
2710,Picat-SAT,./experiments/mbssp-control/lps/3/071.lp,Sat,0.5720475,0.6541689,2115,19175,88466
2710,Picat-SAT,./experiments/mbkp-control/lps/3/3_17.lp,Sat,1.342665,0.5078539,10310,62424,241418
2711,SavileRow (GT),./experiments/mbssp-control/lps/3/072.lp,Timeout,,,,,
2711,SavileRow (GT),./experiments/mbkp-control/lps/3/4_17.lp,Sat,9.475409,0.46816182,62999,6197904,18559599
2712,SavileRow (SWC),./experiments/mbkp-control/lps/3/4_17.lp,Sat,3.8622618,0.6486565,867448,1701930,4221812
2712,SavileRow (SWC),./experiments/mbssp-control/lps/3/072.lp,Unknown,9.655625,,1363116,13831014,38900986
2713,SavileRow (BDD),./experiments/mbkp-control/lps/3/4_17.lp,Sat,3.221825,0.19783305,240872,467078,1162264
2713,SavileRow (BDD),./experiments/mbssp-control/lps/3/072.lp,Unknown,4.7370424,,277502,2683060,7478344
2714,SavileRow (GPW),./experiments/mbssp-control/lps/3/072.lp,Sat,1.1070274,26.005926,11413,42906,110219
2714,SavileRow (GPW),./experiments/mbkp-control/lps/3/4_17.lp,Sat,2.1488936,0.01976614,21754,116956,329112
2716,SavileRow (GMTO),./experiments/mbkp-control/lps/3/4_17.lp,Sat,2.056469,0.45709646,19831,42458,122553
2716,SavileRow (GMTO),./experiments/mbssp-control/lps/3/072.lp,Unknown,1.40694,,6376,23155,62922
2717,Fun-sCOP (),./experiments/mbssp-control/lps/3/072.lp,Unknown,9.630371,,695922,1952804,5723890
2717,Fun-sCOP (),./experiments/mbkp-control/lps/3/4_17.lp,Sat,5.496506,0.2561889,243305,698147,2066797
2720,Picat-SAT,./experiments/mbssp-control/lps/3/072.lp,Sat,0.5781782,1.4338281,2129,19543,90807
2720,Picat-SAT,./experiments/mbkp-control/lps/3/4_17.lp,Sat,1.3668914,0.078258984,10383,62907,242743
2721,SavileRow (GT),./experiments/mbssp-control/lps/3/073.lp,Timeout,,,,,
2721,SavileRow (GT),./experiments/mbkp-control/lps/3/1_18.lp,Sat,9.38617,0.27617967,62490,5884738,17620319
2722,SavileRow (SWC),./experiments/mbssp-control/lps/3/073.lp,Unknown,8.43731,,1318016,13385074,37654436
2722,SavileRow (SWC),./experiments/mbkp-control/lps/3/1_18.lp,Sat,3.376834,0.24913229,868428,1703844,4227053
2723,SavileRow (BDD),./experiments/mbssp-control/lps/3/073.lp,Unknown,4.8665524,,298148,2929607,8214876
2723,SavileRow (BDD),./experiments/mbkp-control/lps/3/1_18.lp,Sat,2.8594263,0.11346498,230082,446038,1110248
2724,SavileRow (GPW),./experiments/mbkp-control/lps/3/1_18.lp,Sat,2.0925863,0.056907207,21848,117744,331382
2724,SavileRow (GPW),./experiments/mbssp-control/lps/3/073.lp,Unknown,1.0069944,,11386,42934,110348
2726,SavileRow (GMTO),./experiments/mbssp-control/lps/3/073.lp,Unknown,2.0664265,,6382,23299,63216
2726,SavileRow (GMTO),./experiments/mbkp-control/lps/3/1_18.lp,Sat,1.9292779,1.2138822,19773,42732,123813
2727,Fun-sCOP (),./experiments/mbssp-control/lps/3/073.lp,Unknown,9.045877,,703944,1976912,5796444
2727,Fun-sCOP (),./experiments/mbkp-control/lps/3/1_18.lp,Sat,5.4905047,0.11488384,233384,668582,1979108
2730,Picat-SAT,./experiments/mbkp-control/lps/3/1_18.lp,Sat,1.4330313,0.05636621,10331,62237,239779
2730,Picat-SAT,./experiments/mbssp-control/lps/3/073.lp,Sat,0.6659391,1.703228,2139,19348,89836
2731,SavileRow (GT),./experiments/mbkp-control/lps/3/2_18.lp,Sat,8.772448,0.2937827,61909,5809603,17395131
2731,SavileRow (GT),./experiments/mbssp-control/lps/3/074.lp,Timeout,,,,,
2732,SavileRow (SWC),./experiments/mbssp-control/lps/3/074.lp,Unknown,8.975174,,1288536,13089614,36823786
2732,SavileRow (SWC),./experiments/mbkp-control/lps/3/2_18.lp,Sat,2.9103534,0.24839394,864802,1696739,4209412
2733,SavileRow (BDD),./experiments/mbkp-control/lps/3/2_18.lp,Sat,2.9636438,0.12602735,229232,443624,1103911
2733,SavileRow (BDD),./experiments/mbssp-control/lps/3/074.lp,Unknown,4.9447193,,315071,3113062,8746949
2734,SavileRow (GPW),./experiments/mbkp-control/lps/3/2_18.lp,Sat,2.0717742,0.024275564,21787,116996,329199
2734,SavileRow (GPW),./experiments/mbssp-control/lps/3/074.lp,Unknown,0.9980467,,11305,42423,108890
2736,SavileRow (GMTO),./experiments/mbkp-control/lps/3/2_18.lp,Sat,2.1846006,0.44836777,19843,42543,122923
2736,SavileRow (GMTO),./experiments/mbssp-control/lps/3/074.lp,Unknown,1.44686,,6322,23150,62634
2737,Fun-sCOP (),./experiments/mbkp-control/lps/3/2_18.lp,Sat,5.630611,0.12174296,230874,661268,1957281
2737,Fun-sCOP (),./experiments/mbssp-control/lps/3/074.lp,Unknown,8.944594,,740149,2081793,6107373
2740,Picat-SAT,./experiments/mbssp-control/lps/3/074.lp,Sat,0.7367416,2.6882873,2168,19901,92559
2740,Picat-SAT,./experiments/mbkp-control/lps/3/2_18.lp,Sat,1.3304124,0.03963725,10359,62397,241501
2741,SavileRow (GT),./experiments/mbssp-control/lps/3/075.lp,Timeout,,,,,
2741,SavileRow (GT),./experiments/mbkp-control/lps/3/3_18.lp,Sat,8.708515,0.39662817,62115,5840591,17488042
2742,SavileRow (SWC),./experiments/mbkp-control/lps/3/3_18.lp,Sat,3.5515823,0.33715275,875435,1717575,4261106
2742,SavileRow (SWC),./experiments/mbssp-control/lps/3/075.lp,Unknown,8.764145,,1441766,14627194,41147076
2743,SavileRow (BDD),./experiments/mbssp-control/lps/3/075.lp,Unknown,4.539464,,328652,3216450,9005526
2743,SavileRow (BDD),./experiments/mbkp-control/lps/3/3_18.lp,Sat,3.0020473,0.15402694,225561,436349,1085755
2744,SavileRow (GPW),./experiments/mbssp-control/lps/3/075.lp,Unknown,1.054807,,11680,44108,113370
2744,SavileRow (GPW),./experiments/mbkp-control/lps/3/3_18.lp,Sat,2.0623374,0.016580092,21844,117743,331383
2746,SavileRow (GMTO),./experiments/mbkp-control/lps/3/3_18.lp,Sat,2.0928943,0.4680485,19747,42620,123478
2746,SavileRow (GMTO),./experiments/mbssp-control/lps/3/075.lp,Unknown,1.4475784,,6440,23539,63703
2747,Fun-sCOP (),./experiments/mbssp-control/lps/3/075.lp,Unknown,8.907642,,717876,2011400,5892604
2747,Fun-sCOP (),./experiments/mbkp-control/lps/3/3_18.lp,Sat,5.3022385,0.2199383,227578,651170,1926827
2750,Picat-SAT,./experiments/mbssp-control/lps/3/075.lp,Sat,1.0640385,0.68103313,2171,20227,94638
2750,Picat-SAT,./experiments/mbkp-control/lps/3/3_18.lp,Sat,1.2977409,0.08257069,10310,62411,241371
2751,SavileRow (GT),./experiments/mbkp-control/lps/3/4_18.lp,Sat,10.099972,0.255782,63035,6083841,18217413
2751,SavileRow (GT),./experiments/mbssp-control/lps/3/076.lp,Timeout,,,,,
2752,SavileRow (SWC),./experiments/mbkp-control/lps/3/4_18.lp,Sat,3.8580725,0.24695025,880482,1727466,4285652
2752,SavileRow (SWC),./experiments/mbssp-control/lps/3/076.lp,Unknown,8.579007,,1409976,14310064,40253736
2753,SavileRow (BDD),./experiments/mbkp-control/lps/3/4_18.lp,Sat,3.221733,0.120394595,240169,465505,1158628
2753,SavileRow (BDD),./experiments/mbssp-control/lps/3/076.lp,Unknown,4.948904,,318588,3088029,8614242
2754,SavileRow (GPW),./experiments/mbssp-control/lps/3/076.lp,Unknown,1.1626096,,11377,42683,109556
2754,SavileRow (GPW),./experiments/mbkp-control/lps/3/4_18.lp,Sat,2.0282032,0.066126674,21752,116856,328814
2756,SavileRow (GMTO),./experiments/mbkp-control/lps/3/4_18.lp,Sat,2.2398553,0.4150884,19831,42461,122560
2756,SavileRow (GMTO),./experiments/mbssp-control/lps/3/076.lp,Unknown,1.3572654,,6434,23426,63591
2757,Fun-sCOP (),./experiments/mbssp-control/lps/3/076.lp,Unknown,8.764156,,763206,2143592,6285372
2757,Fun-sCOP (),./experiments/mbkp-control/lps/3/4_18.lp,Sat,5.357944,0.1287224,242626,695700,2059910
2760,Picat-SAT,./experiments/mbkp-control/lps/3/4_18.lp,Sat,1.2549448,0.44770083,10383,62896,242672
2760,Picat-SAT,./experiments/mbssp-control/lps/3/076.lp,Sat,0.711593,2.8479972,2189,19666,90745
2761,SavileRow (GT),./experiments/mbssp-control/lps/3/077.lp,Timeout,,,,,
2761,SavileRow (GT),./experiments/mbkp-control/lps/3/1_19.lp,Sat,8.752547,0.26057798,62490,5756450,17235456
2762,SavileRow (SWC),./experiments/mbkp-control/lps/3/1_19.lp,Sat,3.878844,0.29973054,881070,1728612,4288973
2762,SavileRow (SWC),./experiments/mbssp-control/lps/3/077.lp,Unknown,7.964421,,1353876,13747414,38668046
2763,SavileRow (BDD),./experiments/mbkp-control/lps/3/1_19.lp,Sat,2.7375968,0.12628992,229356,444363,1106367
2763,SavileRow (BDD),./experiments/mbssp-control/lps/3/077.lp,Unknown,5.23755,,290980,2846705,7969531
2764,SavileRow (GPW),./experiments/mbssp-control/lps/3/077.lp,Unknown,1.0928695,,11325,42506,109035
2764,SavileRow (GPW),./experiments/mbkp-control/lps/3/1_19.lp,Sat,2.181955,0.0637316,21838,117505,330675
2766,SavileRow (GMTO),./experiments/mbssp-control/lps/3/077.lp,Unknown,1.5278517,,6364,23436,63629
2766,SavileRow (GMTO),./experiments/mbkp-control/lps/3/1_19.lp,Sat,2.0520248,0.8723224,19773,42734,123849
2767,Fun-sCOP (),./experiments/mbkp-control/lps/3/1_19.lp,Sat,5.0152044,0.10990216,232629,665899,1971479
2767,Fun-sCOP (),./experiments/mbssp-control/lps/3/077.lp,Unknown,8.061687,,696544,1954384,5728482
2770,Picat-SAT,./experiments/mbssp-control/lps/3/077.lp,Sat,0.6129722,4.5056834,2156,19721,91731
2770,Picat-SAT,./experiments/mbkp-control/lps/3/1_19.lp,Sat,1.2902792,0.06306488,10331,62224,239762
2771,SavileRow (GT),./experiments/mbssp-control/lps/3/078.lp,Timeout,,,,,
2771,SavileRow (GT),./experiments/mbkp-control/lps/3/2_19.lp,Sat,8.754272,0.28213972,61944,5701812,17071758
2772,SavileRow (SWC),./experiments/mbssp-control/lps/3/078.lp,Unknown,8.406443,,1343206,13628614,38343456
2772,SavileRow (SWC),./experiments/mbkp-control/lps/3/2_19.lp,Sat,3.9429448,0.26241255,877591,1721795,4272052
2773,SavileRow (BDD),./experiments/mbssp-control/lps/3/078.lp,Unknown,5.1578617,,308931,3063601,8619778
2773,SavileRow (BDD),./experiments/mbkp-control/lps/3/2_19.lp,Sat,2.9056168,0.09650675,228398,441754,1099578
2774,SavileRow (GPW),./experiments/mbssp-control/lps/3/078.lp,Unknown,1.0819136,,11331,42614,109463
2774,SavileRow (GPW),./experiments/mbkp-control/lps/3/2_19.lp,Sat,2.1712031,0.010123464,21789,117031,329302
2776,SavileRow (GMTO),./experiments/mbssp-control/lps/3/078.lp,Unknown,1.4302874,,6370,23027,62519
2776,SavileRow (GMTO),./experiments/mbkp-control/lps/3/2_19.lp,Sat,2.2374768,0.46070445,19843,42539,122934
2777,Fun-sCOP (),./experiments/mbkp-control/lps/3/2_19.lp,Sat,5.0759983,0.13545905,230056,658386,1949109
2777,Fun-sCOP (),./experiments/mbssp-control/lps/3/078.lp,Unknown,8.814897,,711959,2001423,5870637
2780,Picat-SAT,./experiments/mbkp-control/lps/3/2_19.lp,Sat,1.3562787,0.039604995,10359,62400,241556
2780,Picat-SAT,./experiments/mbssp-control/lps/3/078.lp,Sat,0.68979484,1.38397,2192,19336,89009
2781,SavileRow (GT),./experiments/mbkp-control/lps/3/3_19.lp,Sat,8.735216,0.35493135,62138,5725131,17141665
2781,SavileRow (GT),./experiments/mbssp-control/lps/3/079.lp,Timeout,,,,,
2782,SavileRow (SWC),./experiments/mbkp-control/lps/3/3_19.lp,Sat,3.1085021,0.37086794,888273,1742727,4323986
2782,SavileRow (SWC),./experiments/mbssp-control/lps/3/079.lp,Unknown,7.7967353,,1238156,12583064,35404936
2783,SavileRow (BDD),./experiments/mbkp-control/lps/3/3_19.lp,Sat,2.8243465,0.15561932,224761,434534,1081569
2783,SavileRow (BDD),./experiments/mbssp-control/lps/3/079.lp,Unknown,4.6979146,,264658,2576125,7197328
2784,SavileRow (GPW),./experiments/mbkp-control/lps/3/3_19.lp,Sat,2.0340683,0.011038496,21843,117743,331384
2784,SavileRow (GPW),./experiments/mbssp-control/lps/3/079.lp,Unknown,1.175857,,11204,42033,107767
2786,SavileRow (GMTO),./experiments/mbssp-control/lps/3/079.lp,Sat,1.4177945,10.332182,6319,23213,62753
2786,SavileRow (GMTO),./experiments/mbkp-control/lps/3/3_19.lp,Sat,2.0029433,0.46883798,19747,42612,123481
2787,Fun-sCOP (),./experiments/mbkp-control/lps/3/3_19.lp,Sat,5.201131,0.22108419,226776,648330,1918803
2787,Fun-sCOP (),./experiments/mbssp-control/lps/3/079.lp,Unknown,8.819852,,696405,1952409,5721013
2790,Picat-SAT,./experiments/mbssp-control/lps/3/079.lp,Sat,0.6613242,0.6538497,2107,18883,87371
2790,Picat-SAT,./experiments/mbkp-control/lps/3/3_19.lp,Sat,1.1699145,0.091679886,10310,62415,241448
2791,SavileRow (GT),./experiments/mbssp-control/lps/3/080.lp,Timeout,,,,,
2791,SavileRow (GT),./experiments/mbkp-control/lps/3/4_19.lp,Sat,9.555027,0.3186014,63060,5966850,17866441
2792,SavileRow (SWC),./experiments/mbkp-control/lps/3/4_19.lp,Sat,3.6403503,0.25139678,893320,1752618,4348532
2792,SavileRow (SWC),./experiments/mbssp-control/lps/3/080.lp,Unknown,7.7168055,,1225396,12458984,35050346
2793,SavileRow (BDD),./experiments/mbkp-control/lps/3/4_19.lp,Sat,2.8003154,0.106040835,239305,463574,1154113
2793,SavileRow (BDD),./experiments/mbssp-control/lps/3/080.lp,Unknown,4.80198,,274632,2672975,7468638
2794,SavileRow (GPW),./experiments/mbkp-control/lps/3/4_19.lp,Sat,2.0234852,0.023998989,21747,116746,328489
2794,SavileRow (GPW),./experiments/mbssp-control/lps/3/080.lp,Unknown,1.5704565,,11101,41579,106688
2796,SavileRow (GMTO),./experiments/mbssp-control/lps/3/080.lp,Unknown,1.3440465,,6300,22953,62283
2796,SavileRow (GMTO),./experiments/mbkp-control/lps/3/4_19.lp,Sat,2.0472085,1.2269777,19831,42451,122549
2797,Fun-sCOP (),./experiments/mbkp-control/lps/3/4_19.lp,Sat,5.3390603,0.12984118,241752,692672,2051268
2797,Fun-sCOP (),./experiments/mbssp-control/lps/3/080.lp,Unknown,9.446105,,695763,1953461,5727117
2800,Picat-SAT,./experiments/mbkp-control/lps/3/4_19.lp,Sat,1.511163,0.029510787,10383,62891,242735
2800,Picat-SAT,./experiments/mbssp-control/lps/3/080.lp,Sat,0.568449,3.489092,2146,19233,88822
2801,SavileRow (GT),./experiments/mbssp-control/lps/3/081.lp,Timeout,,,,,
2801,SavileRow (GT),./experiments/mbkp-control/lps/3/1_20.lp,Sat,10.080831,0.25996396,62490,5628431,16851399
2802,SavileRow (SWC),./experiments/mbkp-control/lps/3/1_20.lp,Sat,3.0114553,0.25989494,893859,1753668,4351613
2802,SavileRow (SWC),./experiments/mbssp-control/lps/3/081.lp,Unknown,7.905428,,1309326,13292894,37399326
2803,SavileRow (BDD),./experiments/mbssp-control/lps/3/081.lp,Unknown,3.989946,,284170,2763936,7720314
2803,SavileRow (BDD),./experiments/mbkp-control/lps/3/1_20.lp,Sat,3.2556481,0.09532177,228394,442277,1101454
2804,SavileRow (GPW),./experiments/mbkp-control/lps/3/1_20.lp,Sat,2.0006647,0.01397598,21848,117731,331343
2804,SavileRow (GPW),./experiments/mbssp-control/lps/3/081.lp,Unknown,1.005579,,11187,41790,107233
2806,SavileRow (GMTO),./experiments/mbssp-control/lps/3/081.lp,Unknown,1.4069861,,6318,22856,61900
2806,SavileRow (GMTO),./experiments/mbkp-control/lps/3/1_20.lp,Sat,2.175365,0.47902337,19773,42728,123840
2807,Fun-sCOP (),./experiments/mbssp-control/lps/3/081.lp,Unknown,7.959745,,661922,1859006,5450868
2807,Fun-sCOP (),./experiments/mbkp-control/lps/3/1_20.lp,Sat,5.493705,0.14590509,231694,662698,1962336
2810,Picat-SAT,./experiments/mbkp-control/lps/3/1_20.lp,Sat,1.196518,0.27134794,10331,62226,239804
2810,Picat-SAT,./experiments/mbssp-control/lps/3/081.lp,Sat,0.5937579,3.3645175,2192,19526,89911
2811,SavileRow (GT),./experiments/mbssp-control/lps/3/082.lp,Timeout,,,,,
2811,SavileRow (GT),./experiments/mbkp-control/lps/3/2_20.lp,Sat,8.711731,0.26633927,61964,5589502,16734828
2812,SavileRow (SWC),./experiments/mbkp-control/lps/3/2_20.lp,Sat,4.2873588,0.23876005,890184,1746467,4333732
2812,SavileRow (SWC),./experiments/mbssp-control/lps/3/082.lp,Unknown,7.733779,,1217476,12382094,34843596
2813,SavileRow (BDD),./experiments/mbkp-control/lps/3/2_20.lp,Sat,3.065605,0.119498566,227563,439877,1095202
2813,SavileRow (BDD),./experiments/mbssp-control/lps/3/082.lp,Unknown,4.0893116,,254113,2499021,7008970
2814,SavileRow (GPW),./experiments/mbkp-control/lps/3/2_20.lp,Sat,2.3464608,0.04356786,21790,117132,329604
2814,SavileRow (GPW),./experiments/mbssp-control/lps/3/082.lp,Unknown,1.0599658,,11327,42719,109754
2816,SavileRow (GMTO),./experiments/mbkp-control/lps/3/2_20.lp,Sat,2.241591,0.36568722,19843,42548,122973
2816,SavileRow (GMTO),./experiments/mbssp-control/lps/3/082.lp,Sat,1.7062596,45.557983,6296,23043,62546
2817,Fun-sCOP (),./experiments/mbkp-control/lps/3/2_20.lp,Sat,5.0812974,0.14717957,229225,655471,1940790
2817,Fun-sCOP (),./experiments/mbssp-control/lps/3/082.lp,Sat,6.939007,46.65794,541067,1513817,4432733
2820,Picat-SAT,./experiments/mbkp-control/lps/3/2_20.lp,Sat,1.2404418,0.03967558,10359,62408,241604
2820,Picat-SAT,./experiments/mbssp-control/lps/3/082.lp,Sat,0.5962012,0.6897323,2127,19477,90689
2821,SavileRow (GT),./experiments/mbssp-control/lps/3/083.lp,Timeout,,,,,
2821,SavileRow (GT),./experiments/mbkp-control/lps/3/3_20.lp,Sat,8.932294,0.29504952,62139,5600132,16766670
2822,SavileRow (SWC),./experiments/mbkp-control/lps/3/3_20.lp,Sat,3.929131,0.3368723,901160,1767975,4387106
2822,SavileRow (SWC),./experiments/mbssp-control/lps/3/083.lp,Unknown,8.875831,,1414706,14345264,40344036
2823,SavileRow (BDD),./experiments/mbssp-control/lps/3/083.lp,Unknown,4.755356,,339482,3343285,9381393
2823,SavileRow (BDD),./experiments/mbkp-control/lps/3/3_20.lp,Sat,2.6194801,0.14461815,223934,432679,1077253
2824,SavileRow (GPW),./experiments/mbkp-control/lps/3/3_20.lp,Sat,1.9344009,0.019228663,21834,117538,330778
2824,SavileRow (GPW),./experiments/mbssp-control/lps/3/083.lp,Unknown,1.0010968,,11392,42830,109978
2826,SavileRow (GMTO),./experiments/mbssp-control/lps/3/083.lp,Unknown,1.4693967,,6414,23238,62919
2826,SavileRow (GMTO),./experiments/mbkp-control/lps/3/3_20.lp,Sat,2.1846714,0.42288005,19747,42607,123482
2827,Fun-sCOP (),./experiments/mbssp-control/lps/3/083.lp,Unknown,8.397373,,701999,1971437,5780369
2827,Fun-sCOP (),./experiments/mbkp-control/lps/3/3_20.lp,Sat,5.2621956,0.21744098,225958,645460,1910631
2830,Picat-SAT,./experiments/mbssp-control/lps/3/083.lp,Sat,0.6332649,0.98156697,2213,19830,91537
2830,Picat-SAT,./experiments/mbkp-control/lps/3/3_20.lp,Sat,1.525214,0.266918,10310,62399,241428
2831,SavileRow (GT),./experiments/mbkp-control/lps/3/4_20.lp,Sat,10.005897,0.32839367,63076,5845121,17501256
2831,SavileRow (GT),./experiments/mbssp-control/lps/3/084.lp,Timeout,,,,,
2832,SavileRow (SWC),./experiments/mbssp-control/lps/3/084.lp,Unknown,7.8204384,,1250806,12709344,35753576
2832,SavileRow (SWC),./experiments/mbkp-control/lps/3/4_20.lp,Sat,4.4661884,0.29779658,906305,1778058,4412132
2833,SavileRow (BDD),./experiments/mbssp-control/lps/3/084.lp,Unknown,4.918933,,279892,2729466,7630986
2833,SavileRow (BDD),./experiments/mbkp-control/lps/3/4_20.lp,Sat,3.0484385,0.12172135,238343,461414,1149053
2834,SavileRow (GPW),./experiments/mbkp-control/lps/3/4_20.lp,Sat,2.0239513,0.017171988,21749,116832,328745
2834,SavileRow (GPW),./experiments/mbssp-control/lps/3/084.lp,Unknown,0.9603281,,10963,40900,104917
2836,SavileRow (GMTO),./experiments/mbkp-control/lps/3/4_20.lp,Sat,2.1865935,0.57423526,19831,42444,122508
2836,SavileRow (GMTO),./experiments/mbssp-control/lps/3/084.lp,Unknown,1.4001917,,6286,22686,61596
2837,Fun-sCOP (),./experiments/mbkp-control/lps/3/4_20.lp,Sat,5.6252694,0.122097194,240766,689258,2041502
2837,Fun-sCOP (),./experiments/mbssp-control/lps/3/084.lp,Unknown,8.364734,,643239,1801717,5277745
2840,Picat-SAT,./experiments/mbkp-control/lps/3/4_20.lp,Sat,1.5922815,0.04685158,10383,62881,242685
2840,Picat-SAT,./experiments/mbssp-control/lps/3/084.lp,Sat,0.81122977,1.5978622,2132,19052,87854
2841,SavileRow (GT),./experiments/mbkp-control/lps/3/1_21.lp,Sat,8.595046,0.2672877,62490,5502195,16472691
2841,SavileRow (GT),./experiments/mbssp-control/lps/3/085.lp,Timeout,,,,,
2842,SavileRow (SWC),./experiments/mbssp-control/lps/3/085.lp,Unknown,7.249359,,1165015,11626106,32684276
2842,SavileRow (SWC),./experiments/mbkp-control/lps/3/1_21.lp,Sat,3.801733,0.28588516,906599,1778628,4414013
2843,SavileRow (BDD),./experiments/mbkp-control/lps/3/1_21.lp,Sat,2.6756248,0.105619214,227271,439856,1095708
2843,SavileRow (BDD),./experiments/mbssp-control/lps/3/085.lp,Unknown,3.714824,,206622,1950029,5408114
2844,SavileRow (GPW),./experiments/mbssp-control/lps/3/085.lp,Sat,1.5608879,27.543283,10998,40920,104968
2844,SavileRow (GPW),./experiments/mbkp-control/lps/3/1_21.lp,Sat,2.0247726,0.068252355,21828,117279,330007
2846,SavileRow (GMTO),./experiments/mbssp-control/lps/3/085.lp,Sat,1.5778139,15.839147,6230,22476,60921
2846,SavileRow (GMTO),./experiments/mbkp-control/lps/3/1_21.lp,Sat,2.1756027,0.40858233,19773,42719,123796
2847,Fun-sCOP (),./experiments/mbkp-control/lps/3/1_21.lp,Sat,5.2416987,0.11778485,230575,658951,1951565
2847,Fun-sCOP (),./experiments/mbssp-control/lps/3/085.lp,Unknown,6.5868397,,470116,1306564,3816380
2850,Picat-SAT,./experiments/mbkp-control/lps/3/1_21.lp,Sat,1.1838431,0.08304217,10331,62206,239720
2850,Picat-SAT,./experiments/mbssp-control/lps/3/085.lp,Sat,0.72195905,0.6243574,2076,18551,85621
2851,SavileRow (GT),./experiments/mbkp-control/lps/3/2_21.lp,Sat,8.576933,0.33779767,61973,5469676,16375352
2851,SavileRow (GT),./experiments/mbssp-control/lps/3/086.lp,Timeout,,,,,
2852,SavileRow (SWC),./experiments/mbssp-control/lps/3/086.lp,Unknown,8.036801,,1297116,13181574,37084056
2852,SavileRow (SWC),./experiments/mbkp-control/lps/3/2_21.lp,Sat,3.2016497,0.2690715,903120,1771811,4397092
2853,SavileRow (BDD),./experiments/mbssp-control/lps/3/086.lp,Unknown,4.7005296,,267630,2601459,7265877
2853,SavileRow (BDD),./experiments/mbkp-control/lps/3/2_21.lp,Sat,3.031604,0.104769185,226485,437536,1089632
2854,SavileRow (GPW),./experiments/mbkp-control/lps/3/2_21.lp,Sat,2.0470495,0.012546418,21780,116816,328666
2854,SavileRow (GPW),./experiments/mbssp-control/lps/3/086.lp,Unknown,1.1281161,,11366,42771,109831
2856,SavileRow (GMTO),./experiments/mbssp-control/lps/3/086.lp,Unknown,1.3501806,,6366,23181,62784
2856,SavileRow (GMTO),./experiments/mbkp-control/lps/3/2_21.lp,Sat,2.046868,1.0322732,19843,42531,122918
2857,Fun-sCOP (),./experiments/mbssp-control/lps/3/086.lp,Unknown,7.9400845,,648699,1816043,5318707
2857,Fun-sCOP (),./experiments/mbkp-control/lps/3/2_21.lp,Sat,5.30521,0.15826575,228124,651786,1930173
2860,Picat-SAT,./experiments/mbssp-control/lps/3/086.lp,Sat,0.70972085,0.6995625,2122,19115,88512
2860,Picat-SAT,./experiments/mbkp-control/lps/3/2_21.lp,Sat,1.2151566,0.039904214,10359,62374,241462
2861,SavileRow (GT),./experiments/mbssp-control/lps/3/087.lp,Timeout,,,,,
2861,SavileRow (GT),./experiments/mbkp-control/lps/3/3_21.lp,Sat,9.12999,0.32070225,62139,5476009,16394301
2862,SavileRow (SWC),./experiments/mbkp-control/lps/3/3_21.lp,Sat,4.344164,0.30607724,914096,1793319,4450466
2862,SavileRow (SWC),./experiments/mbssp-control/lps/3/087.lp,Unknown,7.867881,,1306026,13259784,37298046
2863,SavileRow (BDD),./experiments/mbssp-control/lps/3/087.lp,Unknown,4.0875373,,287068,2798156,7822759
2863,SavileRow (BDD),./experiments/mbkp-control/lps/3/3_21.lp,Sat,3.8331704,0.13492298,222854,430366,1071731
2864,SavileRow (GPW),./experiments/mbkp-control/lps/3/3_21.lp,Sat,2.2960107,0.13760515,21834,117504,330676
2864,SavileRow (GPW),./experiments/mbssp-control/lps/3/087.lp,Unknown,1.2964083,,11441,43262,111181
2866,SavileRow (GMTO),./experiments/mbssp-control/lps/3/087.lp,Unknown,1.9266802,,6330,23382,63586
2866,SavileRow (GMTO),./experiments/mbkp-control/lps/3/3_21.lp,Sat,1.9796236,0.37662506,19793,42644,123480
2867,Fun-sCOP (),./experiments/mbssp-control/lps/3/087.lp,Unknown,8.592928,,700949,1969555,5775909
2867,Fun-sCOP (),./experiments/mbkp-control/lps/3/3_21.lp,Sat,5.349692,0.17417924,224875,641855,1900240
2870,Picat-SAT,./experiments/mbssp-control/lps/3/087.lp,Sat,0.78631735,2.092767,2184,19853,91882
2870,Picat-SAT,./experiments/mbkp-control/lps/3/3_21.lp,Sat,1.3936529,0.068851516,10310,62402,241399
2871,SavileRow (GT),./experiments/mbkp-control/lps/3/4_21.lp,Sat,10.461448,0.34672022,63079,5718530,17121483
2871,SavileRow (GT),./experiments/mbssp-control/lps/3/088.lp,Timeout,,,,,
2872,SavileRow (SWC),./experiments/mbssp-control/lps/3/088.lp,Unknown,7.505358,,1245086,12656764,35612256
2872,SavileRow (SWC),./experiments/mbkp-control/lps/3/4_21.lp,Sat,3.4021842,0.3293753,919241,1803402,4475492
2873,SavileRow (BDD),./experiments/mbkp-control/lps/3/4_21.lp,Sat,3.0113986,0.14820342,237254,459060,1143491
2873,SavileRow (BDD),./experiments/mbssp-control/lps/3/088.lp,Unknown,4.9126253,,303646,3001697,8434668
2874,SavileRow (GPW),./experiments/mbkp-control/lps/3/4_21.lp,Sat,1.9670709,0.014065057,21750,116781,328591
2874,SavileRow (GPW),./experiments/mbssp-control/lps/3/088.lp,Unknown,1.0856091,,11398,42876,110158
2876,SavileRow (GMTO),./experiments/mbkp-control/lps/3/4_21.lp,Sat,2.2897303,0.4189359,19831,42458,122559
2876,SavileRow (GMTO),./experiments/mbssp-control/lps/3/088.lp,Unknown,1.5144205,,6346,23169,62856
2877,Fun-sCOP (),./experiments/mbssp-control/lps/3/088.lp,Unknown,8.763227,,742944,2090186,6132636
2877,Fun-sCOP (),./experiments/mbkp-control/lps/3/4_21.lp,Sat,5.3871326,0.16325396,239707,685663,2031193
2880,Picat-SAT,./experiments/mbkp-control/lps/3/4_21.lp,Sat,1.399948,0.059290368,10383,62912,242761
2880,Picat-SAT,./experiments/mbssp-control/lps/3/088.lp,Sat,0.67206573,0.8875617,2146,19267,89241
2881,SavileRow (GT),./experiments/mbkp-control/lps/3/1_22.lp,Sat,8.92128,0.33362684,62490,5376710,16096236
2881,SavileRow (GT),./experiments/mbssp-control/lps/3/089.lp,Timeout,,,,,
2882,SavileRow (SWC),./experiments/mbssp-control/lps/3/089.lp,Unknown,8.340427,,1421196,14422814,40565506
2882,SavileRow (SWC),./experiments/mbkp-control/lps/3/1_22.lp,Sat,4.1015787,0.34709725,919486,1803876,4477133
2883,SavileRow (BDD),./experiments/mbssp-control/lps/3/089.lp,Unknown,5.523145,,332477,3232754,9029103
2883,SavileRow (BDD),./experiments/mbkp-control/lps/3/1_22.lp,Sat,3.1758358,0.1360412,226130,437346,1089763
2884,SavileRow (GPW),./experiments/mbssp-control/lps/3/089.lp,Unknown,1.1006273,,11699,44254,113719
2884,SavileRow (GPW),./experiments/mbkp-control/lps/3/1_22.lp,Sat,2.167226,0.042210612,21851,117774,331469
2886,SavileRow (GMTO),./experiments/mbssp-control/lps/3/089.lp,Unknown,1.4624422,,6498,23996,64971
2886,SavileRow (GMTO),./experiments/mbkp-control/lps/3/1_22.lp,Sat,2.3390226,0.43937427,19819,42768,123870
2887,Fun-sCOP (),./experiments/mbkp-control/lps/3/1_22.lp,Sat,5.4434714,0.16581291,229409,655023,1940237
2887,Fun-sCOP (),./experiments/mbssp-control/lps/3/089.lp,Unknown,10.533385,,717702,2013276,5900620
2890,Picat-SAT,./experiments/mbkp-control/lps/3/1_22.lp,Sat,1.2753013,0.031496502,10331,62247,239887
2890,Picat-SAT,./experiments/mbssp-control/lps/3/089.lp,Sat,0.6838058,2.6202807,2258,20167,92894
2891,SavileRow (GT),./experiments/mbssp-control/lps/3/090.lp,Timeout,,,,,
2891,SavileRow (GT),./experiments/mbkp-control/lps/3/2_22.lp,Sat,8.623007,0.26634553,61975,5350259,16017101
2892,SavileRow (SWC),./experiments/mbssp-control/lps/3/090.lp,Unknown,8.054488,,1216596,12367904,34789286
2892,SavileRow (SWC),./experiments/mbkp-control/lps/3/2_22.lp,Sat,4.0746307,0.31489035,915811,1796675,4459252
2893,SavileRow (BDD),./experiments/mbkp-control/lps/3/2_22.lp,Sat,2.9775758,0.098946385,225209,434804,1083143
2893,SavileRow (BDD),./experiments/mbssp-control/lps/3/090.lp,Unknown,4.6967044,,253037,2409818,6678316
2894,SavileRow (GPW),./experiments/mbssp-control/lps/3/090.lp,Sat,1.0462031,24.106447,10564,38805,99147
2894,SavileRow (GPW),./experiments/mbkp-control/lps/3/2_22.lp,Sat,2.1759923,0.015710805,21785,116941,329036
2896,SavileRow (GMTO),./experiments/mbkp-control/lps/3/2_22.lp,Sat,2.224241,0.35400942,19843,42542,122942
2896,SavileRow (GMTO),./experiments/mbssp-control/lps/3/090.lp,Unknown,1.346678,,6199,22208,60135
2897,Fun-sCOP (),./experiments/mbkp-control/lps/3/2_22.lp,Sat,5.6056347,0.16231075,226861,647617,1918162
2897,Fun-sCOP (),./experiments/mbssp-control/lps/3/090.lp,Unknown,8.667852,,642650,1798548,5266658
2900,Picat-SAT,./experiments/mbkp-control/lps/3/2_22.lp,Sat,1.2490035,0.033806432,10359,62401,241540
2900,Picat-SAT,./experiments/mbssp-control/lps/3/090.lp,Sat,0.6810621,0.6801257,2034,18062,83355
2901,SavileRow (GT),./experiments/mbssp-control/lps/3/091.lp,Timeout,,,,,
2901,SavileRow (GT),./experiments/mbkp-control/lps/3/3_22.lp,Sat,9.243486,0.31305635,62141,5353847,16027815
2902,SavileRow (SWC),./experiments/mbkp-control/lps/3/3_22.lp,Sat,3.774643,0.29898342,927081,1818759,4514066
2902,SavileRow (SWC),./experiments/mbssp-control/lps/3/091.lp,Unknown,8.472369,,1219896,12397164,34879456
2903,SavileRow (BDD),./experiments/mbkp-control/lps/3/3_22.lp,Sat,3.797544,0.149941,221622,427695,1065397
2903,SavileRow (BDD),./experiments/mbssp-control/lps/3/091.lp,Unknown,4.280758,,242045,2355687,6582715
2904,SavileRow (GPW),./experiments/mbkp-control/lps/3/3_22.lp,Sat,1.9917657,0.01606076,21851,117955,332012
2904,SavileRow (GPW),./experiments/mbssp-control/lps/3/091.lp,Unknown,1.2294651,,11155,41864,107475
2906,SavileRow (GMTO),./experiments/mbssp-control/lps/3/091.lp,Unknown,1.380687,,6314,23035,62523
2906,SavileRow (GMTO),./experiments/mbkp-control/lps/3/3_22.lp,Sat,2.3666236,0.4563139,19793,42653,123521
2907,Fun-sCOP (),./experiments/mbssp-control/lps/3/091.lp,Unknown,8.035999,,594358,1660748,4860554
2907,Fun-sCOP (),./experiments/mbkp-control/lps/3/3_22.lp,Sat,4.8696475,0.16728175,223631,637721,1888330
2910,Picat-SAT,./experiments/mbssp-control/lps/3/091.lp,Sat,0.77438307,1.2871239,2112,18869,87079
2910,Picat-SAT,./experiments/mbkp-control/lps/3/3_22.lp,Sat,1.3763571,0.05766647,10310,62401,241443
2911,SavileRow (GT),./experiments/mbssp-control/lps/3/092.lp,Timeout,,,,,
2911,SavileRow (GT),./experiments/mbkp-control/lps/3/4_22.lp,Sat,10.03707,0.386107,63079,5592075,16742119
2912,SavileRow (SWC),./experiments/mbssp-control/lps/3/092.lp,Unknown,8.485173,,1242666,12623104,35515016
2912,SavileRow (SWC),./experiments/mbkp-control/lps/3/4_22.lp,Sat,3.1146934,0.27091473,932177,1828746,4538852
2913,SavileRow (BDD),./experiments/mbkp-control/lps/3/4_22.lp,Sat,2.722356,0.12722945,235990,456348,1137008
2913,SavileRow (BDD),./experiments/mbssp-control/lps/3/092.lp,Unknown,4.7638655,,277248,2744920,7718738
2914,SavileRow (GPW),./experiments/mbssp-control/lps/3/092.lp,Unknown,1.0823777,,11164,41770,107202
2914,SavileRow (GPW),./experiments/mbkp-control/lps/3/4_22.lp,Sat,2.1306589,0.054968935,21758,116998,329234
2916,SavileRow (GMTO),./experiments/mbkp-control/lps/3/4_22.lp,Sat,2.2651284,0.46011043,19877,42497,122612
2916,SavileRow (GMTO),./experiments/mbssp-control/lps/3/092.lp,Unknown,1.4681325,,6334,22970,62148
2917,Fun-sCOP (),./experiments/mbssp-control/lps/3/092.lp,Unknown,7.8199244,,576245,1612615,4722497
2917,Fun-sCOP (),./experiments/mbkp-control/lps/3/4_22.lp,Sat,5.8924847,0.17582731,238422,681438,2018972
2920,Picat-SAT,./experiments/mbssp-control/lps/3/092.lp,Sat,0.7249592,2.0206215,2106,18838,87500
2920,Picat-SAT,./experiments/mbkp-control/lps/3/4_22.lp,Sat,1.5394816,0.06944141,10383,62934,242903
2921,SavileRow (GT),./experiments/mbkp-control/lps/3/1_23.lp,Sat,9.91551,0.31314495,62490,5253933,15727905
2921,SavileRow (GT),./experiments/mbssp-control/lps/3/093.lp,Timeout,,,,,
2922,SavileRow (SWC),./experiments/mbkp-control/lps/3/1_23.lp,Sat,3.4248383,0.33405358,932324,1829028,4540013
2922,SavileRow (SWC),./experiments/mbssp-control/lps/3/093.lp,Unknown,8.628714,,1325936,13461854,37865146
2923,SavileRow (BDD),./experiments/mbkp-control/lps/3/1_23.lp,Sat,3.0232134,0.1308515,224826,434567,1083114
2923,SavileRow (BDD),./experiments/mbssp-control/lps/3/093.lp,Unknown,5.1625237,,301479,2935431,8202833
2924,SavileRow (GPW),./experiments/mbssp-control/lps/3/093.lp,Unknown,1.2625749,,11440,43181,110913
2924,SavileRow (GPW),./experiments/mbkp-control/lps/3/1_23.lp,Sat,2.1193223,0.01580922,21843,117623,331024
2926,SavileRow (GMTO),./experiments/mbssp-control/lps/3/093.lp,Unknown,1.4340048,,6382,23232,62939
2926,SavileRow (GMTO),./experiments/mbkp-control/lps/3/1_23.lp,Sat,2.4575856,0.57885176,19819,42772,123892
2927,Fun-sCOP (),./experiments/mbssp-control/lps/3/093.lp,Unknown,8.716442,,747620,2099374,6155208
2927,Fun-sCOP (),./experiments/mbkp-control/lps/3/1_23.lp,Sat,5.498133,0.117767565,228109,650745,1927857
2930,Picat-SAT,./experiments/mbkp-control/lps/3/1_23.lp,Sat,1.2657727,0.026346738,10331,62240,239880
2930,Picat-SAT,./experiments/mbssp-control/lps/3/093.lp,Sat,0.671521,0.8404743,2154,19599,91023
2931,SavileRow (GT),./experiments/mbkp-control/lps/3/2_23.lp,Sat,9.027035,0.37057146,61975,5231244,15660057
2931,SavileRow (GT),./experiments/mbssp-control/lps/3/094.lp,Timeout,,,,,
2932,SavileRow (SWC),./experiments/mbssp-control/lps/3/094.lp,Unknown,8.014012,,1271706,12930004,36372796
2932,SavileRow (SWC),./experiments/mbkp-control/lps/3/2_23.lp,Sat,3.1163864,0.3054194,928502,1821539,4521412
2933,SavileRow (BDD),./experiments/mbssp-control/lps/3/094.lp,Unknown,4.663813,,229025,2177705,6032536
2933,SavileRow (BDD),./experiments/mbkp-control/lps/3/2_23.lp,Sat,3.2255325,0.09382176,223927,432038,1076570
2934,SavileRow (GPW),./experiments/mbkp-control/lps/3/2_23.lp,Sat,2.0358179,0.010581751,21782,116916,328964
2934,SavileRow (GPW),./experiments/mbssp-control/lps/3/094.lp,Sat,0.97099245,27.496695,11127,41628,106813
2936,SavileRow (GMTO),./experiments/mbssp-control/lps/3/094.lp,Unknown,1.4084611,,6291,22730,61566
2936,SavileRow (GMTO),./experiments/mbkp-control/lps/3/2_23.lp,Sat,2.0179007,0.35347885,19843,42530,122920
2937,Fun-sCOP (),./experiments/mbssp-control/lps/3/094.lp,Unknown,8.558816,,751296,2110996,6190554
2937,Fun-sCOP (),./experiments/mbkp-control/lps/3/2_23.lp,Sat,5.764872,0.106270224,225595,643389,1905954
2940,Picat-SAT,./experiments/mbssp-control/lps/3/094.lp,Sat,0.60570496,1.9996465,2141,19264,89048
2940,Picat-SAT,./experiments/mbkp-control/lps/3/2_23.lp,Sat,1.2462282,0.05490067,10359,62404,241613
2941,SavileRow (GT),./experiments/mbkp-control/lps/3/3_23.lp,Sat,9.159252,0.3690368,62147,5236705,15676390
2941,SavileRow (GT),./experiments/mbssp-control/lps/3/095.lp,Timeout,,,,,
2942,SavileRow (SWC),./experiments/mbkp-control/lps/3/3_23.lp,Sat,3.5215359,0.36749694,939919,1843911,4576946
2942,SavileRow (SWC),./experiments/mbssp-control/lps/3/095.lp,Unknown,7.806034,,1250366,12702854,35731536
2943,SavileRow (BDD),./experiments/mbkp-control/lps/3/3_23.lp,Sat,2.6501946,0.13220942,220383,425001,1059007
2943,SavileRow (BDD),./experiments/mbssp-control/lps/3/095.lp,Unknown,6.002527,,293960,2860614,7992076
2944,SavileRow (GPW),./experiments/mbssp-control/lps/3/095.lp,Unknown,1.0661135,,11153,41738,106983
2944,SavileRow (GPW),./experiments/mbkp-control/lps/3/3_23.lp,Sat,2.026291,0.05647512,21833,117511,330698
2946,SavileRow (GMTO),./experiments/mbssp-control/lps/3/095.lp,Unknown,1.3749653,,6290,22754,61776
2946,SavileRow (GMTO),./experiments/mbkp-control/lps/3/3_23.lp,Sat,2.2224061,0.4746452,19793,42642,123511
2947,Fun-sCOP (),./experiments/mbkp-control/lps/3/3_23.lp,Sat,5.5647345,0.14260212,222394,633590,1876395
2947,Fun-sCOP (),./experiments/mbssp-control/lps/3/095.lp,Unknown,7.815403,,680772,1908938,5593888
2950,Picat-SAT,./experiments/mbssp-control/lps/3/095.lp,Sat,0.7171572,2.2831497,2091,18826,87425
2950,Picat-SAT,./experiments/mbkp-control/lps/3/3_23.lp,Sat,1.29853,0.05154791,10310,62407,241530
2951,SavileRow (GT),./experiments/mbssp-control/lps/3/096.lp,Timeout,,,,,
2951,SavileRow (GT),./experiments/mbkp-control/lps/3/4_23.lp,Sat,9.300418,0.28544685,63079,5467422,16368160
2952,SavileRow (SWC),./experiments/mbssp-control/lps/3/096.lp,Unknown,7.9986086,,1327586,13481214,37924476
2952,SavileRow (SWC),./experiments/mbkp-control/lps/3/4_23.lp,Sat,3.498287,0.30215135,945113,1854090,4602212
2953,SavileRow (BDD),./experiments/mbkp-control/lps/3/4_23.lp,Sat,2.990954,0.13058494,234568,453292,1129705
2953,SavileRow (BDD),./experiments/mbssp-control/lps/3/096.lp,Unknown,4.0880237,,246892,2408332,6735287
2954,SavileRow (GPW),./experiments/mbkp-control/lps/3/4_23.lp,Sat,2.2147315,0.013079876,21744,116719,328411
2954,SavileRow (GPW),./experiments/mbssp-control/lps/3/096.lp,Unknown,0.9780455,,11352,42827,110125
2956,SavileRow (GMTO),./experiments/mbssp-control/lps/3/096.lp,Unknown,1.5349889,,6282,22399,60635
2956,SavileRow (GMTO),./experiments/mbkp-control/lps/3/4_23.lp,Sat,2.2573738,0.33258224,19877,42488,122589
2957,Fun-sCOP (),./experiments/mbkp-control/lps/3/4_23.lp,Sat,5.302712,0.119272664,236994,676736,2005334
2957,Fun-sCOP (),./experiments/mbssp-control/lps/3/096.lp,Unknown,7.4602194,,624645,1753099,5139095
2960,Picat-SAT,./experiments/mbkp-control/lps/3/4_23.lp,Sat,1.4084873,0.02557254,10383,62930,242947
2960,Picat-SAT,./experiments/mbssp-control/lps/3/096.lp,Sat,0.6630138,1.3748021,2150,19344,89494
2961,SavileRow (GT),./experiments/mbkp-control/lps/3/1_24.lp,Sat,9.005824,0.28941143,62490,5133811,15367539
2961,SavileRow (GT),./experiments/mbssp-control/lps/3/097.lp,Timeout,,,,,
2962,SavileRow (SWC),./experiments/mbssp-control/lps/3/097.lp,Unknown,7.675481,,1309986,13298504,37415776
2962,SavileRow (SWC),./experiments/mbkp-control/lps/3/1_24.lp,Sat,4.0258226,0.2778286,945113,1854084,4602653
2963,SavileRow (BDD),./experiments/mbkp-control/lps/3/1_24.lp,Sat,2.5243995,0.11165148,223266,431308,1075258
2963,SavileRow (BDD),./experiments/mbssp-control/lps/3/097.lp,Unknown,4.6910396,,304276,2988547,8378243
2964,SavileRow (GPW),./experiments/mbkp-control/lps/3/1_24.lp,Sat,2.323268,0.015529567,21828,117304,330082
2964,SavileRow (GPW),./experiments/mbssp-control/lps/3/097.lp,Unknown,1.0307477,,11170,41971,107777
2966,SavileRow (GMTO),./experiments/mbssp-control/lps/3/097.lp,Unknown,1.4096676,,6320,22785,61675
2966,SavileRow (GMTO),./experiments/mbkp-control/lps/3/1_24.lp,Sat,2.2645452,0.37377158,19819,42757,123842
2967,Fun-sCOP (),./experiments/mbssp-control/lps/3/097.lp,Unknown,7.660619,,617341,1730617,5071147
2967,Fun-sCOP (),./experiments/mbkp-control/lps/3/1_24.lp,Sat,5.236211,0.10320161,226575,645779,1913437
2970,Picat-SAT,./experiments/mbssp-control/lps/3/097.lp,Sat,0.7238557,0.57511175,2134,19511,90810
2970,Picat-SAT,./experiments/mbkp-control/lps/3/1_24.lp,Sat,1.4111688,0.025983458,10331,62233,239884
2971,SavileRow (GT),./experiments/mbssp-control/lps/3/098.lp,Timeout,,,,,
2971,SavileRow (GT),./experiments/mbkp-control/lps/3/2_24.lp,Sat,8.508869,0.2900677,61975,5114070,15308535
2972,SavileRow (SWC),./experiments/mbssp-control/lps/3/098.lp,Unknown,8.493389,,1417126,14375844,40446666
2972,SavileRow (SWC),./experiments/mbkp-control/lps/3/2_24.lp,Sat,4.1658554,0.27753264,941193,1846403,4583572
2973,SavileRow (BDD),./experiments/mbkp-control/lps/3/2_24.lp,Sat,3.8322506,0.09345003,222553,429078,1069443
2973,SavileRow (BDD),./experiments/mbssp-control/lps/3/098.lp,Unknown,5.121667,,326863,3245875,9137205
2974,SavileRow (GPW),./experiments/mbssp-control/lps/3/098.lp,Unknown,1.0720608,,11746,44559,114649
2974,SavileRow (GPW),./experiments/mbkp-control/lps/3/2_24.lp,Sat,2.0088966,0.04248764,21790,117055,329373
2976,SavileRow (GMTO),./experiments/mbssp-control/lps/3/098.lp,Unknown,1.5430415,,6420,23764,64711
2976,SavileRow (GMTO),./experiments/mbkp-control/lps/3/2_24.lp,Sat,1.98385,0.45920396,19843,42537,122946
2977,Fun-sCOP (),./experiments/mbssp-control/lps/3/098.lp,Unknown,9.633354,,803068,2258148,6624170
2977,Fun-sCOP (),./experiments/mbkp-control/lps/3/2_24.lp,Sat,5.9543557,0.11350496,224186,638740,1892409
2980,Picat-SAT,./experiments/mbkp-control/lps/3/2_24.lp,Sat,1.506799,0.069703855,10359,62417,241663
2980,Picat-SAT,./experiments/mbssp-control/lps/3/098.lp,Sat,0.67095464,2.6811504,2210,20023,92908
2981,SavileRow (GT),./experiments/mbkp-control/lps/3/3_24.lp,Sat,9.300071,0.3089255,62147,5119028,15323359
2981,SavileRow (GT),./experiments/mbssp-control/lps/3/099.lp,Timeout,,,,,
2982,SavileRow (SWC),./experiments/mbkp-control/lps/3/3_24.lp,Sat,4.1605663,0.26968452,952757,1869063,4639826
2982,SavileRow (SWC),./experiments/mbssp-control/lps/3/099.lp,Unknown,8.468526,,1375326,13962134,39274776
2983,SavileRow (BDD),./experiments/mbkp-control/lps/3/3_24.lp,Sat,2.6745305,0.095483035,219010,422053,1051920
2983,SavileRow (BDD),./experiments/mbssp-control/lps/3/099.lp,Unknown,4.5353093,,262951,2511736,6968355
2984,SavileRow (GPW),./experiments/mbkp-control/lps/3/3_24.lp,Sat,2.1061144,0.040151633,21844,117789,331521
2984,SavileRow (GPW),./experiments/mbssp-control/lps/3/099.lp,Unknown,1.05403,,10776,39888,102168
2986,SavileRow (GMTO),./experiments/mbkp-control/lps/3/3_24.lp,Sat,2.1259675,0.46083245,19793,42649,123520
2986,SavileRow (GMTO),./experiments/mbssp-control/lps/3/099.lp,Unknown,1.5489054,,6278,22420,60626
2987,Fun-sCOP (),./experiments/mbssp-control/lps/3/099.lp,Unknown,8.439211,,713106,1997614,5851574
2987,Fun-sCOP (),./experiments/mbkp-control/lps/3/3_24.lp,Sat,4.9554663,0.10640623,221008,629000,1863043
2990,Picat-SAT,./experiments/mbkp-control/lps/3/3_24.lp,Sat,1.2163366,0.04899545,10310,62423,241586
2990,Picat-SAT,./experiments/mbssp-control/lps/3/099.lp,Sat,0.6897313,1.073323,2088,18566,85706
2991,SavileRow (GT),./experiments/mbssp-control/lps/3/100.lp,Timeout,,,,,
2991,SavileRow (GT),./experiments/mbkp-control/lps/3/4_24.lp,Sat,9.390711,0.2890202,63079,5343985,15997849
2992,SavileRow (SWC),./experiments/mbssp-control/lps/3/100.lp,Unknown,8.282366,,1332866,13531814,38068066
2992,SavileRow (SWC),./experiments/mbkp-control/lps/3/4_24.lp,Sat,3.417068,0.31579345,958147,1879626,4666052
2993,SavileRow (BDD),./experiments/mbssp-control/lps/3/100.lp,Unknown,4.6499753,,288119,2818853,7890883
2993,SavileRow (BDD),./experiments/mbkp-control/lps/3/4_24.lp,Sat,2.871319,0.100275904,233044,450046,1121923
2994,SavileRow (GPW),./experiments/mbkp-control/lps/3/4_24.lp,Sat,2.2041974,0.012234443,21746,116724,328424
2994,SavileRow (GPW),./experiments/mbssp-control/lps/3/100.lp,Unknown,1.1530961,,11315,42473,108936
2996,SavileRow (GMTO),./experiments/mbssp-control/lps/3/100.lp,Unknown,1.6182641,,6353,23210,62780
2996,SavileRow (GMTO),./experiments/mbkp-control/lps/3/4_24.lp,Sat,2.1797495,0.39148575,19923,42522,122569
2997,Fun-sCOP (),./experiments/mbkp-control/lps/3/4_24.lp,Sat,5.0694747,0.13134016,235466,671736,1990830
2997,Fun-sCOP (),./experiments/mbssp-control/lps/3/100.lp,Unknown,8.352658,,673024,1887018,5529598
3000,Picat-SAT,./experiments/mbkp-control/lps/3/4_24.lp,Sat,1.3138602,0.02536406,10383,62934,242942
3000,Picat-SAT,./experiments/mbssp-control/lps/3/100.lp,Sat,0.77045876,1.1327124,2135,19453,90515
